<?xml version='1.0' encoding='utf-8'?>
<gpx xmlns="http://www.topografix.com/GPX/1/1" xmlns:xsi="http://www.w3.org/2001/XMLSchema-instance" xsi:schemaLocation="http://www.topografix.com/GPX/1/1 http://www.topografix.com/GPX/1/1/gpx.xsd" creator="Amazfit T-Rex 3" version="1.1">
	<trk>
		<name>20260321 Походы на открытом воздухе</name>
		<trkseg>
			<trkpt lat="41.70074666" lon="70.09290766">
				<ele>896.96</ele>
				</trkpt>
			<trkpt lat="41.70079125" lon="70.0930706">
				<ele>896.14</ele>
				</trkpt>
			<trkpt lat="41.70079823" lon="70.0931629">
				<ele>895.79</ele>
				</trkpt>
			<trkpt lat="41.70077426" lon="70.0932272">
				<ele>895.59</ele>
				</trkpt>
			<trkpt lat="41.70080291" lon="70.0933335">
				<ele>895.11</ele>
				</trkpt>
			<trkpt lat="41.70071431" lon="70.09348078">
				<ele>895.12</ele>
				</trkpt>
			<trkpt lat="41.70063043" lon="70.09376567">
				<ele>894.5</ele>
				</trkpt>
			<trkpt lat="41.70062612" lon="70.09385896">
				<ele>893.9</ele>
				</trkpt>
			<trkpt lat="41.70064843" lon="70.09387561">
				<ele>893.9</ele>
				</trkpt>
			<trkpt lat="41.70066805" lon="70.09392622">
				<ele>893.87</ele>
				</trkpt>
			<trkpt lat="41.7006401" lon="70.09392091">
				<ele>894.33</ele>
				</trkpt>
			<trkpt lat="41.70054358" lon="70.09402475">
				<ele>895.55</ele>
				</trkpt>
			<trkpt lat="41.70048297" lon="70.09405071">
				<ele>896.42</ele>
				</trkpt>
			<trkpt lat="41.70038803" lon="70.09414664">
				<ele>897.41</ele>
				</trkpt>
			<trkpt lat="41.70026841" lon="70.09418358">
				<ele>919.57</ele>
				</trkpt>
			<trkpt lat="41.70024846" lon="70.09427953">
				<ele>904.03</ele>
				</trkpt>
			<trkpt lat="41.70019852" lon="70.09434248">
				<ele>904.93</ele>
				</trkpt>
			<trkpt lat="41.70012131" lon="70.09456171">
				<ele>907.18</ele>
				</trkpt>
			<trkpt lat="41.70005039" lon="70.09466164">
				<ele>908.82</ele>
				</trkpt>
			<trkpt lat="41.70002344" lon="70.09474593">
				<ele>909.41</ele>
				</trkpt>
			<trkpt lat="41.69994484" lon="70.09482088">
				<ele>910.71</ele>
				</trkpt>
			<trkpt lat="41.6999142" lon="70.09488686">
				<ele>911.45</ele>
				</trkpt>
			<trkpt lat="41.69990623" lon="70.09494884">
				<ele>911.93</ele>
				</trkpt>
			<trkpt lat="41.69992319" lon="70.09500816">
				<ele>912.67</ele>
				</trkpt>
			<trkpt lat="41.69991258" lon="70.09517206">
				<ele>914.67</ele>
				</trkpt>
			<trkpt lat="41.69992789" lon="70.09521703">
				<ele>915.13</ele>
				</trkpt>
			<trkpt lat="41.69989494" lon="70.09527632">
				<ele>915.82</ele>
				</trkpt>
			<trkpt lat="41.69988396" lon="70.09537758">
				<ele>918.26</ele>
				</trkpt>
			<trkpt lat="41.69979609" lon="70.09549814">
				<ele>920.69</ele>
				</trkpt>
			<trkpt lat="41.69975419" lon="70.09571201">
				<ele>923.47</ele>
				</trkpt>
			<trkpt lat="41.69977981" lon="70.09579398">
				<ele>923.92</ele>
				</trkpt>
			<trkpt lat="41.69981935" lon="70.09604889">
				<ele>926.36</ele>
				</trkpt>
			<trkpt lat="41.69979039" lon="70.09611452">
				<ele>927.11</ele>
				</trkpt>
			<trkpt lat="41.6997884" lon="70.09620916">
				<ele>928.46</ele>
				</trkpt>
			<trkpt lat="41.69963959" lon="70.09657833">
				<ele>933.47</ele>
				</trkpt>
			<trkpt lat="41.69960029" lon="70.09660931">
				<ele>933.87</ele>
				</trkpt>
			<trkpt lat="41.69955735" lon="70.09667959">
				<ele>935.07</ele>
				</trkpt>
			<trkpt lat="41.69944573" lon="70.09676851">
				<ele>936.97</ele>
				</trkpt>
			<trkpt lat="41.69936278" lon="70.09686446">
				<ele>938.23</ele>
				</trkpt>
			<trkpt lat="41.69926791" lon="70.09709436">
				<ele>940.77</ele>
				</trkpt>
			<trkpt lat="41.69908902" lon="70.09726656">
				<ele>943.62</ele>
				</trkpt>
			<trkpt lat="41.69891883" lon="70.09738512">
				<ele>946.22</ele>
				</trkpt>
			<trkpt lat="41.6988622" lon="70.09740275">
				<ele>947.39</ele>
				</trkpt>
			<trkpt lat="41.69879626" lon="70.09746702">
				<ele>948.9</ele>
				</trkpt>
			<trkpt lat="41.69866033" lon="70.09751459">
				<ele>951.61</ele>
				</trkpt>
			<trkpt lat="41.69859872" lon="70.09750229">
				<ele>952.21</ele>
				</trkpt>
			<trkpt lat="41.69851678" lon="70.0975156">
				<ele>953.04</ele>
				</trkpt>
			<trkpt lat="41.69831431" lon="70.09770679">
				<ele>956.67</ele>
				</trkpt>
			<trkpt lat="41.69816975" lon="70.09791065">
				<ele>959.38</ele>
				</trkpt>
			<trkpt lat="41.69791092" lon="70.09808014">
				<ele>963.74</ele>
				</trkpt>
			<trkpt lat="41.69779733" lon="70.09813173">
				<ele>965.42</ele>
				</trkpt>
			<trkpt lat="41.69773438" lon="70.09813569">
				<ele>966.62</ele>
				</trkpt>
			<trkpt lat="41.6976598" lon="70.09824763">
				<ele>968.43</ele>
				</trkpt>
			<trkpt lat="41.69752356" lon="70.0983119">
				<ele>970.26</ele>
				</trkpt>
			<trkpt lat="41.69744797" lon="70.09843748">
				<ele>972.05</ele>
				</trkpt>
			<trkpt lat="41.69732874" lon="70.09853405">
				<ele>974.03</ele>
				</trkpt>
			<trkpt lat="41.69726616" lon="70.09870127">
				<ele>975.97</ele>
				</trkpt>
			<trkpt lat="41.69726483" lon="70.09877723">
				<ele>976.78</ele>
				</trkpt>
			<trkpt lat="41.69724354" lon="70.09884553">
				<ele>977.46</ele>
				</trkpt>
			<trkpt lat="41.69718062" lon="70.09897712">
				<ele>979.11</ele>
				</trkpt>
			<trkpt lat="41.69710272" lon="70.09906938">
				<ele>980.97</ele>
				</trkpt>
			<trkpt lat="41.69702248" lon="70.09923496">
				<ele>983.3</ele>
				</trkpt>
			<trkpt lat="41.69700854" lon="70.09930425">
				<ele>984.28</ele>
				</trkpt>
			<trkpt lat="41.69690369" lon="70.09947812">
				<ele>986.86</ele>
				</trkpt>
			<trkpt lat="41.69692699" lon="70.09950942">
				<ele>986.97</ele>
				</trkpt>
			<trkpt lat="41.69693865" lon="70.09979692">
				<ele>989.53</ele>
				</trkpt>
			<trkpt lat="41.6969686" lon="70.09990087">
				<ele>990.4</ele>
				</trkpt>
			<trkpt lat="41.69695031" lon="70.09999417">
				<ele>991.96</ele>
				</trkpt>
			<trkpt lat="41.69687871" lon="70.10011342">
				<ele>993.75</ele>
				</trkpt>
			<trkpt lat="41.6968734" lon="70.10018573">
				<ele>994.4</ele>
				</trkpt>
			<trkpt lat="41.69681814" lon="70.10031301">
				<ele>995.85</ele>
				</trkpt>
			<trkpt lat="41.69683574" lon="70.10046623">
				<ele>997.79</ele>
				</trkpt>
			<trkpt lat="41.69683673" lon="70.10045199">
				<ele>997.99</ele>
				</trkpt>
			<trkpt lat="41.69682947" lon="70.10061821">
				<ele>1000.93</ele>
				</trkpt>
			<trkpt lat="41.69687073" lon="70.10072383">
				<ele>1004.59</ele>
				</trkpt>
			<trkpt lat="41.69680549" lon="70.10077877">
				<ele>1005.62</ele>
				</trkpt>
			<trkpt lat="41.69686509" lon="70.1007738">
				<ele>1006.69</ele>
				</trkpt>
			<trkpt lat="41.6968874" lon="70.10084372">
				<ele>1009.04</ele>
				</trkpt>
			<trkpt lat="41.6968658" lon="70.1009633">
				<ele>1012.24</ele>
				</trkpt>
			<trkpt lat="41.69677622" lon="70.1010802">
				<ele>1013.78</ele>
				</trkpt>
			<trkpt lat="41.69667107" lon="70.10138138">
				<ele>1019.19</ele>
				</trkpt>
			<trkpt lat="41.69662079" lon="70.10160364">
				<ele>1022.57</ele>
				</trkpt>
			<trkpt lat="41.69656586" lon="70.1016799">
				<ele>1023.55</ele>
				</trkpt>
			<trkpt lat="41.69655456" lon="70.10172486">
				<ele>1023.8</ele>
				</trkpt>
			<trkpt lat="41.6965267" lon="70.10199173">
				<ele>1027.24</ele>
				</trkpt>
			<trkpt lat="41.69653298" lon="70.10214631">
				<ele>1029.89</ele>
				</trkpt>
			<trkpt lat="41.69649481" lon="70.10245112">
				<ele>1034.93</ele>
				</trkpt>
			<trkpt lat="41.69644821" lon="70.10259705">
				<ele>1038.11</ele>
				</trkpt>
			<trkpt lat="41.69644423" lon="70.10269067">
				<ele>1040.08</ele>
				</trkpt>
			<trkpt lat="41.6964146" lon="70.10274962">
				<ele>1041.63</ele>
				</trkpt>
			<trkpt lat="41.69640099" lon="70.10284625">
				<ele>1043.21</ele>
				</trkpt>
			<trkpt lat="41.6964126" lon="70.10298218">
				<ele>1045.61</ele>
				</trkpt>
			<trkpt lat="41.69637176" lon="70.10328098">
				<ele>1051.55</ele>
				</trkpt>
			<trkpt lat="41.69637275" lon="70.10338926">
				<ele>1053.22</ele>
				</trkpt>
			<trkpt lat="41.69631515" lon="70.10350318">
				<ele>1056.6</ele>
				</trkpt>
			<trkpt lat="41.69636841" lon="70.10356278">
				<ele>1060.06</ele>
				</trkpt>
			<trkpt lat="41.69635743" lon="70.10362975">
				<ele>1061.41</ele>
				</trkpt>
			<trkpt lat="41.69630818" lon="70.10367137">
				<ele>1063.09</ele>
				</trkpt>
			<trkpt lat="41.6963561" lon="70.10373265">
				<ele>1063.91</ele>
				</trkpt>
			<trkpt lat="41.69641997" lon="70.10391619">
				<ele>1069.98</ele>
				</trkpt>
			<trkpt lat="41.69642724" lon="70.10409172">
				<ele>1072.2</ele>
				</trkpt>
			<trkpt lat="41.69640395" lon="70.10418634">
				<ele>1072.57</ele>
				</trkpt>
			<trkpt lat="41.69633665" lon="70.10425695">
				<ele>1072.9</ele>
				</trkpt>
			<trkpt lat="41.69632435" lon="70.10432592">
				<ele>1073.61</ele>
				</trkpt>
			<trkpt lat="41.69627809" lon="70.10442884">
				<ele>1075.19</ele>
				</trkpt>
			<trkpt lat="41.696314" lon="70.10462536">
				<ele>1079.84</ele>
				</trkpt>
			<trkpt lat="41.6962927" lon="70.10473496">
				<ele>1082.81</ele>
				</trkpt>
			<trkpt lat="41.69624778" lon="70.10482453">
				<ele>1085.93</ele>
				</trkpt>
			<trkpt lat="41.6961622" lon="70.10485316">
				<ele>1087.25</ele>
				</trkpt>
			<trkpt lat="41.69612591" lon="70.1049251">
				<ele>1089.83</ele>
				</trkpt>
			<trkpt lat="41.69612162" lon="70.1049115">
				<ele>1091.31</ele>
				</trkpt>
			<trkpt lat="41.69611165" lon="70.10492178">
				<ele>1091.66</ele>
				</trkpt>
			<trkpt lat="41.69611765" lon="70.10497839">
				<ele>1094.07</ele>
				</trkpt>
			<trkpt lat="41.69605943" lon="70.10510396">
				<ele>1092.82</ele>
				</trkpt>
			<trkpt lat="41.6960684" lon="70.10518888">
				<ele>1093.61</ele>
				</trkpt>
			<trkpt lat="41.6960268" lon="70.10518853">
				<ele>1093.59</ele>
				</trkpt>
			<trkpt lat="41.6960025" lon="70.10526847">
				<ele>1093.17</ele>
				</trkpt>
			<trkpt lat="41.6959083" lon="70.10538165">
				<ele>1095.93</ele>
				</trkpt>
			<trkpt lat="41.69590764" lon="70.10540863">
				<ele>1096.47</ele>
				</trkpt>
			<trkpt lat="41.69583669" lon="70.10544226">
				<ele>1097.14</ele>
				</trkpt>
			<trkpt lat="41.69576885" lon="70.10553612">
				<ele>1101.85</ele>
				</trkpt>
			<trkpt lat="41.69573659" lon="70.10552984">
				<ele>1105.56</ele>
				</trkpt>
			<trkpt lat="41.69566337" lon="70.10557045">
				<ele>1107.55</ele>
				</trkpt>
			<trkpt lat="41.69565208" lon="70.10541419">
				<ele>1107.77</ele>
				</trkpt>
			<trkpt lat="41.69561511" lon="70.10535756">
				<ele>1109.85</ele>
				</trkpt>
			<trkpt lat="41.69559513" lon="70.10535523">
				<ele>1111.23</ele>
				</trkpt>
			<trkpt lat="41.69556819" lon="70.10551647">
				<ele>1116.84</ele>
				</trkpt>
			<trkpt lat="41.69561472" lon="70.10564431">
				<ele>1113.49</ele>
				</trkpt>
			<trkpt lat="41.69553059" lon="70.10543686">
				<ele>1117.53</ele>
				</trkpt>
			<trkpt lat="41.69550369" lon="70.10541493">
				<ele>1119.76</ele>
				</trkpt>
			<trkpt lat="41.695327" lon="70.10535112">
				<ele>1131.35</ele>
				</trkpt>
			<trkpt lat="41.69529939" lon="70.10537969">
				<ele>1135.53</ele>
				</trkpt>
			<trkpt lat="41.69527643" lon="70.10537138">
				<ele>1136.75</ele>
				</trkpt>
			<trkpt lat="41.69525382" lon="70.10542564">
				<ele>1139.5</ele>
				</trkpt>
			<trkpt lat="41.6952515" lon="70.10540946">
				<ele>1141.31</ele>
				</trkpt>
			<trkpt lat="41.69523653" lon="70.10543243">
				<ele>1141.39</ele>
				</trkpt>
			<trkpt lat="41.69518096" lon="70.10542842">
				<ele>1145.45</ele>
				</trkpt>
			<trkpt lat="41.69516402" lon="70.10552765">
				<ele>1149.73</ele>
				</trkpt>
			<trkpt lat="41.69517933" lon="70.10556662">
				<ele>1150.94</ele>
				</trkpt>
			<trkpt lat="41.6952129" lon="70.10559123">
				<ele>1152.96</ele>
				</trkpt>
			<trkpt lat="41.69514635" lon="70.1056628">
				<ele>1157.22</ele>
				</trkpt>
			<trkpt lat="41.69511214" lon="70.1057537">
				<ele>1162.8</ele>
				</trkpt>
			<trkpt lat="41.69508192" lon="70.10576337">
				<ele>1165.38</ele>
				</trkpt>
			<trkpt lat="41.69508391" lon="70.10583861">
				<ele>1167.18</ele>
				</trkpt>
			<trkpt lat="41.69510621" lon="70.10591523">
				<ele>1168.92</ele>
				</trkpt>
			<trkpt lat="41.69506494" lon="70.10597351">
				<ele>1170.68</ele>
				</trkpt>
			<trkpt lat="41.69499436" lon="70.10600013">
				<ele>1175.41</ele>
				</trkpt>
			<trkpt lat="41.69495045" lon="70.10607146">
				<ele>1177.21</ele>
				</trkpt>
			<trkpt lat="41.69495009" lon="70.10613401">
				<ele>1177.24</ele>
				</trkpt>
			<trkpt lat="41.69489617" lon="70.10627895">
				<ele>1176.55</ele>
				</trkpt>
			<trkpt lat="41.69484987" lon="70.10629559">
				<ele>1177.16</ele>
				</trkpt>
			<trkpt lat="41.69484953" lon="70.10632712">
				<ele>1176.74</ele>
				</trkpt>
			<trkpt lat="41.69484226" lon="70.1062906">
				<ele>1177.63</ele>
				</trkpt>
			<trkpt lat="41.69486947" lon="70.10629426">
				<ele>1177.79</ele>
				</trkpt>
			<trkpt lat="41.69471397" lon="70.10643877">
				<ele>1176.73</ele>
				</trkpt>
			<trkpt lat="41.69464343" lon="70.10655367">
				<ele>1177.58</ele>
				</trkpt>
			<trkpt lat="41.69459316" lon="70.10660327">
				<ele>1177.47</ele>
				</trkpt>
			<trkpt lat="41.69460841" lon="70.10660955">
				<ele>1177.18</ele>
				</trkpt>
			<trkpt lat="41.69453423" lon="70.10666941">
				<ele>1176.16</ele>
				</trkpt>
			<trkpt lat="41.69454718" lon="70.10673403">
				<ele>1176.42</ele>
				</trkpt>
			<trkpt lat="41.69460073" lon="70.10676027">
				<ele>1179.59</ele>
				</trkpt>
			<trkpt lat="41.69462536" lon="70.10681523">
				<ele>1181.91</ele>
				</trkpt>
			<trkpt lat="41.69458083" lon="70.10689108">
				<ele>1187.75</ele>
				</trkpt>
			<trkpt lat="41.69458312" lon="70.10697635">
				<ele>1189.44</ele>
				</trkpt>
			<trkpt lat="41.69454688" lon="70.10702364">
				<ele>1191.52</ele>
				</trkpt>
			<trkpt lat="41.69456351" lon="70.1070749">
				<ele>1192.05</ele>
				</trkpt>
			<trkpt lat="41.69453557" lon="70.10707526">
				<ele>1193.32</ele>
				</trkpt>
			<trkpt lat="41.69455287" lon="70.10708822">
				<ele>1192.84</ele>
				</trkpt>
			<trkpt lat="41.69452731" lon="70.10708655">
				<ele>1193.12</ele>
				</trkpt>
			<trkpt lat="41.69451901" lon="70.10710618">
				<ele>1193.87</ele>
				</trkpt>
			<trkpt lat="41.69453898" lon="70.10708389">
				<ele>1193.72</ele>
				</trkpt>
			<trkpt lat="41.69457061" lon="70.10708887">
				<ele>1192.71</ele>
				</trkpt>
			<trkpt lat="41.69462053" lon="70.10714977">
				<ele>1188.01</ele>
				</trkpt>
			<trkpt lat="41.69462585" lon="70.10719006">
				<ele>1185.74</ele>
				</trkpt>
			<trkpt lat="41.69457262" lon="70.10732064">
				<ele>1180.6</ele>
				</trkpt>
			<trkpt lat="41.6944854" lon="70.10743785">
				<ele>1180.26</ele>
				</trkpt>
			<trkpt lat="41.69448241" lon="70.1075028">
				<ele>1179.55</ele>
				</trkpt>
			<trkpt lat="41.69450205" lon="70.10753012">
				<ele>1177.91</ele>
				</trkpt>
			<trkpt lat="41.6945067" lon="70.10757242">
				<ele>1175.57</ele>
				</trkpt>
			<trkpt lat="41.69456364" lon="70.10759703">
				<ele>1170.44</ele>
				</trkpt>
			<trkpt lat="41.69479141" lon="70.10757742">
				<ele>1161.66</ele>
				</trkpt>
			<trkpt lat="41.69481037" lon="70.10754546">
				<ele>1161.6</ele>
				</trkpt>
			<trkpt lat="41.69483398" lon="70.10754246">
				<ele>1159.58</ele>
				</trkpt>
			<trkpt lat="41.69473777" lon="70.10760869">
				<ele>1163.11</ele>
				</trkpt>
			<trkpt lat="41.69470689" lon="70.10758614">
				<ele>1163.18</ele>
				</trkpt>
			<trkpt lat="41.69463729" lon="70.10760941">
				<ele>1164.21</ele>
				</trkpt>
			<trkpt lat="41.69453437" lon="70.10767532">
				<ele>1166.8</ele>
				</trkpt>
			<trkpt lat="41.69439093" lon="70.10780616">
				<ele>1172.84</ele>
				</trkpt>
			<trkpt lat="41.694352" lon="70.10791542">
				<ele>1174.32</ele>
				</trkpt>
			<trkpt lat="41.69429538" lon="70.10800004">
				<ele>1175.19</ele>
				</trkpt>
			<trkpt lat="41.69424042" lon="70.108043">
				<ele>1175.3</ele>
				</trkpt>
			<trkpt lat="41.69423476" lon="70.10806596">
				<ele>1175.27</ele>
				</trkpt>
			<trkpt lat="41.69413982" lon="70.10812287">
				<ele>1175.86</ele>
				</trkpt>
			<trkpt lat="41.69419441" lon="70.10822578">
				<ele>1180.41</ele>
				</trkpt>
			<trkpt lat="41.6941771" lon="70.10827274">
				<ele>1182.02</ele>
				</trkpt>
			<trkpt lat="41.69396232" lon="70.10841489">
				<ele>1187.96</ele>
				</trkpt>
			<trkpt lat="41.69393172" lon="70.10846684">
				<ele>1189.98</ele>
				</trkpt>
			<trkpt lat="41.6938831" lon="70.10849047">
				<ele>1190.98</ele>
				</trkpt>
			<trkpt lat="41.6938175" lon="70.10855206">
				<ele>1193.07</ele>
				</trkpt>
			<trkpt lat="41.69380319" lon="70.10858603">
				<ele>1194.28</ele>
				</trkpt>
			<trkpt lat="41.69377087" lon="70.10858071">
				<ele>1195.63</ele>
				</trkpt>
			<trkpt lat="41.69375359" lon="70.10863267">
				<ele>1197.05</ele>
				</trkpt>
			<trkpt lat="41.69370571" lon="70.10868256">
				<ele>1199.65</ele>
				</trkpt>
			<trkpt lat="41.69360978" lon="70.10873982">
				<ele>1201.4</ele>
				</trkpt>
			<trkpt lat="41.69358748" lon="70.10877646">
				<ele>1202.46</ele>
				</trkpt>
			<trkpt lat="41.69349788" lon="70.10883172">
				<ele>1205.36</ele>
				</trkpt>
			<trkpt lat="41.69344826" lon="70.10889266">
				<ele>1207.29</ele>
				</trkpt>
			<trkpt lat="41.69344958" lon="70.10900325">
				<ele>1209.84</ele>
				</trkpt>
			<trkpt lat="41.69341165" lon="70.1090825">
				<ele>1210.5</ele>
				</trkpt>
			<trkpt lat="41.6933234" lon="70.10918809">
				<ele>1211.71</ele>
				</trkpt>
			<trkpt lat="41.6933068" lon="70.10923867">
				<ele>1213.14</ele>
				</trkpt>
			<trkpt lat="41.69332476" lon="70.10923867">
				<ele>1213.65</ele>
				</trkpt>
			<trkpt lat="41.6933773" lon="70.10929788">
				<ele>1218.03</ele>
				</trkpt>
			<trkpt lat="41.69334936" lon="70.10935282">
				<ele>1218.91</ele>
				</trkpt>
			<trkpt lat="41.69333108" lon="70.1094384">
				<ele>1221.13</ele>
				</trkpt>
			<trkpt lat="41.69322431" lon="70.10961886">
				<ele>1226.97</ele>
				</trkpt>
			<trkpt lat="41.6932253" lon="70.10964649">
				<ele>1227.19</ele>
				</trkpt>
			<trkpt lat="41.69318306" lon="70.10974611">
				<ele>1229.77</ele>
				</trkpt>
			<trkpt lat="41.69319766" lon="70.1097937">
				<ele>1233.05</ele>
				</trkpt>
			<trkpt lat="41.6931927" lon="70.10978345">
				<ele>1233.08</ele>
				</trkpt>
			<trkpt lat="41.6931937" lon="70.10980208">
				<ele>1233.07</ele>
				</trkpt>
			<trkpt lat="41.69316641" lon="70.10982307">
				<ele>1234.09</ele>
				</trkpt>
			<trkpt lat="41.69317304" lon="70.10985999">
				<ele>1234.82</ele>
				</trkpt>
			<trkpt lat="41.69315451" lon="70.10987199">
				<ele>1235.51</ele>
				</trkpt>
			<trkpt lat="41.69315022" lon="70.10990694">
				<ele>1235.55</ele>
				</trkpt>
			<trkpt lat="41.69316584" lon="70.10994357">
				<ele>1236.77</ele>
				</trkpt>
			<trkpt lat="41.69313892" lon="70.11006448">
				<ele>1240.35</ele>
				</trkpt>
			<trkpt lat="41.69308635" lon="70.11011842">
				<ele>1244.34</ele>
				</trkpt>
			<trkpt lat="41.69309632" lon="70.11024733">
				<ele>1245.62</ele>
				</trkpt>
			<trkpt lat="41.69307144" lon="70.11035217">
				<ele>1248.72</ele>
				</trkpt>
			<trkpt lat="41.69310898" lon="70.11045239">
				<ele>1251.04</ele>
				</trkpt>
			<trkpt lat="41.6930914" lon="70.11061693">
				<ele>1253.55</ele>
				</trkpt>
			<trkpt lat="41.69303452" lon="70.11072716">
				<ele>1255.65</ele>
				</trkpt>
			<trkpt lat="41.6930159" lon="70.11080612">
				<ele>1257.0</ele>
				</trkpt>
			<trkpt lat="41.69297363" lon="70.11087341">
				<ele>1258.07</ele>
				</trkpt>
			<trkpt lat="41.69291624" lon="70.11112346">
				<ele>1261.83</ele>
				</trkpt>
			<trkpt lat="41.69285571" lon="70.11109952">
				<ele>1261.6</ele>
				</trkpt>
			<trkpt lat="41.69284238" lon="70.11101996">
				<ele>1261.21</ele>
				</trkpt>
			<trkpt lat="41.6927722" lon="70.11113479">
				<ele>1262.46</ele>
				</trkpt>
			<trkpt lat="41.69276188" lon="70.11119577">
				<ele>1262.5</ele>
				</trkpt>
			<trkpt lat="41.69278053" lon="70.11128239">
				<ele>1262.84</ele>
				</trkpt>
			<trkpt lat="41.6928618" lon="70.11136395">
				<ele>1263.32</ele>
				</trkpt>
			<trkpt lat="41.6928502" lon="70.11133571">
				<ele>1262.69</ele>
				</trkpt>
			<trkpt lat="41.69285581" lon="70.11139262">
				<ele>1263.44</ele>
				</trkpt>
			<trkpt lat="41.69278586" lon="70.11144954">
				<ele>1266.45</ele>
				</trkpt>
			<trkpt lat="41.69279318" lon="70.11151951">
				<ele>1267.52</ele>
				</trkpt>
			<trkpt lat="41.69282743" lon="70.11160569">
				<ele>1270.21</ele>
				</trkpt>
			<trkpt lat="41.69282745" lon="70.11166465">
				<ele>1271.12</ele>
				</trkpt>
			<trkpt lat="41.69280616" lon="70.11167265">
				<ele>1271.12</ele>
				</trkpt>
			<trkpt lat="41.69274628" lon="70.11187116">
				<ele>1272.53</ele>
				</trkpt>
			<trkpt lat="41.69277058" lon="70.11188647">
				<ele>1273.21</ele>
				</trkpt>
			<trkpt lat="41.69279087" lon="70.11193742">
				<ele>1275.07</ele>
				</trkpt>
			<trkpt lat="41.69282815" lon="70.11190046">
				<ele>1277.74</ele>
				</trkpt>
			<trkpt lat="41.69286575" lon="70.11190877">
				<ele>1279.66</ele>
				</trkpt>
			<trkpt lat="41.69291267" lon="70.11198298">
				<ele>1282.21</ele>
				</trkpt>
			<trkpt lat="41.69294693" lon="70.1121082">
				<ele>1285.83</ele>
				</trkpt>
			<trkpt lat="41.69299749" lon="70.11221543">
				<ele>1289.28</ele>
				</trkpt>
			<trkpt lat="41.69300877" lon="70.11248919">
				<ele>1294.28</ele>
				</trkpt>
			<trkpt lat="41.69304535" lon="70.11255881">
				<ele>1296.27</ele>
				</trkpt>
			<trkpt lat="41.69319415" lon="70.11272866">
				<ele>1302.71</ele>
				</trkpt>
			<trkpt lat="41.69319849" lon="70.11280793">
				<ele>1304.19</ele>
				</trkpt>
			<trkpt lat="41.69322306" lon="70.11280263">
				<ele>1304.44</ele>
				</trkpt>
			<trkpt lat="41.69324565" lon="70.11285318">
				<ele>1304.94</ele>
				</trkpt>
			<trkpt lat="41.69320113" lon="70.11290667">
				<ele>1303.47</ele>
				</trkpt>
			<trkpt lat="41.69314318" lon="70.11292599">
				<ele>1305.87</ele>
				</trkpt>
			<trkpt lat="41.69313915" lon="70.11298656">
				<ele>1307.2</ele>
				</trkpt>
			<trkpt lat="41.69309222" lon="70.11301853">
				<ele>1307.74</ele>
				</trkpt>
			<trkpt lat="41.69296103" lon="70.11327538">
				<ele>1310.47</ele>
				</trkpt>
			<trkpt lat="41.69290685" lon="70.11348022">
				<ele>1314.23</ele>
				</trkpt>
			<trkpt lat="41.69284694" lon="70.11352681">
				<ele>1314.48</ele>
				</trkpt>
			<trkpt lat="41.692837" lon="70.11363004">
				<ele>1316.05</ele>
				</trkpt>
			<trkpt lat="41.69276087" lon="70.11372318">
				<ele>1317.1</ele>
				</trkpt>
			<trkpt lat="41.69273063" lon="70.1138784">
				<ele>1318.31</ele>
				</trkpt>
			<trkpt lat="41.69277849" lon="70.11407616">
				<ele>1324.43</ele>
				</trkpt>
			<trkpt lat="41.69275856" lon="70.11427233">
				<ele>1329.1</ele>
				</trkpt>
			<trkpt lat="41.69272459" lon="70.11432925">
				<ele>1331.48</ele>
				</trkpt>
			<trkpt lat="41.69268803" lon="70.11433994">
				<ele>1333.94</ele>
				</trkpt>
			<trkpt lat="41.69265806" lon="70.11437357">
				<ele>1334.68</ele>
				</trkpt>
			<trkpt lat="41.69264376" lon="70.11442654">
				<ele>1335.98</ele>
				</trkpt>
			<trkpt lat="41.69263979" lon="70.11456512">
				<ele>1340.31</ele>
				</trkpt>
			<trkpt lat="41.6926185" lon="70.11462239">
				<ele>1342.68</ele>
				</trkpt>
			<trkpt lat="41.69259189" lon="70.11463605">
				<ele>1345.74</ele>
				</trkpt>
			<trkpt lat="41.6925962" lon="70.11466168">
				<ele>1345.92</ele>
				</trkpt>
			<trkpt lat="41.69257927" lon="70.11469928">
				<ele>1347.94</ele>
				</trkpt>
			<trkpt lat="41.69260356" lon="70.1147732">
				<ele>1350.27</ele>
				</trkpt>
			<trkpt lat="41.69256268" lon="70.11487311">
				<ele>1355.1</ele>
				</trkpt>
			<trkpt lat="41.69250743" lon="70.11493837">
				<ele>1358.21</ele>
				</trkpt>
			<trkpt lat="41.69250143" lon="70.114983">
				<ele>1361.18</ele>
				</trkpt>
			<trkpt lat="41.69246412" lon="70.11503762">
				<ele>1362.99</ele>
				</trkpt>
			<trkpt lat="41.69239794" lon="70.11510524">
				<ele>1368.0</ele>
				</trkpt>
			<trkpt lat="41.69238105" lon="70.11516172">
				<ele>1371.98</ele>
				</trkpt>
			<trkpt lat="41.69239261" lon="70.11515379">
				<ele>1372.1</ele>
				</trkpt>
			<trkpt lat="41.69238469" lon="70.11517001">
				<ele>1372.19</ele>
				</trkpt>
			<trkpt lat="41.69239864" lon="70.11518035">
				<ele>1373.22</ele>
				</trkpt>
			<trkpt lat="41.69237004" lon="70.11523871">
				<ele>1377.54</ele>
				</trkpt>
			<trkpt lat="41.69225053" lon="70.11529324">
				<ele>1383.94</ele>
				</trkpt>
			<trkpt lat="41.69225781" lon="70.11535485">
				<ele>1387.35</ele>
				</trkpt>
			<trkpt lat="41.69223157" lon="70.11536917">
				<ele>1390.36</ele>
				</trkpt>
			<trkpt lat="41.69222759" lon="70.11539642">
				<ele>1391.73</ele>
				</trkpt>
			<trkpt lat="41.69217873" lon="70.11538319">
				<ele>1395.58</ele>
				</trkpt>
			<trkpt lat="41.6921967" lon="70.11544113">
				<ele>1396.59</ele>
				</trkpt>
			<trkpt lat="41.69217577" lon="70.11548472">
				<ele>1399.74</ele>
				</trkpt>
			<trkpt lat="41.69216023" lon="70.11547409">
				<ele>1401.18</ele>
				</trkpt>
			<trkpt lat="41.69213161" lon="70.1155187">
				<ele>1403.02</ele>
				</trkpt>
			<trkpt lat="41.69213958" lon="70.11558161">
				<ele>1405.42</ele>
				</trkpt>
			<trkpt lat="41.69211898" lon="70.11564723">
				<ele>1408.64</ele>
				</trkpt>
			<trkpt lat="41.69206542" lon="70.11566453">
				<ele>1412.65</ele>
				</trkpt>
			<trkpt lat="41.69202949" lon="70.11572779">
				<ele>1415.07</ele>
				</trkpt>
			<trkpt lat="41.69198655" lon="70.11569791">
				<ele>1418.57</ele>
				</trkpt>
			<trkpt lat="41.69196727" lon="70.11573984">
				<ele>1422.84</ele>
				</trkpt>
			<trkpt lat="41.69188084" lon="70.11559007">
				<ele>1431.09</ele>
				</trkpt>
			<trkpt lat="41.69190346" lon="70.11564403">
				<ele>1431.2</ele>
				</trkpt>
			<trkpt lat="41.69188486" lon="70.11575894">
				<ele>1436.21</ele>
				</trkpt>
			<trkpt lat="41.69186823" lon="70.1157839">
				<ele>1438.17</ele>
				</trkpt>
			<trkpt lat="41.69192577" lon="70.11582479">
				<ele>1438.9</ele>
				</trkpt>
			<trkpt lat="41.69190251" lon="70.11584408">
				<ele>1438.89</ele>
				</trkpt>
			<trkpt lat="41.69186926" lon="70.11591806">
				<ele>1439.91</ele>
				</trkpt>
			<trkpt lat="41.69189087" lon="70.11597336">
				<ele>1440.39</ele>
				</trkpt>
			<trkpt lat="41.6919295" lon="70.115977">
				<ele>1442.39</ele>
				</trkpt>
			<trkpt lat="41.69191023" lon="70.11602794">
				<ele>1442.92</ele>
				</trkpt>
			<trkpt lat="41.69199709" lon="70.1161805">
				<ele>1447.69</ele>
				</trkpt>
			<trkpt lat="41.69198549" lon="70.1161912">
				<ele>1450.09</ele>
				</trkpt>
			<trkpt lat="41.69200271" lon="70.11620288">
				<ele>1450.11</ele>
				</trkpt>
			<trkpt lat="41.69200272" lon="70.11622182">
				<ele>1450.75</ele>
				</trkpt>
			<trkpt lat="41.69197092" lon="70.11616301">
				<ele>1449.54</ele>
				</trkpt>
			<trkpt lat="41.69199382" lon="70.11618593">
				<ele>1450.33</ele>
				</trkpt>
			<trkpt lat="41.69200976" lon="70.11631786">
				<ele>1452.45</ele>
				</trkpt>
			<trkpt lat="41.6919768" lon="70.11639746">
				<ele>1455.56</ele>
				</trkpt>
			<trkpt lat="41.69198675" lon="70.1164734">
				<ele>1458.03</ele>
				</trkpt>
			<trkpt lat="41.69197379" lon="70.11646313">
				<ele>1459.01</ele>
				</trkpt>
			<trkpt lat="41.69197311" lon="70.11650001">
				<ele>1459.49</ele>
				</trkpt>
			<trkpt lat="41.69192086" lon="70.11653226">
				<ele>1457.61</ele>
				</trkpt>
			<trkpt lat="41.69199212" lon="70.11647306">
				<ele>1459.82</ele>
				</trkpt>
			<trkpt lat="41.69196093" lon="70.11652672">
				<ele>1460.0</ele>
				</trkpt>
			<trkpt lat="41.69197388" lon="70.11668928">
				<ele>1459.15</ele>
				</trkpt>
			<trkpt lat="41.69199985" lon="70.1167409">
				<ele>1459.84</ele>
				</trkpt>
			<trkpt lat="41.69202714" lon="70.1167802">
				<ele>1462.09</ele>
				</trkpt>
			<trkpt lat="41.69205042" lon="70.11678584">
				<ele>1464.41</ele>
				</trkpt>
			<trkpt lat="41.69206671" lon="70.11674023">
				<ele>1466.0</ele>
				</trkpt>
			<trkpt lat="41.69206373" lon="70.11669558">
				<ele>1465.32</ele>
				</trkpt>
			<trkpt lat="41.69208" lon="70.11686246">
				<ele>1468.78</ele>
				</trkpt>
			<trkpt lat="41.69213227" lon="70.11687706">
				<ele>1471.3</ele>
				</trkpt>
			<trkpt lat="41.69220947" lon="70.11695929">
				<ele>1475.72</ele>
				</trkpt>
			<trkpt lat="41.69226202" lon="70.11698195">
				<ele>1479.03</ele>
				</trkpt>
			<trkpt lat="41.69230594" lon="70.11702624">
				<ele>1481.51</ele>
				</trkpt>
			<trkpt lat="41.69231057" lon="70.11705322">
				<ele>1482.58</ele>
				</trkpt>
			<trkpt lat="41.69228699" lon="70.11711786">
				<ele>1486.49</ele>
				</trkpt>
			<trkpt lat="41.69233185" lon="70.11735104">
				<ele>1491.1</ele>
				</trkpt>
			<trkpt lat="41.69236344" lon="70.11744059">
				<ele>1494.72</ele>
				</trkpt>
			<trkpt lat="41.69238208" lon="70.11762741">
				<ele>1502.83</ele>
				</trkpt>
			<trkpt lat="41.69243797" lon="70.11772829">
				<ele>1508.31</ele>
				</trkpt>
			<trkpt lat="41.692436" lon="70.11783318">
				<ele>1511.48</ele>
				</trkpt>
			<trkpt lat="41.69248623" lon="70.1179627">
				<ele>1517.14</ele>
				</trkpt>
			<trkpt lat="41.69252585" lon="70.11794507">
				<ele>1518.58</ele>
				</trkpt>
			<trkpt lat="41.69255213" lon="70.11797535">
				<ele>1521.47</ele>
				</trkpt>
			<trkpt lat="41.69254652" lon="70.11804525">
				<ele>1524.5</ele>
				</trkpt>
			<trkpt lat="41.69258467" lon="70.118381">
				<ele>1531.87</ele>
				</trkpt>
			<trkpt lat="41.69262891" lon="70.11848319">
				<ele>1535.76</ele>
				</trkpt>
			<trkpt lat="41.69268251" lon="70.11851112">
				<ele>1539.05</ele>
				</trkpt>
			<trkpt lat="41.69270641" lon="70.11860069">
				<ele>1542.18</ele>
				</trkpt>
			<trkpt lat="41.69270777" lon="70.11880385">
				<ele>1548.17</ele>
				</trkpt>
			<trkpt lat="41.69267861" lon="70.11905303">
				<ele>1554.92</ele>
				</trkpt>
			<trkpt lat="41.69262239" lon="70.11921528">
				<ele>1557.9</ele>
				</trkpt>
			<trkpt lat="41.6925468" lon="70.1193492">
				<ele>1560.11</ele>
				</trkpt>
			<trkpt lat="41.69251292" lon="70.11963372">
				<ele>1562.93</ele>
				</trkpt>
			<trkpt lat="41.69242902" lon="70.11991562">
				<ele>1562.81</ele>
				</trkpt>
			<trkpt lat="41.6923412" lon="70.12046178">
				<ele>1561.69</ele>
				</trkpt>
			<trkpt lat="41.69229024" lon="70.12056741">
				<ele>1561.43</ele>
				</trkpt>
			<trkpt lat="41.69225798" lon="70.12073968">
				<ele>1560.99</ele>
				</trkpt>
			<trkpt lat="41.69226796" lon="70.12080099">
				<ele>1561.46</ele>
				</trkpt>
			<trkpt lat="41.69231659" lon="70.1208666">
				<ele>1562.91</ele>
				</trkpt>
			<trkpt lat="41.69236053" lon="70.12102887">
				<ele>1564.7</ele>
				</trkpt>
			<trkpt lat="41.69236086" lon="70.12116249">
				<ele>1565.2</ele>
				</trkpt>
			<trkpt lat="41.69231792" lon="70.12128643">
				<ele>1565.57</ele>
				</trkpt>
			<trkpt lat="41.6923106" lon="70.12145669">
				<ele>1566.61</ele>
				</trkpt>
			<trkpt lat="41.69228338" lon="70.12151638">
				<ele>1567.24</ele>
				</trkpt>
			<trkpt lat="41.69232652" lon="70.12157171">
				<ele>1567.19</ele>
				</trkpt>
			<trkpt lat="41.69231858" lon="70.12156444">
				<ele>1567.41</ele>
				</trkpt>
			<trkpt lat="41.69237722" lon="70.12154747">
				<ele>1567.45</ele>
				</trkpt>
			<trkpt lat="41.69241587" lon="70.12158344">
				<ele>1567.65</ele>
				</trkpt>
			<trkpt lat="41.69248747" lon="70.12176303">
				<ele>1568.63</ele>
				</trkpt>
			<trkpt lat="41.6925174" lon="70.12198426">
				<ele>1569.74</ele>
				</trkpt>
			<trkpt lat="41.69248146" lon="70.12224152">
				<ele>1571.16</ele>
				</trkpt>
			<trkpt lat="41.69251939" lon="70.12247577">
				<ele>1572.56</ele>
				</trkpt>
			<trkpt lat="41.69250712" lon="70.12270936">
				<ele>1574.23</ele>
				</trkpt>
			<trkpt lat="41.69234195" lon="70.12314655">
				<ele>1575.42</ele>
				</trkpt>
			<trkpt lat="41.69230029" lon="70.12321019">
				<ele>1575.09</ele>
				</trkpt>
			<trkpt lat="41.69220831" lon="70.12328149">
				<ele>1574.77</ele>
				</trkpt>
			<trkpt lat="41.69198806" lon="70.12331877">
				<ele>1576.8</ele>
				</trkpt>
			<trkpt lat="41.69178548" lon="70.12350334">
				<ele>1577.9</ele>
				</trkpt>
			<trkpt lat="41.69160826" lon="70.12370391">
				<ele>1578.72</ele>
				</trkpt>
			<trkpt lat="41.69140137" lon="70.1238608">
				<ele>1579.63</ele>
				</trkpt>
			<trkpt lat="41.69121817" lon="70.12391734">
				<ele>1581.28</ele>
				</trkpt>
			<trkpt lat="41.6910779" lon="70.1239976">
				<ele>1582.13</ele>
				</trkpt>
			<trkpt lat="41.69091998" lon="70.12404151">
				<ele>1583.88</ele>
				</trkpt>
			<trkpt lat="41.69085002" lon="70.1240768">
				<ele>1584.95</ele>
				</trkpt>
			<trkpt lat="41.69078639" lon="70.12413975">
				<ele>1586.27</ele>
				</trkpt>
			<trkpt lat="41.69062351" lon="70.12424866">
				<ele>1589.01</ele>
				</trkpt>
			<trkpt lat="41.69054457" lon="70.12425697">
				<ele>1590.31</ele>
				</trkpt>
			<trkpt lat="41.69036738" lon="70.12437353">
				<ele>1593.79</ele>
				</trkpt>
			<trkpt lat="41.69028046" lon="70.12439647">
				<ele>1595.21</ele>
				</trkpt>
			<trkpt lat="41.69012994" lon="70.12456199">
				<ele>1598.82</ele>
				</trkpt>
			<trkpt lat="41.69002202" lon="70.12461425">
				<ele>1600.95</ele>
				</trkpt>
			<trkpt lat="41.6899191" lon="70.12471749">
				<ele>1602.91</ele>
				</trkpt>
			<trkpt lat="41.68977553" lon="70.12482605">
				<ele>1604.56</ele>
				</trkpt>
			<trkpt lat="41.68934744" lon="70.12501948">
				<ele>1608.82</ele>
				</trkpt>
			<trkpt lat="41.68919949" lon="70.12511806">
				<ele>1609.01</ele>
				</trkpt>
			<trkpt lat="41.68914519" lon="70.12518336">
				<ele>1608.87</ele>
				</trkpt>
			<trkpt lat="41.68909793" lon="70.12532995">
				<ele>1608.63</ele>
				</trkpt>
			<trkpt lat="41.68907863" lon="70.12546157">
				<ele>1608.53</ele>
				</trkpt>
			<trkpt lat="41.68910025" lon="70.12576115">
				<ele>1607.37</ele>
				</trkpt>
			<trkpt lat="41.68908528" lon="70.12592543">
				<ele>1606.67</ele>
				</trkpt>
			<trkpt lat="41.68896771" lon="70.12622265">
				<ele>1603.74</ele>
				</trkpt>
			<trkpt lat="41.68891875" lon="70.12628994">
				<ele>1602.93</ele>
				</trkpt>
			<trkpt lat="41.68878415" lon="70.12631886">
				<ele>1602.22</ele>
				</trkpt>
			<trkpt lat="41.68869452" lon="70.12636482">
				<ele>1601.94</ele>
				</trkpt>
			<trkpt lat="41.68851897" lon="70.12651635">
				<ele>1601.52</ele>
				</trkpt>
			<trkpt lat="41.68839975" lon="70.12658924">
				<ele>1601.7</ele>
				</trkpt>
			<trkpt lat="41.68837443" lon="70.12659257">
				<ele>1601.59</ele>
				</trkpt>
			<trkpt lat="41.68835279" lon="70.12656092">
				<ele>1601.53</ele>
				</trkpt>
			<trkpt lat="41.6883581" lon="70.12642969">
				<ele>1602.75</ele>
				</trkpt>
			<trkpt lat="41.6883143" lon="70.12611356">
				<ele>1608.4</ele>
				</trkpt>
			<trkpt lat="41.68829732" lon="70.12608658">
				<ele>1609.05</ele>
				</trkpt>
			<trkpt lat="41.68812485" lon="70.12603745">
				<ele>1614.02</ele>
				</trkpt>
			<trkpt lat="41.68803331" lon="70.12597591">
				<ele>1616.61</ele>
				</trkpt>
			<trkpt lat="41.68788821" lon="70.12581543">
				<ele>1624.07</ele>
				</trkpt>
			<trkpt lat="41.68790683" lon="70.12580846">
				<ele>1624.64</ele>
				</trkpt>
			<trkpt lat="41.68762261" lon="70.12545953">
				<ele>1635.52</ele>
				</trkpt>
			<trkpt lat="41.68758066" lon="70.12545886">
				<ele>1636.56</ele>
				</trkpt>
			<trkpt lat="41.68735586" lon="70.12553963">
				<ele>1640.13</ele>
				</trkpt>
			<trkpt lat="41.68708682" lon="70.12591028">
				<ele>1644.62</ele>
				</trkpt>
			<trkpt lat="41.68692664" lon="70.12604979">
				<ele>1647.45</ele>
				</trkpt>
			<trkpt lat="41.68682607" lon="70.12610005">
				<ele>1648.89</ele>
				</trkpt>
			<trkpt lat="41.68672552" lon="70.12624623">
				<ele>1650.42</ele>
				</trkpt>
			<trkpt lat="41.6865671" lon="70.12653564">
				<ele>1653.48</ele>
				</trkpt>
			<trkpt lat="41.68650483" lon="70.12659458">
				<ele>1654.3</ele>
				</trkpt>
			<trkpt lat="41.68646326" lon="70.12677247">
				<ele>1655.63</ele>
				</trkpt>
			<trkpt lat="41.68640899" lon="70.12686173">
				<ele>1656.7</ele>
				</trkpt>
			<trkpt lat="41.68638172" lon="70.12697098">
				<ele>1657.79</ele>
				</trkpt>
			<trkpt lat="41.68627917" lon="70.12708885">
				<ele>1659.65</ele>
				</trkpt>
			<trkpt lat="41.68621793" lon="70.12722344">
				<ele>1660.87</ele>
				</trkpt>
			<trkpt lat="41.68614" lon="70.1272747">
				<ele>1662.49</ele>
				</trkpt>
			<trkpt lat="41.68603509" lon="70.12739758">
				<ele>1664.47</ele>
				</trkpt>
			<trkpt lat="41.68595648" lon="70.12743683">
				<ele>1665.62</ele>
				</trkpt>
			<trkpt lat="41.68582993" lon="70.12753837">
				<ele>1667.54</ele>
				</trkpt>
			<trkpt lat="41.68560483" lon="70.12780883">
				<ele>1670.57</ele>
				</trkpt>
			<trkpt lat="41.68551324" lon="70.12788207">
				<ele>1671.56</ele>
				</trkpt>
			<trkpt lat="41.68542599" lon="70.12798728">
				<ele>1673.11</ele>
				</trkpt>
			<trkpt lat="41.68534871" lon="70.12803853">
				<ele>1674.37</ele>
				</trkpt>
			<trkpt lat="41.68527515" lon="70.12814642">
				<ele>1675.79</ele>
				</trkpt>
			<trkpt lat="41.6852389" lon="70.12823168">
				<ele>1676.68</ele>
				</trkpt>
			<trkpt lat="41.6852083" lon="70.12836193">
				<ele>1677.97</ele>
				</trkpt>
			<trkpt lat="41.68503765" lon="70.12872293">
				<ele>1683.91</ele>
				</trkpt>
			<trkpt lat="41.68501574" lon="70.12882254">
				<ele>1685.3</ele>
				</trkpt>
			<trkpt lat="41.68489173" lon="70.12911482">
				<ele>1690.53</ele>
				</trkpt>
			<trkpt lat="41.68488312" lon="70.12918309">
				<ele>1692.07</ele>
				</trkpt>
			<trkpt lat="41.68482388" lon="70.12932499">
				<ele>1694.05</ele>
				</trkpt>
			<trkpt lat="41.68478934" lon="70.1295512">
				<ele>1695.79</ele>
				</trkpt>
			<trkpt lat="41.68478733" lon="70.12987236">
				<ele>1698.63</ele>
				</trkpt>
			<trkpt lat="41.68474853" lon="70.13028383">
				<ele>1701.43</ele>
				</trkpt>
			<trkpt lat="41.68472328" lon="70.13041574">
				<ele>1703.0</ele>
				</trkpt>
			<trkpt lat="41.68467068" lon="70.130511">
				<ele>1704.16</ele>
				</trkpt>
			<trkpt lat="41.68456408" lon="70.13059154">
				<ele>1706.93</ele>
				</trkpt>
			<trkpt lat="41.68445789" lon="70.13078634">
				<ele>1707.57</ele>
				</trkpt>
			<trkpt lat="41.684398" lon="70.13097388">
				<ele>1708.24</ele>
				</trkpt>
			<trkpt lat="41.68439668" lon="70.13106047">
				<ele>1709.75</ele>
				</trkpt>
			<trkpt lat="41.68438341" lon="70.13105618">
				<ele>1709.69</ele>
				</trkpt>
			<trkpt lat="41.68434517" lon="70.131296">
				<ele>1712.94</ele>
				</trkpt>
			<trkpt lat="41.6844044" lon="70.1314266">
				<ele>1715.63</ele>
				</trkpt>
			<trkpt lat="41.68440774" lon="70.13147119">
				<ele>1717.59</ele>
				</trkpt>
			<trkpt lat="41.68442867" lon="70.13146361">
				<ele>1717.8</ele>
				</trkpt>
			<trkpt lat="41.68437846" lon="70.13152086">
				<ele>1718.84</ele>
				</trkpt>
			<trkpt lat="41.68432795" lon="70.1315461">
				<ele>1719.99</ele>
				</trkpt>
			<trkpt lat="41.68426676" lon="70.13166735">
				<ele>1722.87</ele>
				</trkpt>
			<trkpt lat="41.68421157" lon="70.13188187">
				<ele>1726.41</ele>
				</trkpt>
			<trkpt lat="41.68409243" lon="70.13202742">
				<ele>1730.8</ele>
				</trkpt>
			<trkpt lat="41.68405649" lon="70.13209203">
				<ele>1732.4</ele>
				</trkpt>
			<trkpt lat="41.68404651" lon="70.13216232">
				<ele>1733.59</ele>
				</trkpt>
			<trkpt lat="41.68391867" lon="70.1322706">
				<ele>1738.23</ele>
				</trkpt>
			<trkpt lat="41.68376321" lon="70.13233167">
				<ele>1741.81</ele>
				</trkpt>
			<trkpt lat="41.68372659" lon="70.13233068">
				<ele>1742.65</ele>
				</trkpt>
			<trkpt lat="41.6836673" lon="70.13236896">
				<ele>1743.83</ele>
				</trkpt>
			<trkpt lat="41.68360636" lon="70.13243689">
				<ele>1745.51</ele>
				</trkpt>
			<trkpt lat="41.68355709" lon="70.13254045">
				<ele>1747.47</ele>
				</trkpt>
			<trkpt lat="41.68350316" lon="70.13259073">
				<ele>1748.82</ele>
				</trkpt>
			<trkpt lat="41.68352208" lon="70.13260732">
				<ele>1750.34</ele>
				</trkpt>
			<trkpt lat="41.68348578" lon="70.13262994">
				<ele>1750.54</ele>
				</trkpt>
			<trkpt lat="41.68340159" lon="70.13275449">
				<ele>1754.05</ele>
				</trkpt>
			<trkpt lat="41.68334801" lon="70.13280376">
				<ele>1756.11</ele>
				</trkpt>
			<trkpt lat="41.68326455" lon="70.13308619">
				<ele>1762.79</ele>
				</trkpt>
			<trkpt lat="41.6832356" lon="70.1331368">
				<ele>1763.62</ele>
				</trkpt>
			<trkpt lat="41.68317642" lon="70.13351882">
				<ele>1772.43</ele>
				</trkpt>
			<trkpt lat="41.68311355" lon="70.13359074">
				<ele>1774.81</ele>
				</trkpt>
			<trkpt lat="41.68310291" lon="70.13363502">
				<ele>1776.68</ele>
				</trkpt>
			<trkpt lat="41.68303077" lon="70.13375559">
				<ele>1781.36</ele>
				</trkpt>
			<trkpt lat="41.68299088" lon="70.13386015">
				<ele>1783.53</ele>
				</trkpt>
			<trkpt lat="41.68294637" lon="70.13391366">
				<ele>1786.46</ele>
				</trkpt>
			<trkpt lat="41.68287854" lon="70.13407483">
				<ele>1790.47</ele>
				</trkpt>
			<trkpt lat="41.68281538" lon="70.13412639">
				<ele>1793.48</ele>
				</trkpt>
			<trkpt lat="41.68277814" lon="70.13418264">
				<ele>1795.59</ele>
				</trkpt>
			<trkpt lat="41.68265807" lon="70.13419953">
				<ele>1800.59</ele>
				</trkpt>
			<trkpt lat="41.68263145" lon="70.13422045">
				<ele>1802.71</ele>
				</trkpt>
			<trkpt lat="41.68239464" lon="70.13423371">
				<ele>1814.46</ele>
				</trkpt>
			<trkpt lat="41.68229722" lon="70.13420391">
				<ele>1821.11</ele>
				</trkpt>
			<trkpt lat="41.68221639" lon="70.13411941">
				<ele>1826.03</ele>
				</trkpt>
			<trkpt lat="41.68212761" lon="70.13409361">
				<ele>1831.7</ele>
				</trkpt>
			<trkpt lat="41.68206377" lon="70.13412083">
				<ele>1834.65</ele>
				</trkpt>
			<trkpt lat="41.68192803" lon="70.13407976">
				<ele>1841.43</ele>
				</trkpt>
			<trkpt lat="41.68178784" lon="70.13410426">
				<ele>1843.25</ele>
				</trkpt>
			<trkpt lat="41.6817138" lon="70.1340765">
				<ele>1846.54</ele>
				</trkpt>
			<trkpt lat="41.68162632" lon="70.13407814">
				<ele>1848.6</ele>
				</trkpt>
			<trkpt lat="41.68155846" lon="70.13410596">
				<ele>1852.08</ele>
				</trkpt>
			<trkpt lat="41.68137823" lon="70.13410859">
				<ele>1856.3</ele>
				</trkpt>
			<trkpt lat="41.6813176" lon="70.13414673">
				<ele>1859.86</ele>
				</trkpt>
			<trkpt lat="41.68101435" lon="70.13409398">
				<ele>1867.42</ele>
				</trkpt>
			<trkpt lat="41.68093778" lon="70.13413219">
				<ele>1868.33</ele>
				</trkpt>
			<trkpt lat="41.6808485" lon="70.13414347">
				<ele>1869.6</ele>
				</trkpt>
			<trkpt lat="41.68076002" lon="70.13411652">
				<ele>1874.05</ele>
				</trkpt>
			<trkpt lat="41.68060545" lon="70.13387466">
				<ele>1886.99</ele>
				</trkpt>
			<trkpt lat="41.68055421" lon="70.13389922">
				<ele>1889.71</ele>
				</trkpt>
			<trkpt lat="41.6804827" lon="70.13397103">
				<ele>1893.5</ele>
				</trkpt>
			<trkpt lat="41.68042783" lon="70.13397236">
				<ele>1896.45</ele>
				</trkpt>
			<trkpt lat="41.68042518" lon="70.13395607">
				<ele>1896.98</ele>
				</trkpt>
			<trkpt lat="41.68042783" lon="70.13397628">
				<ele>1897.36</ele>
				</trkpt>
			<trkpt lat="41.680347" lon="70.13385318">
				<ele>1903.08</ele>
				</trkpt>
			<trkpt lat="41.68031809" lon="70.1338392">
				<ele>1904.62</ele>
				</trkpt>
			<trkpt lat="41.68030383" lon="70.13380928">
				<ele>1906.42</ele>
				</trkpt>
			<trkpt lat="41.68024826" lon="70.13379266">
				<ele>1908.8</ele>
				</trkpt>
			<trkpt lat="41.6802174" lon="70.13375135">
				<ele>1911.32</ele>
				</trkpt>
			<trkpt lat="41.68019718" lon="70.13362279">
				<ele>1915.72</ele>
				</trkpt>
			<trkpt lat="41.68019091" lon="70.13363236">
				<ele>1916.8</ele>
				</trkpt>
			<trkpt lat="41.68015633" lon="70.13357045">
				<ele>1919.37</ele>
				</trkpt>
			<trkpt lat="41.68009542" lon="70.13357543">
				<ele>1920.73</ele>
				</trkpt>
			<trkpt lat="41.68003419" lon="70.13367727">
				<ele>1923.2</ele>
				</trkpt>
			<trkpt lat="41.67975992" lon="70.13392737">
				<ele>1934.42</ele>
				</trkpt>
			<trkpt lat="41.67971967" lon="70.13402359">
				<ele>1934.85</ele>
				</trkpt>
			<trkpt lat="41.67963488" lon="70.13413605">
				<ele>1937.48</ele>
				</trkpt>
			<trkpt lat="41.67959299" lon="70.13416727">
				<ele>1939.16</ele>
				</trkpt>
			<trkpt lat="41.67960493" lon="70.13417354">
				<ele>1939.0</ele>
				</trkpt>
			<trkpt lat="41.67955174" lon="70.13419976">
				<ele>1941.94</ele>
				</trkpt>
			<trkpt lat="41.67952118" lon="70.1342773">
				<ele>1944.35</ele>
				</trkpt>
			<trkpt lat="41.67952282" lon="70.13432328">
				<ele>1946.41</ele>
				</trkpt>
			<trkpt lat="41.67949191" lon="70.13436817">
				<ele>1948.61</ele>
				</trkpt>
			<trkpt lat="41.67950215" lon="70.13438979">
				<ele>1949.12</ele>
				</trkpt>
			<trkpt lat="41.67940768" lon="70.13440403">
				<ele>1952.66</ele>
				</trkpt>
			<trkpt lat="41.67941828" lon="70.1344269">
				<ele>1953.2</ele>
				</trkpt>
			<trkpt lat="41.67929826" lon="70.13440905">
				<ele>1958.23</ele>
				</trkpt>
			<trkpt lat="41.6793089" lon="70.13442168">
				<ele>1958.15</ele>
				</trkpt>
			<trkpt lat="41.67930026" lon="70.13442733">
				<ele>1958.18</ele>
				</trkpt>
			<trkpt lat="41.67922147" lon="70.13437822">
				<ele>1961.67</ele>
				</trkpt>
			<trkpt lat="41.67922347" lon="70.13435863">
				<ele>1962.36</ele>
				</trkpt>
			<trkpt lat="41.67923939" lon="70.13440968">
				<ele>1962.09</ele>
				</trkpt>
			<trkpt lat="41.67923045" lon="70.13442093">
				<ele>1962.76</ele>
				</trkpt>
			<trkpt lat="41.67915862" lon="70.13436779">
				<ele>1964.9</ele>
				</trkpt>
			<trkpt lat="41.67904979" lon="70.13433596">
				<ele>1969.59</ele>
				</trkpt>
			<trkpt lat="41.6789746" lon="70.13435285">
				<ele>1971.35</ele>
				</trkpt>
			<trkpt lat="41.67889335" lon="70.13439809">
				<ele>1973.11</ele>
				</trkpt>
			<trkpt lat="41.67877894" lon="70.13452649">
				<ele>1978.21</ele>
				</trkpt>
			<trkpt lat="41.67877" lon="70.13460642">
				<ele>1980.02</ele>
				</trkpt>
			<trkpt lat="41.67874971" lon="70.13464636">
				<ele>1981.66</ele>
				</trkpt>
			<trkpt lat="41.67877758" lon="70.13465032">
				<ele>1982.82</ele>
				</trkpt>
			<trkpt lat="41.67867218" lon="70.13480603">
				<ele>1987.99</ele>
				</trkpt>
			<trkpt lat="41.6784659" lon="70.13488246">
				<ele>1998.43</ele>
				</trkpt>
			<trkpt lat="41.67830385" lon="70.13506885">
				<ele>2004.82</ele>
				</trkpt>
			<trkpt lat="41.67829083" lon="70.13511371">
				<ele>2006.69</ele>
				</trkpt>
			<trkpt lat="41.6781697" lon="70.13519084">
				<ele>2011.11</ele>
				</trkpt>
			<trkpt lat="41.67795432" lon="70.13525895">
				<ele>2013.69</ele>
				</trkpt>
			<trkpt lat="41.67786507" lon="70.13526558">
				<ele>2012.31</ele>
				</trkpt>
			<trkpt lat="41.67788794" lon="70.13526026">
				<ele>2012.41</ele>
				</trkpt>
			<trkpt lat="41.67786899" lon="70.13523768">
				<ele>2012.83</ele>
				</trkpt>
			<trkpt lat="41.67775354" lon="70.13522603">
				<ele>2013.88</ele>
				</trkpt>
			<trkpt lat="41.67764598" lon="70.13523563">
				<ele>2013.67</ele>
				</trkpt>
			<trkpt lat="41.67741787" lon="70.13529877">
				<ele>2010.59</ele>
				</trkpt>
			<trkpt lat="41.67737057" lon="70.13528053">
				<ele>2010.5</ele>
				</trkpt>
			<trkpt lat="41.67716583" lon="70.13529682">
				<ele>2009.54</ele>
				</trkpt>
			<trkpt lat="41.67696774" lon="70.13536424">
				<ele>2010.52</ele>
				</trkpt>
			<trkpt lat="41.67692646" lon="70.13542008">
				<ele>2011.66</ele>
				</trkpt>
			<trkpt lat="41.67661789" lon="70.13564066">
				<ele>2016.4</ele>
				</trkpt>
			<trkpt lat="41.67656796" lon="70.13570594">
				<ele>2015.31</ele>
				</trkpt>
			<trkpt lat="41.67646353" lon="70.1359554">
				<ele>2019.47</ele>
				</trkpt>
			<trkpt lat="41.67623154" lon="70.13628834">
				<ele>2024.44</ele>
				</trkpt>
			<trkpt lat="41.6761567" lon="70.13644419">
				<ele>2024.85</ele>
				</trkpt>
			<trkpt lat="41.67610119" lon="70.13648913">
				<ele>2025.14</ele>
				</trkpt>
			<trkpt lat="41.67604157" lon="70.13660902">
				<ele>2026.23</ele>
				</trkpt>
			<trkpt lat="41.67598731" lon="70.13665897">
				<ele>2026.72</ele>
				</trkpt>
			<trkpt lat="41.67591943" lon="70.13677016">
				<ele>2027.52</ele>
				</trkpt>
			<trkpt lat="41.67584511" lon="70.13685546">
				<ele>2028.5</ele>
				</trkpt>
			<trkpt lat="41.67572066" lon="70.13708592">
				<ele>2032.26</ele>
				</trkpt>
			<trkpt lat="41.6757246" lon="70.13710254">
				<ele>2032.49</ele>
				</trkpt>
			<trkpt lat="41.6754746" lon="70.13740596">
				<ele>2036.65</ele>
				</trkpt>
			<trkpt lat="41.67536522" lon="70.13759247">
				<ele>2039.41</ele>
				</trkpt>
			<trkpt lat="41.67533595" lon="70.13767437">
				<ele>2040.84</ele>
				</trkpt>
			<trkpt lat="41.67530799" lon="70.13768834">
				<ele>2041.78</ele>
				</trkpt>
			<trkpt lat="41.67527374" lon="70.13778615">
				<ele>2044.43</ele>
				</trkpt>
			<trkpt lat="41.67517632" lon="70.13794092">
				<ele>2050.62</ele>
				</trkpt>
			<trkpt lat="41.67516337" lon="70.13798615">
				<ele>2051.9</ele>
				</trkpt>
			<trkpt lat="41.67509382" lon="70.13806636">
				<ele>2054.4</ele>
				</trkpt>
			<trkpt lat="41.67503334" lon="70.13817241">
				<ele>2056.76</ele>
				</trkpt>
			<trkpt lat="41.67497343" lon="70.13821501">
				<ele>2058.62</ele>
				</trkpt>
			<trkpt lat="41.67497674" lon="70.13823724">
				<ele>2058.8</ele>
				</trkpt>
			<trkpt lat="41.67492951" lon="70.13829616">
				<ele>2059.59</ele>
				</trkpt>
			<trkpt lat="41.67485061" lon="70.13830546">
				<ele>2061.94</ele>
				</trkpt>
			<trkpt lat="41.67479775" lon="70.138344">
				<ele>2064.45</ele>
				</trkpt>
			<trkpt lat="41.6748017" lon="70.13840723">
				<ele>2067.13</ele>
				</trkpt>
			<trkpt lat="41.6747415" lon="70.13856139">
				<ele>2070.11</ele>
				</trkpt>
			<trkpt lat="41.67470931" lon="70.13858207">
				<ele>2070.6</ele>
				</trkpt>
			<trkpt lat="41.67456993" lon="70.13878389">
				<ele>2074.15</ele>
				</trkpt>
			<trkpt lat="41.67450904" lon="70.13890704">
				<ele>2077.3</ele>
				</trkpt>
			<trkpt lat="41.67446646" lon="70.13895797">
				<ele>2078.72</ele>
				</trkpt>
			<trkpt lat="41.67445088" lon="70.13895535">
				<ele>2078.99</ele>
				</trkpt>
			<trkpt lat="41.67436802" lon="70.13911487">
				<ele>2081.18</ele>
				</trkpt>
			<trkpt lat="41.6743537" lon="70.13922579">
				<ele>2081.11</ele>
				</trkpt>
			<trkpt lat="41.67421701" lon="70.13928967">
				<ele>2085.86</ele>
				</trkpt>
			<trkpt lat="41.67423654" lon="70.13928476">
				<ele>2084.51</ele>
				</trkpt>
			<trkpt lat="41.6742405" lon="70.13930103">
				<ele>2085.48</ele>
				</trkpt>
			<trkpt lat="41.67412399" lon="70.13929836">
				<ele>2087.87</ele>
				</trkpt>
			<trkpt lat="41.67404411" lon="70.13932489">
				<ele>2090.22</ele>
				</trkpt>
			<trkpt lat="41.67401048" lon="70.13936385">
				<ele>2090.74</ele>
				</trkpt>
			<trkpt lat="41.67377914" lon="70.13973485">
				<ele>2097.88</ele>
				</trkpt>
			<trkpt lat="41.67374198" lon="70.13994992">
				<ele>2104.78</ele>
				</trkpt>
			<trkpt lat="41.67370404" lon="70.14002919">
				<ele>2108.08</ele>
				</trkpt>
			<trkpt lat="41.67360358" lon="70.14015535">
				<ele>2112.6</ele>
				</trkpt>
			<trkpt lat="41.67356633" lon="70.1402306">
				<ele>2114.39</ele>
				</trkpt>
			<trkpt lat="41.6735786" lon="70.14022898">
				<ele>2114.55</ele>
				</trkpt>
			<trkpt lat="41.67352208" lon="70.14028589">
				<ele>2117.18</ele>
				</trkpt>
			<trkpt lat="41.67351341" lon="70.14032644">
				<ele>2118.64</ele>
				</trkpt>
			<trkpt lat="41.67344715" lon="70.14040398">
				<ele>2121.01</ele>
				</trkpt>
			<trkpt lat="41.67327023" lon="70.14072343">
				<ele>2130.16</ele>
				</trkpt>
			<trkpt lat="41.6731635" lon="70.14082496">
				<ele>2134.83</ele>
				</trkpt>
			<trkpt lat="41.67310298" lon="70.14082695">
				<ele>2137.97</ele>
				</trkpt>
			<trkpt lat="41.67307175" lon="70.14090586">
				<ele>2139.81</ele>
				</trkpt>
			<trkpt lat="41.6729733" lon="70.14100702">
				<ele>2143.83</ele>
				</trkpt>
			<trkpt lat="41.67282995" lon="70.14122544">
				<ele>2149.99</ele>
				</trkpt>
			<trkpt lat="41.67280808" lon="70.14121851">
				<ele>2150.57</ele>
				</trkpt>
			<trkpt lat="41.67273922" lon="70.14135572">
				<ele>2154.19</ele>
				</trkpt>
			<trkpt lat="41.67269197" lon="70.14130729">
				<ele>2156.41</ele>
				</trkpt>
			<trkpt lat="41.67264138" lon="70.14131259">
				<ele>2158.33</ele>
				</trkpt>
			<trkpt lat="41.67264699" lon="70.1412984">
				<ele>2158.35</ele>
				</trkpt>
			<trkpt lat="41.67261607" lon="70.14131635">
				<ele>2159.4</ele>
				</trkpt>
			<trkpt lat="41.67249754" lon="70.14147419">
				<ele>2163.51</ele>
				</trkpt>
			<trkpt lat="41.67243438" lon="70.14162037">
				<ele>2164.19</ele>
				</trkpt>
			<trkpt lat="41.67232267" lon="70.14176945">
				<ele>2171.61</ele>
				</trkpt>
			<trkpt lat="41.67223749" lon="70.14193563">
				<ele>2176.31</ele>
				</trkpt>
			<trkpt lat="41.67209598" lon="70.14212243">
				<ele>2179.47</ele>
				</trkpt>
			<trkpt lat="41.67202449" lon="70.14224997">
				<ele>2182.52</ele>
				</trkpt>
			<trkpt lat="41.67202415" lon="70.1423329">
				<ele>2184.7</ele>
				</trkpt>
			<trkpt lat="41.67201784" lon="70.14232037">
				<ele>2186.04</ele>
				</trkpt>
			<trkpt lat="41.67200388" lon="70.14238897">
				<ele>2187.43</ele>
				</trkpt>
			<trkpt lat="41.67201284" lon="70.14240658">
				<ele>2188.22</ele>
				</trkpt>
			<trkpt lat="41.67188534" lon="70.14256475">
				<ele>2191.06</ele>
				</trkpt>
			<trkpt lat="41.67181985" lon="70.14273444">
				<ele>2194.73</ele>
				</trkpt>
			<trkpt lat="41.67177836" lon="70.14276069">
				<ele>2196.7</ele>
				</trkpt>
			<trkpt lat="41.67175636" lon="70.14280962">
				<ele>2200.02</ele>
				</trkpt>
			<trkpt lat="41.67172807" lon="70.14281195">
				<ele>2201.5</ele>
				</trkpt>
			<trkpt lat="41.67172176" lon="70.14284725">
				<ele>2203.11</ele>
				</trkpt>
			<trkpt lat="41.67166399" lon="70.14286678">
				<ele>2206.38</ele>
				</trkpt>
			<trkpt lat="41.67165434" lon="70.14288942">
				<ele>2207.09</ele>
				</trkpt>
			<trkpt lat="41.6716234" lon="70.14287887">
				<ele>2209.85</ele>
				</trkpt>
			<trkpt lat="41.67155524" lon="70.14291849">
				<ele>2213.58</ele>
				</trkpt>
			<trkpt lat="41.67150504" lon="70.14289596">
				<ele>2217.25</ele>
				</trkpt>
			<trkpt lat="41.67145016" lon="70.14295658">
				<ele>2220.75</ele>
				</trkpt>
			<trkpt lat="41.67139664" lon="70.14296123">
				<ele>2223.98</ele>
				</trkpt>
			<trkpt lat="41.6713611" lon="70.14298549">
				<ele>2227.03</ele>
				</trkpt>
			<trkpt lat="41.67134021" lon="70.14311855">
				<ele>2230.96</ele>
				</trkpt>
			<trkpt lat="41.67131533" lon="70.14316383">
				<ele>2232.09</ele>
				</trkpt>
			<trkpt lat="41.67131334" lon="70.14323841">
				<ele>2233.01</ele>
				</trkpt>
			<trkpt lat="41.67129045" lon="70.14331903">
				<ele>2234.93</ele>
				</trkpt>
			<trkpt lat="41.67129577" lon="70.14336998">
				<ele>2235.85</ele>
				</trkpt>
			<trkpt lat="41.67125257" lon="70.14336073">
				<ele>2238.02</ele>
				</trkpt>
			<trkpt lat="41.67117443" lon="70.14339061">
				<ele>2243.02</ele>
				</trkpt>
			<trkpt lat="41.67115683" lon="70.14342919">
				<ele>2245.01</ele>
				</trkpt>
			<trkpt lat="41.67114651" lon="70.1434219">
				<ele>2245.32</ele>
				</trkpt>
			<trkpt lat="41.67112094" lon="70.14345021">
				<ele>2246.98</ele>
				</trkpt>
			<trkpt lat="41.67106578" lon="70.1436033">
				<ele>2252.14</ele>
				</trkpt>
			<trkpt lat="41.67105686" lon="70.14357394">
				<ele>2251.71</ele>
				</trkpt>
			<trkpt lat="41.67108469" lon="70.14357493">
				<ele>2252.12</ele>
				</trkpt>
			<trkpt lat="41.67109795" lon="70.14360146">
				<ele>2252.43</ele>
				</trkpt>
			<trkpt lat="41.67104622" lon="70.14380889">
				<ele>2258.8</ele>
				</trkpt>
			<trkpt lat="41.67106746" lon="70.14385545">
				<ele>2259.64</ele>
				</trkpt>
			<trkpt lat="41.67104153" lon="70.1438904">
				<ele>2261.03</ele>
				</trkpt>
			<trkpt lat="41.67103458" lon="70.14387581">
				<ele>2261.37</ele>
				</trkpt>
			<trkpt lat="41.67098867" lon="70.14395438">
				<ele>2264.73</ele>
				</trkpt>
			<trkpt lat="41.67099229" lon="70.14397393">
				<ele>2265.75</ele>
				</trkpt>
			<trkpt lat="41.67097565" lon="70.14395996">
				<ele>2266.8</ele>
				</trkpt>
			<trkpt lat="41.67094074" lon="70.14398993">
				<ele>2269.49</ele>
				</trkpt>
			<trkpt lat="41.67091818" lon="70.14410646">
				<ele>2273.69</ele>
				</trkpt>
			<trkpt lat="41.67092911" lon="70.14408892">
				<ele>2274.53</ele>
				</trkpt>
			<trkpt lat="41.67092512" lon="70.14414222">
				<ele>2275.51</ele>
				</trkpt>
			<trkpt lat="41.67089151" lon="70.14418747">
				<ele>2277.95</ele>
				</trkpt>
			<trkpt lat="41.67085531" lon="70.14417392">
				<ele>2278.55</ele>
				</trkpt>
			<trkpt lat="41.67082871" lon="70.14423151">
				<ele>2280.85</ele>
				</trkpt>
			<trkpt lat="41.67085063" lon="70.14425444">
				<ele>2282.4</ele>
				</trkpt>
			<trkpt lat="41.67082478" lon="70.14432868">
				<ele>2284.63</ele>
				</trkpt>
			<trkpt lat="41.67082479" lon="70.14438497">
				<ele>2285.93</ele>
				</trkpt>
			<trkpt lat="41.67080456" lon="70.14438596">
				<ele>2286.16</ele>
				</trkpt>
			<trkpt lat="41.67079" lon="70.14448017">
				<ele>2288.42</ele>
				</trkpt>
			<trkpt lat="41.67077807" lon="70.14447987">
				<ele>2289.0</ele>
				</trkpt>
			<trkpt lat="41.67081514" lon="70.14463507">
				<ele>2294.11</ele>
				</trkpt>
			<trkpt lat="41.67077058" lon="70.1446754">
				<ele>2297.23</ele>
				</trkpt>
			<trkpt lat="41.67074205" lon="70.14474561">
				<ele>2300.38</ele>
				</trkpt>
			<trkpt lat="41.67067923" lon="70.14480449">
				<ele>2304.81</ele>
				</trkpt>
			<trkpt lat="41.67066961" lon="70.14479292">
				<ele>2305.09</ele>
				</trkpt>
			<trkpt lat="41.67061074" lon="70.14483241">
				<ele>2308.79</ele>
				</trkpt>
			<trkpt lat="41.67061632" lon="70.14487162">
				<ele>2309.66</ele>
				</trkpt>
			<trkpt lat="41.67053954" lon="70.14493955">
				<ele>2316.66</ele>
				</trkpt>
			<trkpt lat="41.67048542" lon="70.14508721">
				<ele>2321.75</ele>
				</trkpt>
			<trkpt lat="41.67045649" lon="70.14512347">
				<ele>2324.26</ele>
				</trkpt>
			<trkpt lat="41.67042265" lon="70.14513048">
				<ele>2326.32</ele>
				</trkpt>
			<trkpt lat="41.67037349" lon="70.14523732">
				<ele>2330.71</ele>
				</trkpt>
			<trkpt lat="41.67033662" lon="70.14524559">
				<ele>2332.66</ele>
				</trkpt>
			<trkpt lat="41.67028114" lon="70.1453248">
				<ele>2340.04</ele>
				</trkpt>
			<trkpt lat="41.67025459" lon="70.14532017">
				<ele>2342.17</ele>
				</trkpt>
			<trkpt lat="41.670095" lon="70.14545439">
				<ele>2356.86</ele>
				</trkpt>
			<trkpt lat="41.67002751" lon="70.14552788">
				<ele>2361.84</ele>
				</trkpt>
			<trkpt lat="41.67003444" lon="70.14554541">
				<ele>2363.19</ele>
				</trkpt>
			<trkpt lat="41.66993559" lon="70.1455268">
				<ele>2367.35</ele>
				</trkpt>
			<trkpt lat="41.66992167" lon="70.14550894">
				<ele>2367.58</ele>
				</trkpt>
			<trkpt lat="41.66989338" lon="70.14554917">
				<ele>2370.61</ele>
				</trkpt>
			<trkpt lat="41.66987073" lon="70.14567806">
				<ele>2376.78</ele>
				</trkpt>
			<trkpt lat="41.66988632" lon="70.14568806">
				<ele>2376.83</ele>
				</trkpt>
			<trkpt lat="41.66989694" lon="70.14574534">
				<ele>2377.39</ele>
				</trkpt>
			<trkpt lat="41.6698943" lon="70.14586725">
				<ele>2379.2</ele>
				</trkpt>
			<trkpt lat="41.66985942" lon="70.14601778">
				<ele>2381.55</ele>
				</trkpt>
			<trkpt lat="41.66990919" lon="70.14617522">
				<ele>2385.22</ele>
				</trkpt>
			<trkpt lat="41.66991681" lon="70.14632878">
				<ele>2388.66</ele>
				</trkpt>
			<trkpt lat="41.66990224" lon="70.14646636">
				<ele>2390.56</ele>
				</trkpt>
			<trkpt lat="41.66989462" lon="70.14647666">
				<ele>2390.93</ele>
				</trkpt>
			<trkpt lat="41.6698857" lon="70.14645913">
				<ele>2390.5</ele>
				</trkpt>
			<trkpt lat="41.6698644" lon="70.1466057">
				<ele>2392.05</ele>
				</trkpt>
			<trkpt lat="41.66986739" lon="70.14674627">
				<ele>2394.21</ele>
				</trkpt>
			<trkpt lat="41.66980467" lon="70.14701832">
				<ele>2399.99</ele>
				</trkpt>
			<trkpt lat="41.66973383" lon="70.14717617">
				<ele>2402.37</ele>
				</trkpt>
			<trkpt lat="41.66969659" lon="70.14730247">
				<ele>2404.63</ele>
				</trkpt>
			<trkpt lat="41.66955027" lon="70.14749515">
				<ele>2409.7</ele>
				</trkpt>
			<trkpt lat="41.66955391" lon="70.14747589">
				<ele>2409.6</ele>
				</trkpt>
			<trkpt lat="41.6695473" lon="70.14757316">
				<ele>2411.15</ele>
				</trkpt>
			<trkpt lat="41.66951472" lon="70.14770198">
				<ele>2415.17</ele>
				</trkpt>
			<trkpt lat="41.66951671" lon="70.14778056">
				<ele>2417.48</ele>
				</trkpt>
			<trkpt lat="41.66949617" lon="70.14776636">
				<ele>2417.57</ele>
				</trkpt>
			<trkpt lat="41.66948823" lon="70.14792227">
				<ele>2417.91</ele>
				</trkpt>
			<trkpt lat="41.66936042" lon="70.1481654">
				<ele>2421.08</ele>
				</trkpt>
			<trkpt lat="41.66937067" lon="70.14818829">
				<ele>2421.87</ele>
				</trkpt>
			<trkpt lat="41.66933206" lon="70.14819162">
				<ele>2422.42</ele>
				</trkpt>
			<trkpt lat="41.66927012" lon="70.14825224">
				<ele>2422.75</ele>
				</trkpt>
			<trkpt lat="41.66923653" lon="70.1483195">
				<ele>2423.33</ele>
				</trkpt>
			<trkpt lat="41.669172" lon="70.14855835">
				<ele>2422.33</ele>
				</trkpt>
			<trkpt lat="41.66909412" lon="70.1486729">
				<ele>2424.99</ele>
				</trkpt>
			<trkpt lat="41.66900825" lon="70.14873484">
				<ele>2427.32</ele>
				</trkpt>
			<trkpt lat="41.66895167" lon="70.14886375">
				<ele>2429.29</ele>
				</trkpt>
			<trkpt lat="41.66894502" lon="70.14898129">
				<ele>2432.19</ele>
				</trkpt>
			<trkpt lat="41.66891406" lon="70.14905353">
				<ele>2433.53</ele>
				</trkpt>
			<trkpt lat="41.66888422" lon="70.14902179">
				<ele>2433.86</ele>
				</trkpt>
			<trkpt lat="41.66890352" lon="70.1490411">
				<ele>2433.81</ele>
				</trkpt>
			<trkpt lat="41.66889852" lon="70.14906508">
				<ele>2433.87</ele>
				</trkpt>
			<trkpt lat="41.668858" lon="70.14906444">
				<ele>2432.92</ele>
				</trkpt>
			<trkpt lat="41.6688978" lon="70.14904165">
				<ele>2432.53</ele>
				</trkpt>
			<trkpt lat="41.66886708" lon="70.14904165">
				<ele>2432.1</ele>
				</trkpt>
			<trkpt lat="41.66885518" lon="70.14900399">
				<ele>2431.21</ele>
				</trkpt>
			<trkpt lat="41.66887404" lon="70.14901819">
				<ele>2431.82</ele>
				</trkpt>
			<trkpt lat="41.6688615" lon="70.14902512">
				<ele>2432.15</ele>
				</trkpt>
			<trkpt lat="41.66887972" lon="70.14902612">
				<ele>2431.56</ele>
				</trkpt>
			<trkpt lat="41.66881251" lon="70.14905907">
				<ele>2429.91</ele>
				</trkpt>
			<trkpt lat="41.66887147" lon="70.14903322">
				<ele>2430.93</ele>
				</trkpt>
			<trkpt lat="41.66890139" lon="70.14904053">
				<ele>2432.76</ele>
				</trkpt>
			<trkpt lat="41.66889149" lon="70.1490501">
				<ele>2432.7</ele>
				</trkpt>
			<trkpt lat="41.66890915" lon="70.14901895">
				<ele>2431.84</ele>
				</trkpt>
			<trkpt lat="41.6688586" lon="70.14902431">
				<ele>2432.56</ele>
				</trkpt>
			<trkpt lat="41.66878206" lon="70.1489448">
				<ele>2429.26</ele>
				</trkpt>
			<trkpt lat="41.66883866" lon="70.1490397">
				<ele>2431.05</ele>
				</trkpt>
			<trkpt lat="41.66881602" lon="70.14908067">
				<ele>2430.92</ele>
				</trkpt>
			<trkpt lat="41.66879773" lon="70.14905841">
				<ele>2428.13</ele>
				</trkpt>
			<trkpt lat="41.66880438" lon="70.14911201">
				<ele>2428.02</ele>
				</trkpt>
			<trkpt lat="41.66879774" lon="70.14906178">
				<ele>2427.8</ele>
				</trkpt>
			<trkpt lat="41.66880837" lon="70.14904756">
				<ele>2427.67</ele>
				</trkpt>
			<trkpt lat="41.66881201" lon="70.14906648">
				<ele>2427.98</ele>
				</trkpt>
			<trkpt lat="41.66879774" lon="70.14906316">
				<ele>2427.77</ele>
				</trkpt>
			<trkpt lat="41.66881171" lon="70.14904629">
				<ele>2427.83</ele>
				</trkpt>
			<trkpt lat="41.66879077" lon="70.14906755">
				<ele>2427.47</ele>
				</trkpt>
			<trkpt lat="41.66880612" lon="70.14907352">
				<ele>2427.84</ele>
				</trkpt>
			<trkpt lat="41.66878485" lon="70.14906557">
				<ele>2427.61</ele>
				</trkpt>
			<trkpt lat="41.66879913" lon="70.14907982">
				<ele>2427.16</ele>
				</trkpt>
			<trkpt lat="41.66878158" lon="70.14908841">
				<ele>2427.35</ele>
				</trkpt>
			<trkpt lat="41.66880745" lon="70.14906848">
				<ele>2427.0</ele>
				</trkpt>
			<trkpt lat="41.66879688" lon="70.14908204">
				<ele>2426.94</ele>
				</trkpt>
			<trkpt lat="41.66878492" lon="70.14906914">
				<ele>2426.79</ele>
				</trkpt>
			<trkpt lat="41.6688601" lon="70.14904682">
				<ele>2428.43</ele>
				</trkpt>
			<trkpt lat="41.6688641" lon="70.14906767">
				<ele>2429.72</ele>
				</trkpt>
			<trkpt lat="41.66884983" lon="70.14905709">
				<ele>2429.64</ele>
				</trkpt>
			<trkpt lat="41.66879128" lon="70.14907871">
				<ele>2426.34</ele>
				</trkpt>
			<trkpt lat="41.66887287" lon="70.14907206">
				<ele>2429.18</ele>
				</trkpt>
			<trkpt lat="41.66885328" lon="70.14907638">
				<ele>2429.6</ele>
				</trkpt>
			<trkpt lat="41.66887245" lon="70.14908728">
				<ele>2429.15</ele>
				</trkpt>
			<trkpt lat="41.66876348" lon="70.14908745">
				<ele>2425.12</ele>
				</trkpt>
			<trkpt lat="41.66877611" lon="70.14907415">
				<ele>2425.12</ele>
				</trkpt>
			<trkpt lat="41.66876978" lon="70.14905751">
				<ele>2425.75</ele>
				</trkpt>
			<trkpt lat="41.66876812" lon="70.14908698">
				<ele>2424.66</ele>
				</trkpt>
			<trkpt lat="41.66879708" lon="70.14909163">
				<ele>2425.37</ele>
				</trkpt>
			<trkpt lat="41.66887499" lon="70.14906977">
				<ele>2428.38</ele>
				</trkpt>
			<trkpt lat="41.66878747" lon="70.14908502">
				<ele>2424.9</ele>
				</trkpt>
			<trkpt lat="41.66881642" lon="70.149098">
				<ele>2425.15</ele>
				</trkpt>
			<trkpt lat="41.66888918" lon="70.14906415">
				<ele>2427.08</ele>
				</trkpt>
			<trkpt lat="41.66887855" lon="70.14907212">
				<ele>2426.94</ele>
				</trkpt>
			<trkpt lat="41.66888089" lon="70.14904428">
				<ele>2426.6</ele>
				</trkpt>
			<trkpt lat="41.66888284" lon="70.14906885">
				<ele>2426.13</ele>
				</trkpt>
			<trkpt lat="41.66888648" lon="70.14904093">
				<ele>2426.24</ele>
				</trkpt>
			<trkpt lat="41.66894541" lon="70.14897434">
				<ele>2425.38</ele>
				</trkpt>
			<trkpt lat="41.6689547" lon="70.14888207">
				<ele>2423.21</ele>
				</trkpt>
			<trkpt lat="41.66901297" lon="70.14874113">
				<ele>2420.5</ele>
				</trkpt>
			<trkpt lat="41.66910623" lon="70.14867118">
				<ele>2418.71</ele>
				</trkpt>
			<trkpt lat="41.66917216" lon="70.14855524">
				<ele>2415.47</ele>
				</trkpt>
			<trkpt lat="41.66925468" lon="70.14827501">
				<ele>2414.64</ele>
				</trkpt>
			<trkpt lat="41.66936995" lon="70.1481641">
				<ele>2414.7</ele>
				</trkpt>
			<trkpt lat="41.66940291" lon="70.14810816">
				<ele>2412.95</ele>
				</trkpt>
			<trkpt lat="41.66948512" lon="70.14791194">
				<ele>2409.83</ele>
				</trkpt>
			<trkpt lat="41.66955122" lon="70.1474995">
				<ele>2402.92</ele>
				</trkpt>
			<trkpt lat="41.66967944" lon="70.1473263">
				<ele>2397.03</ele>
				</trkpt>
			<trkpt lat="41.66978662" lon="70.14702644">
				<ele>2392.14</ele>
				</trkpt>
			<trkpt lat="41.6698468" lon="70.1467699">
				<ele>2386.84</ele>
				</trkpt>
			<trkpt lat="41.66985176" lon="70.14661332">
				<ele>2384.13</ele>
				</trkpt>
			<trkpt lat="41.66990326" lon="70.14630546">
				<ele>2379.56</ele>
				</trkpt>
			<trkpt lat="41.66989429" lon="70.14618617">
				<ele>2377.7</ele>
				</trkpt>
			<trkpt lat="41.66985837" lon="70.1460266">
				<ele>2373.56</ele>
				</trkpt>
			<trkpt lat="41.6698856" lon="70.14580237">
				<ele>2370.35</ele>
				</trkpt>
			<trkpt lat="41.669878" lon="70.14567182">
				<ele>2367.73</ele>
				</trkpt>
			<trkpt lat="41.66989726" lon="70.14560655">
				<ele>2365.8</ele>
				</trkpt>
			<trkpt lat="41.66996879" lon="70.14554932">
				<ele>2360.9</ele>
				</trkpt>
			<trkpt lat="41.67008926" lon="70.14550908">
				<ele>2353.46</ele>
				</trkpt>
			<trkpt lat="41.67022552" lon="70.14534876">
				<ele>2337.47</ele>
				</trkpt>
			<trkpt lat="41.67041812" lon="70.14517854">
				<ele>2319.61</ele>
				</trkpt>
			<trkpt lat="41.67057478" lon="70.14491793">
				<ele>2306.16</ele>
				</trkpt>
			<trkpt lat="41.67071422" lon="70.14481053">
				<ele>2296.39</ele>
				</trkpt>
			<trkpt lat="41.67074951" lon="70.14476257">
				<ele>2293.0</ele>
				</trkpt>
			<trkpt lat="41.67078744" lon="70.14469064">
				<ele>2288.85</ele>
				</trkpt>
			<trkpt lat="41.67084228" lon="70.14448318">
				<ele>2277.48</ele>
				</trkpt>
			<trkpt lat="41.67088621" lon="70.14439526">
				<ele>2272.28</ele>
				</trkpt>
			<trkpt lat="41.67094737" lon="70.14413609">
				<ele>2261.4</ele>
				</trkpt>
			<trkpt lat="41.67103786" lon="70.14388089">
				<ele>2250.68</ele>
				</trkpt>
			<trkpt lat="41.67111507" lon="70.14371533">
				<ele>2243.97</ele>
				</trkpt>
			<trkpt lat="41.6712496" lon="70.1435721">
				<ele>2232.75</ele>
				</trkpt>
			<trkpt lat="41.6712682" lon="70.14333193">
				<ele>2225.15</ele>
				</trkpt>
			<trkpt lat="41.67135405" lon="70.1431004">
				<ele>2219.33</ele>
				</trkpt>
			<trkpt lat="41.67144031" lon="70.1430018">
				<ele>2215.18</ele>
				</trkpt>
			<trkpt lat="41.67152927" lon="70.14297087">
				<ele>2210.62</ele>
				</trkpt>
			<trkpt lat="41.67155821" lon="70.1429036">
				<ele>2205.96</ele>
				</trkpt>
			<trkpt lat="41.67178461" lon="70.14267583">
				<ele>2189.44</ele>
				</trkpt>
			<trkpt lat="41.67189949" lon="70.1426203">
				<ele>2182.35</ele>
				</trkpt>
			<trkpt lat="41.67206926" lon="70.14231692">
				<ele>2175.44</ele>
				</trkpt>
			<trkpt lat="41.67209452" lon="70.14220038">
				<ele>2168.92</ele>
				</trkpt>
			<trkpt lat="41.67215673" lon="70.14205052">
				<ele>2167.41</ele>
				</trkpt>
			<trkpt lat="41.67238148" lon="70.14178276">
				<ele>2160.36</ele>
				</trkpt>
			<trkpt lat="41.6724091" lon="70.14171359">
				<ele>2156.73</ele>
				</trkpt>
			<trkpt lat="41.67249893" lon="70.14160737">
				<ele>2152.71</ele>
				</trkpt>
			<trkpt lat="41.67253685" lon="70.14150345">
				<ele>2150.36</ele>
				</trkpt>
			<trkpt lat="41.67258511" lon="70.14142284">
				<ele>2150.45</ele>
				</trkpt>
			<trkpt lat="41.67267701" lon="70.14132531">
				<ele>2147.59</ele>
				</trkpt>
			<trkpt lat="41.67277418" lon="70.14129103">
				<ele>2142.56</ele>
				</trkpt>
			<trkpt lat="41.67277551" lon="70.14127279">
				<ele>2142.07</ele>
				</trkpt>
			<trkpt lat="41.6728977" lon="70.14116991">
				<ele>2137.13</ele>
				</trkpt>
			<trkpt lat="41.67297828" lon="70.14105969">
				<ele>2131.95</ele>
				</trkpt>
			<trkpt lat="41.67303457" lon="70.14101908">
				<ele>2129.14</ele>
				</trkpt>
			<trkpt lat="41.67307981" lon="70.14093717">
				<ele>2126.55</ele>
				</trkpt>
			<trkpt lat="41.67305951" lon="70.14095816">
				<ele>2126.47</ele>
				</trkpt>
			<trkpt lat="41.67311978" lon="70.14089152">
				<ele>2125.21</ele>
				</trkpt>
			<trkpt lat="41.67314142" lon="70.14084321">
				<ele>2123.84</ele>
				</trkpt>
			<trkpt lat="41.673239" lon="70.14077599">
				<ele>2119.74</ele>
				</trkpt>
			<trkpt lat="41.6733845" lon="70.14057917">
				<ele>2112.37</ele>
				</trkpt>
			<trkpt lat="41.67347236" lon="70.14038007">
				<ele>2107.51</ele>
				</trkpt>
			<trkpt lat="41.67355222" lon="70.14030419">
				<ele>2103.94</ele>
				</trkpt>
			<trkpt lat="41.67367167" lon="70.1400837">
				<ele>2097.29</ele>
				</trkpt>
			<trkpt lat="41.67376354" lon="70.13996117">
				<ele>2092.12</ele>
				</trkpt>
			<trkpt lat="41.67379247" lon="70.13988258">
				<ele>2089.42</ele>
				</trkpt>
			<trkpt lat="41.67381137" lon="70.13973244">
				<ele>2083.76</ele>
				</trkpt>
			<trkpt lat="41.67384565" lon="70.13964682">
				<ele>2081.98</ele>
				</trkpt>
			<trkpt lat="41.67407376" lon="70.13932273">
				<ele>2074.74</ele>
				</trkpt>
			<trkpt lat="41.67421965" lon="70.13918984">
				<ele>2073.0</ele>
				</trkpt>
			<trkpt lat="41.67432423" lon="70.13905565">
				<ele>2069.25</ele>
				</trkpt>
			<trkpt lat="41.67437683" lon="70.13902103">
				<ele>2067.75</ele>
				</trkpt>
			<trkpt lat="41.67446475" lon="70.13889549">
				<ele>2065.19</ele>
				</trkpt>
			<trkpt lat="41.67465088" lon="70.13871467">
				<ele>2056.74</ele>
				</trkpt>
			<trkpt lat="41.67469977" lon="70.13863342">
				<ele>2054.58</ele>
				</trkpt>
			<trkpt lat="41.67474039" lon="70.13861081">
				<ele>2053.92</ele>
				</trkpt>
			<trkpt lat="41.67483223" lon="70.1384426">
				<ele>2050.62</ele>
				</trkpt>
			<trkpt lat="41.67493279" lon="70.13836936">
				<ele>2045.1</ele>
				</trkpt>
			<trkpt lat="41.675" lon="70.13819415">
				<ele>2040.57</ele>
				</trkpt>
			<trkpt lat="41.67507594" lon="70.13813121">
				<ele>2038.73</ele>
				</trkpt>
			<trkpt lat="41.67519547" lon="70.13796669">
				<ele>2034.41</ele>
				</trkpt>
			<trkpt lat="41.67529337" lon="70.13780483">
				<ele>2028.84</ele>
				</trkpt>
			<trkpt lat="41.67535627" lon="70.13763591">
				<ele>2023.56</ele>
				</trkpt>
			<trkpt lat="41.67543082" lon="70.13751234">
				<ele>2020.41</ele>
				</trkpt>
			<trkpt lat="41.67554197" lon="70.13737185">
				<ele>2017.33</ele>
				</trkpt>
			<trkpt lat="41.67564051" lon="70.13720897">
				<ele>2015.25</ele>
				</trkpt>
			<trkpt lat="41.67573777" lon="70.13710038">
				<ele>2013.49</ele>
				</trkpt>
			<trkpt lat="41.67575806" lon="70.13702212">
				<ele>2012.3</ele>
				</trkpt>
			<trkpt lat="41.67581632" lon="70.13693518">
				<ele>2011.16</ele>
				</trkpt>
			<trkpt lat="41.67590992" lon="70.1368296">
				<ele>2009.48</ele>
				</trkpt>
			<trkpt lat="41.67621477" lon="70.13639931">
				<ele>2004.94</ele>
				</trkpt>
			<trkpt lat="41.67627866" lon="70.13625574">
				<ele>2004.03</ele>
				</trkpt>
			<trkpt lat="41.67650108" lon="70.13593031">
				<ele>2000.27</ele>
				</trkpt>
			<trkpt lat="41.67657222" lon="70.13574519">
				<ele>1995.31</ele>
				</trkpt>
			<trkpt lat="41.67661878" lon="70.13566828">
				<ele>1995.64</ele>
				</trkpt>
			<trkpt lat="41.67675964" lon="70.13560372">
				<ele>1996.07</ele>
				</trkpt>
			<trkpt lat="41.67683623" lon="70.13552646">
				<ele>1993.93</ele>
				</trkpt>
			<trkpt lat="41.67690451" lon="70.1354855">
				<ele>1992.79</ele>
				</trkpt>
			<trkpt lat="41.67720183" lon="70.13536681">
				<ele>1990.54</ele>
				</trkpt>
			<trkpt lat="41.67740895" lon="70.13536014">
				<ele>1991.63</ele>
				</trkpt>
			<trkpt lat="41.67750588" lon="70.13532658">
				<ele>1993.04</ele>
				</trkpt>
			<trkpt lat="41.67752342" lon="70.1353398">
				<ele>1993.01</ele>
				</trkpt>
			<trkpt lat="41.67751153" lon="70.13532229">
				<ele>1993.28</ele>
				</trkpt>
			<trkpt lat="41.67762532" lon="70.13530638">
				<ele>1994.44</ele>
				</trkpt>
			<trkpt lat="41.67794708" lon="70.13530175">
				<ele>1994.44</ele>
				</trkpt>
			<trkpt lat="41.67806268" lon="70.13525984">
				<ele>1995.34</ele>
				</trkpt>
			<trkpt lat="41.67810996" lon="70.13526213">
				<ele>1994.97</ele>
				</trkpt>
			<trkpt lat="41.67821588" lon="70.1352102">
				<ele>1993.58</ele>
				</trkpt>
			<trkpt lat="41.67831912" lon="70.13512926">
				<ele>1990.07</ele>
				</trkpt>
			<trkpt lat="41.67847094" lon="70.13494877">
				<ele>1984.1</ele>
				</trkpt>
			<trkpt lat="41.67857751" lon="70.13487989">
				<ele>1978.87</ele>
				</trkpt>
			<trkpt lat="41.67865809" lon="70.13480031">
				<ele>1975.47</ele>
				</trkpt>
			<trkpt lat="41.67872401" lon="70.13472139">
				<ele>1972.12</ele>
				</trkpt>
			<trkpt lat="41.67882152" lon="70.13451287">
				<ele>1963.59</ele>
				</trkpt>
			<trkpt lat="41.6789021" lon="70.13444659">
				<ele>1959.7</ele>
				</trkpt>
			<trkpt lat="41.67901399" lon="70.13437831">
				<ele>1956.34</ele>
				</trkpt>
			<trkpt lat="41.67924047" lon="70.13440523">
				<ele>1949.09</ele>
				</trkpt>
			<trkpt lat="41.67925544" lon="70.1343936">
				<ele>1947.2</ele>
				</trkpt>
			<trkpt lat="41.67931373" lon="70.13441256">
				<ele>1945.47</ele>
				</trkpt>
			<trkpt lat="41.6794833" lon="70.13434099">
				<ele>1938.87</ele>
				</trkpt>
			<trkpt lat="41.67957853" lon="70.13422007">
				<ele>1931.7</ele>
				</trkpt>
			<trkpt lat="41.67966478" lon="70.13415482">
				<ele>1925.1</ele>
				</trkpt>
			<trkpt lat="41.67973566" lon="70.13405058">
				<ele>1921.47</ele>
				</trkpt>
			<trkpt lat="41.67979287" lon="70.13392302">
				<ele>1919.97</ele>
				</trkpt>
			<trkpt lat="41.68006952" lon="70.13365802">
				<ele>1910.31</ele>
				</trkpt>
			<trkpt lat="41.6801088" lon="70.13359342">
				<ele>1908.3</ele>
				</trkpt>
			<trkpt lat="41.6801411" lon="70.13357945">
				<ele>1907.16</ele>
				</trkpt>
			<trkpt lat="41.68020169" lon="70.13361735">
				<ele>1904.98</ele>
				</trkpt>
			<trkpt lat="41.68026958" lon="70.13373324">
				<ele>1900.01</ele>
				</trkpt>
			<trkpt lat="41.68032681" lon="70.13375885">
				<ele>1896.38</ele>
				</trkpt>
			<trkpt lat="41.68036975" lon="70.13384244">
				<ele>1893.02</ele>
				</trkpt>
			<trkpt lat="41.68043269" lon="70.13391437">
				<ele>1888.63</ele>
				</trkpt>
			<trkpt lat="41.68047499" lon="70.13394001">
				<ele>1886.0</ele>
				</trkpt>
			<trkpt lat="41.68056828" lon="70.13394268">
				<ele>1880.42</ele>
				</trkpt>
			<trkpt lat="41.68068621" lon="70.13399024">
				<ele>1872.38</ele>
				</trkpt>
			<trkpt lat="41.68076311" lon="70.13412344">
				<ele>1864.43</ele>
				</trkpt>
			<trkpt lat="41.68079975" lon="70.13415807">
				<ele>1861.72</ele>
				</trkpt>
			<trkpt lat="41.68085338" lon="70.13417536">
				<ele>1859.09</ele>
				</trkpt>
			<trkpt lat="41.68123702" lon="70.13413886">
				<ele>1850.77</ele>
				</trkpt>
			<trkpt lat="41.68133689" lon="70.13415808">
				<ele>1847.62</ele>
				</trkpt>
			<trkpt lat="41.68141745" lon="70.13412217">
				<ele>1843.44</ele>
				</trkpt>
			<trkpt lat="41.6816245" lon="70.13412416">
				<ele>1837.88</ele>
				</trkpt>
			<trkpt lat="41.68162682" lon="70.13410432">
				<ele>1837.05</ele>
				</trkpt>
			<trkpt lat="41.68166543" lon="70.13410001">
				<ele>1835.72</ele>
				</trkpt>
			<trkpt lat="41.68176824" lon="70.13412591">
				<ele>1830.76</ele>
				</trkpt>
			<trkpt lat="41.68194467" lon="70.13409405">
				<ele>1828.65</ele>
				</trkpt>
			<trkpt lat="41.68205921" lon="70.13409571">
				<ele>1825.95</ele>
				</trkpt>
			<trkpt lat="41.68226132" lon="70.13413489">
				<ele>1815.55</ele>
				</trkpt>
			<trkpt lat="41.68241619" lon="70.13422245">
				<ele>1806.21</ele>
				</trkpt>
			<trkpt lat="41.68258437" lon="70.13422907">
				<ele>1797.57</ele>
				</trkpt>
			<trkpt lat="41.6828325" lon="70.13417356">
				<ele>1785.53</ele>
				</trkpt>
			<trkpt lat="41.68295302" lon="70.13400805">
				<ele>1779.32</ele>
				</trkpt>
			<trkpt lat="41.68299859" lon="70.13388183">
				<ele>1775.09</ele>
				</trkpt>
			<trkpt lat="41.683167" lon="70.13355844">
				<ele>1764.53</ele>
				</trkpt>
			<trkpt lat="41.68319393" lon="70.13346019">
				<ele>1761.04</ele>
				</trkpt>
			<trkpt lat="41.68321318" lon="70.13326159">
				<ele>1756.55</ele>
				</trkpt>
			<trkpt lat="41.68332297" lon="70.13294373">
				<ele>1748.88</ele>
				</trkpt>
			<trkpt lat="41.68352045" lon="70.13267293">
				<ele>1741.43</ele>
				</trkpt>
			<trkpt lat="41.68364498" lon="70.13243874">
				<ele>1735.92</ele>
				</trkpt>
			<trkpt lat="41.68384047" lon="70.13219761">
				<ele>1731.91</ele>
				</trkpt>
			<trkpt lat="41.68387642" lon="70.13211298">
				<ele>1731.44</ele>
				</trkpt>
			<trkpt lat="41.68390899" lon="70.13192441">
				<ele>1729.27</ele>
				</trkpt>
			<trkpt lat="41.68396526" lon="70.1318108">
				<ele>1726.26</ele>
				</trkpt>
			<trkpt lat="41.6840725" lon="70.13166189">
				<ele>1721.13</ele>
				</trkpt>
			<trkpt lat="41.68414198" lon="70.13151233">
				<ele>1715.09</ele>
				</trkpt>
			<trkpt lat="41.68421883" lon="70.13143247">
				<ele>1709.82</ele>
				</trkpt>
			<trkpt lat="41.68427275" lon="70.13134657">
				<ele>1707.34</ele>
				</trkpt>
			<trkpt lat="41.68442422" lon="70.13106778">
				<ele>1701.05</ele>
				</trkpt>
			<trkpt lat="41.68445347" lon="70.13095817">
				<ele>1698.6</ele>
				</trkpt>
			<trkpt lat="41.68444781" lon="70.13086856">
				<ele>1697.41</ele>
				</trkpt>
			<trkpt lat="41.68455663" lon="70.13062873">
				<ele>1697.12</ele>
				</trkpt>
			<trkpt lat="41.68466452" lon="70.13055113">
				<ele>1696.28</ele>
				</trkpt>
			<trkpt lat="41.68470215" lon="70.13049716">
				<ele>1695.47</ele>
				</trkpt>
			<trkpt lat="41.68473775" lon="70.13038287">
				<ele>1693.91</ele>
				</trkpt>
			<trkpt lat="41.68476434" lon="70.13022195">
				<ele>1691.98</ele>
				</trkpt>
			<trkpt lat="41.68480413" lon="70.1295399">
				<ele>1685.77</ele>
				</trkpt>
			<trkpt lat="41.68484432" lon="70.12927536">
				<ele>1683.77</ele>
				</trkpt>
			<trkpt lat="41.68497145" lon="70.12897218">
				<ele>1678.67</ele>
				</trkpt>
			<trkpt lat="41.68511588" lon="70.12855969">
				<ele>1671.84</ele>
				</trkpt>
			<trkpt lat="41.68524307" lon="70.12831883">
				<ele>1667.64</ele>
				</trkpt>
			<trkpt lat="41.68529463" lon="70.12813856">
				<ele>1665.37</ele>
				</trkpt>
			<trkpt lat="41.68552206" lon="70.12781907">
				<ele>1661.96</ele>
				</trkpt>
			<trkpt lat="41.68568122" lon="70.12755793">
				<ele>1659.62</ele>
				</trkpt>
			<trkpt lat="41.68583607" lon="70.1274204">
				<ele>1658.39</ele>
				</trkpt>
			<trkpt lat="41.68592499" lon="70.1272965">
				<ele>1657.53</ele>
				</trkpt>
			<trkpt lat="41.68595162" lon="70.12722622">
				<ele>1657.19</ele>
				</trkpt>
			<trkpt lat="41.68596721" lon="70.12693935">
				<ele>1657.36</ele>
				</trkpt>
			<trkpt lat="41.68609196" lon="70.12653951">
				<ele>1654.07</ele>
				</trkpt>
			<trkpt lat="41.68631079" lon="70.12617298">
				<ele>1648.11</ele>
				</trkpt>
			<trkpt lat="41.68659046" lon="70.12560286">
				<ele>1641.27</ele>
				</trkpt>
			<trkpt lat="41.68667371" lon="70.12549493">
				<ele>1639.76</ele>
				</trkpt>
			<trkpt lat="41.6868356" lon="70.12534402">
				<ele>1636.32</ele>
				</trkpt>
			<trkpt lat="41.68699418" lon="70.12522911">
				<ele>1633.16</ele>
				</trkpt>
			<trkpt lat="41.68711742" lon="70.12506455">
				<ele>1629.73</ele>
				</trkpt>
			<trkpt lat="41.68712869" lon="70.1249596">
				<ele>1628.44</ele>
				</trkpt>
			<trkpt lat="41.68710409" lon="70.12487542">
				<ele>1627.32</ele>
				</trkpt>
			<trkpt lat="41.68709617" lon="70.12489291">
				<ele>1627.15</ele>
				</trkpt>
			<trkpt lat="41.6871058" lon="70.12484877">
				<ele>1627.29</ele>
				</trkpt>
			<trkpt lat="41.68705018" lon="70.12478351">
				<ele>1626.37</ele>
				</trkpt>
			<trkpt lat="41.68689035" lon="70.12445399">
				<ele>1624.25</ele>
				</trkpt>
			<trkpt lat="41.68680244" lon="70.12430838">
				<ele>1621.6</ele>
				</trkpt>
			<trkpt lat="41.68668622" lon="70.12401681">
				<ele>1617.82</ele>
				</trkpt>
			<trkpt lat="41.68665193" lon="70.12386919">
				<ele>1616.61</ele>
				</trkpt>
			<trkpt lat="41.68665825" lon="70.12349196">
				<ele>1613.74</ele>
				</trkpt>
			<trkpt lat="41.68680407" lon="70.12304313">
				<ele>1610.9</ele>
				</trkpt>
			<trkpt lat="41.68681104" lon="70.12292517">
				<ele>1609.9</ele>
				</trkpt>
			<trkpt lat="41.686841" lon="70.12284855">
				<ele>1609.0</ele>
				</trkpt>
			<trkpt lat="41.68686426" lon="70.12267029">
				<ele>1606.08</ele>
				</trkpt>
			<trkpt lat="41.68680872" lon="70.12239038">
				<ele>1600.1</ele>
				</trkpt>
			<trkpt lat="41.68665655" lon="70.12202887">
				<ele>1592.42</ele>
				</trkpt>
			<trkpt lat="41.68663561" lon="70.12186592">
				<ele>1589.6</ele>
				</trkpt>
			<trkpt lat="41.68664657" lon="70.1217656">
				<ele>1587.91</ele>
				</trkpt>
			<trkpt lat="41.6866965" lon="70.12161065">
				<ele>1585.6</ele>
				</trkpt>
			<trkpt lat="41.68668422" lon="70.12122743">
				<ele>1580.3</ele>
				</trkpt>
			<trkpt lat="41.68664332" lon="70.12094986">
				<ele>1575.81</ele>
				</trkpt>
			<trkpt lat="41.68666027" lon="70.12062502">
				<ele>1568.2</ele>
				</trkpt>
			<trkpt lat="41.68668523" lon="70.1205504">
				<ele>1566.06</ele>
				</trkpt>
			<trkpt lat="41.68670982" lon="70.1203555">
				<ele>1561.28</ele>
				</trkpt>
			<trkpt lat="41.68681233" lon="70.12008732">
				<ele>1555.18</ele>
				</trkpt>
			<trkpt lat="41.68681565" lon="70.11994677">
				<ele>1552.9</ele>
				</trkpt>
			<trkpt lat="41.68685494" lon="70.11987583">
				<ele>1549.83</ele>
				</trkpt>
			<trkpt lat="41.68683663" lon="70.11982452">
				<ele>1548.44</ele>
				</trkpt>
			<trkpt lat="41.68676501" lon="70.11974022">
				<ele>1546.05</ele>
				</trkpt>
			<trkpt lat="41.68675368" lon="70.11966859">
				<ele>1544.54</ele>
				</trkpt>
			<trkpt lat="41.68677999" lon="70.11961229">
				<ele>1543.75</ele>
				</trkpt>
			<trkpt lat="41.68682062" lon="70.11957332">
				<ele>1543.31</ele>
				</trkpt>
			<trkpt lat="41.68717407" lon="70.11940183">
				<ele>1539.14</ele>
				</trkpt>
			<trkpt lat="41.68723436" lon="70.11935021">
				<ele>1538.48</ele>
				</trkpt>
			<trkpt lat="41.68731396" lon="70.11919695">
				<ele>1536.04</ele>
				</trkpt>
			<trkpt lat="41.68744155" lon="70.11908071">
				<ele>1534.22</ele>
				</trkpt>
			<trkpt lat="41.68749644" lon="70.11890147">
				<ele>1529.99</ele>
				</trkpt>
			<trkpt lat="41.68765958" lon="70.11855463">
				<ele>1525.15</ele>
				</trkpt>
			<trkpt lat="41.68772278" lon="70.11822008">
				<ele>1520.17</ele>
				</trkpt>
			<trkpt lat="41.68779154" lon="70.11758636">
				<ele>1514.91</ele>
				</trkpt>
			<trkpt lat="41.68783081" lon="70.11747142">
				<ele>1513.72</ele>
				</trkpt>
			<trkpt lat="41.68794639" lon="70.11725753">
				<ele>1509.91</ele>
				</trkpt>
			<trkpt lat="41.68796569" lon="70.11718457">
				<ele>1509.14</ele>
				</trkpt>
			<trkpt lat="41.68798886" lon="70.11659618">
				<ele>1498.12</ele>
				</trkpt>
			<trkpt lat="41.68795231" lon="70.11625962">
				<ele>1489.46</ele>
				</trkpt>
			<trkpt lat="41.6880228" lon="70.11548225">
				<ele>1478.17</ele>
				</trkpt>
			<trkpt lat="41.68812901" lon="70.1151047">
				<ele>1473.62</ele>
				</trkpt>
			<trkpt lat="41.6882142" lon="70.11472583">
				<ele>1469.71</ele>
				</trkpt>
			<trkpt lat="41.68828048" lon="70.11451824">
				<ele>1468.03</ele>
				</trkpt>
			<trkpt lat="41.68836197" lon="70.11403076">
				<ele>1462.84</ele>
				</trkpt>
			<trkpt lat="41.68844552" lon="70.11381485">
				<ele>1458.82</ele>
				</trkpt>
			<trkpt lat="41.68865119" lon="70.11317482">
				<ele>1446.12</ele>
				</trkpt>
			<trkpt lat="41.68864621" lon="70.11292958">
				<ele>1441.67</ele>
				</trkpt>
			<trkpt lat="41.68867418" lon="70.11284628">
				<ele>1441.33</ele>
				</trkpt>
			<trkpt lat="41.68877047" lon="70.11272766">
				<ele>1441.42</ele>
				</trkpt>
			<trkpt lat="41.68883377" lon="70.11259672">
				<ele>1441.56</ele>
				</trkpt>
			<trkpt lat="41.68884041" lon="70.11251275">
				<ele>1442.11</ele>
				</trkpt>
			<trkpt lat="41.68881346" lon="70.11230214">
				<ele>1442.09</ele>
				</trkpt>
			<trkpt lat="41.68891653" lon="70.11171536">
				<ele>1433.22</ele>
				</trkpt>
			<trkpt lat="41.68894883" lon="70.11166305">
				<ele>1431.34</ele>
				</trkpt>
			<trkpt lat="41.68896944" lon="70.11140779">
				<ele>1424.87</ele>
				</trkpt>
			<trkpt lat="41.68904603" lon="70.11131786">
				<ele>1421.89</ele>
				</trkpt>
			<trkpt lat="41.68910432" lon="70.11128122">
				<ele>1419.37</ele>
				</trkpt>
			<trkpt lat="41.68920921" lon="70.11110569">
				<ele>1413.33</ele>
				</trkpt>
			<trkpt lat="41.68924351" lon="70.11106306">
				<ele>1411.57</ele>
				</trkpt>
			<trkpt lat="41.68928813" lon="70.11104743">
				<ele>1410.17</ele>
				</trkpt>
			<trkpt lat="41.68935572" lon="70.11094021">
				<ele>1406.19</ele>
				</trkpt>
			<trkpt lat="41.68958024" lon="70.11083668">
				<ele>1398.93</ele>
				</trkpt>
			<trkpt lat="41.68967949" lon="70.11070776">
				<ele>1394.72</ele>
				</trkpt>
			<trkpt lat="41.68975674" lon="70.11051585">
				<ele>1390.64</ele>
				</trkpt>
			<trkpt lat="41.68979168" lon="70.1103689">
				<ele>1386.92</ele>
				</trkpt>
			<trkpt lat="41.68980395" lon="70.11015697">
				<ele>1381.55</ele>
				</trkpt>
			<trkpt lat="41.68978902" lon="70.10988041">
				<ele>1375.44</ele>
				</trkpt>
			<trkpt lat="41.68980695" lon="70.10972614">
				<ele>1372.01</ele>
				</trkpt>
			<trkpt lat="41.68983423" lon="70.10961285">
				<ele>1369.73</ele>
				</trkpt>
			<trkpt lat="41.68992675" lon="70.10937394">
				<ele>1363.62</ele>
				</trkpt>
			<trkpt lat="41.68999637" lon="70.10932565">
				<ele>1361.1</ele>
				</trkpt>
			<trkpt lat="41.69011598" lon="70.10929704">
				<ele>1357.64</ele>
				</trkpt>
			<trkpt lat="41.69017829" lon="70.10924542">
				<ele>1355.75</ele>
				</trkpt>
			<trkpt lat="41.69027721" lon="70.1090535">
				<ele>1351.7</ele>
				</trkpt>
			<trkpt lat="41.69031348" lon="70.10887688">
				<ele>1349.32</ele>
				</trkpt>
			<trkpt lat="41.69037076" lon="70.10871528">
				<ele>1346.63</ele>
				</trkpt>
			<trkpt lat="41.69048301" lon="70.10856936">
				<ele>1343.24</ele>
				</trkpt>
			<trkpt lat="41.69058628" lon="70.10850309">
				<ele>1340.2</ele>
				</trkpt>
			<trkpt lat="41.69065387" lon="70.10840648">
				<ele>1336.86</ele>
				</trkpt>
			<trkpt lat="41.69110959" lon="70.10802648">
				<ele>1320.18</ele>
				</trkpt>
			<trkpt lat="41.69119453" lon="70.10793152">
				<ele>1317.7</ele>
				</trkpt>
			<trkpt lat="41.69131277" lon="70.10773095">
				<ele>1313.3</ele>
				</trkpt>
			<trkpt lat="41.69156765" lon="70.10752574">
				<ele>1308.42</ele>
				</trkpt>
			<trkpt lat="41.69161994" lon="70.10739713">
				<ele>1305.5</ele>
				</trkpt>
			<trkpt lat="41.6916595" lon="70.10718957">
				<ele>1301.06</ele>
				</trkpt>
			<trkpt lat="41.69172907" lon="70.10696265">
				<ele>1297.34</ele>
				</trkpt>
			<trkpt lat="41.69182265" lon="70.10676038">
				<ele>1294.59</ele>
				</trkpt>
			<trkpt lat="41.69190229" lon="70.10667408">
				<ele>1293.24</ele>
				</trkpt>
			<trkpt lat="41.69202458" lon="70.1066458">
				<ele>1291.22</ele>
				</trkpt>
			<trkpt lat="41.69211588" lon="70.10657619">
				<ele>1290.13</ele>
				</trkpt>
			<trkpt lat="41.69225713" lon="70.10642196">
				<ele>1285.74</ele>
				</trkpt>
			<trkpt lat="41.69234471" lon="70.10629434">
				<ele>1282.88</ele>
				</trkpt>
			<trkpt lat="41.69245531" lon="70.1061951">
				<ele>1279.62</ele>
				</trkpt>
			<trkpt lat="41.69263848" lon="70.10591263">
				<ele>1270.48</ele>
				</trkpt>
			<trkpt lat="41.69272405" lon="70.10572505">
				<ele>1265.48</ele>
				</trkpt>
			<trkpt lat="41.69279292" lon="70.10550248">
				<ele>1259.72</ele>
				</trkpt>
			<trkpt lat="41.69287851" lon="70.10529757">
				<ele>1255.2</ele>
				</trkpt>
			<trkpt lat="41.69298913" lon="70.10515297">
				<ele>1253.08</ele>
				</trkpt>
			<trkpt lat="41.69306075" lon="70.10502569">
				<ele>1251.12</ele>
				</trkpt>
			<trkpt lat="41.69313338" lon="70.10496105">
				<ele>1249.95</ele>
				</trkpt>
			<trkpt lat="41.69339293" lon="70.10484019">
				<ele>1247.41</ele>
				</trkpt>
			<trkpt lat="41.69355385" lon="70.1046736">
				<ele>1245.04</ele>
				</trkpt>
			<trkpt lat="41.69374571" lon="70.10427309">
				<ele>1242.08</ele>
				</trkpt>
			<trkpt lat="41.69382296" lon="70.10401884">
				<ele>1238.98</ele>
				</trkpt>
			<trkpt lat="41.6939452" lon="70.10373861">
				<ele>1234.79</ele>
				</trkpt>
			<trkpt lat="41.69403074" lon="70.10346239">
				<ele>1229.81</ele>
				</trkpt>
			<trkpt lat="41.69405399" lon="70.10323348">
				<ele>1225.98</ele>
				</trkpt>
			<trkpt lat="41.69416607" lon="70.10261672">
				<ele>1212.95</ele>
				</trkpt>
			<trkpt lat="41.69413445" lon="70.10250777">
				<ele>1210.25</ele>
				</trkpt>
			<trkpt lat="41.69411816" lon="70.1023735">
				<ele>1207.86</ele>
				</trkpt>
			<trkpt lat="41.69393431" lon="70.10202597">
				<ele>1198.6</ele>
				</trkpt>
			<trkpt lat="41.69378673" lon="70.10186938">
				<ele>1195.48</ele>
				</trkpt>
			<trkpt lat="41.6937521" lon="70.10179642">
				<ele>1194.61</ele>
				</trkpt>
			<trkpt lat="41.69383557" lon="70.10127701">
				<ele>1184.13</ele>
				</trkpt>
			<trkpt lat="41.69376039" lon="70.10094814">
				<ele>1176.14</ele>
				</trkpt>
			<trkpt lat="41.69362929" lon="70.10052465">
				<ele>1164.27</ele>
				</trkpt>
			<trkpt lat="41.69361601" lon="70.10038072">
				<ele>1160.88</ele>
				</trkpt>
			<trkpt lat="41.6936426" lon="70.10022978">
				<ele>1157.59</ele>
				</trkpt>
			<trkpt lat="41.69371952" lon="70.10006852">
				<ele>1153.58</ele>
				</trkpt>
			<trkpt lat="41.69376978" lon="70.09990258">
				<ele>1150.39</ele>
				</trkpt>
			<trkpt lat="41.69389733" lon="70.09968032">
				<ele>1146.0</ele>
				</trkpt>
			<trkpt lat="41.69400388" lon="70.09944041">
				<ele>1140.56</ele>
				</trkpt>
			<trkpt lat="41.69406514" lon="70.0992958">
				<ele>1136.99</ele>
				</trkpt>
			<trkpt lat="41.69412905" lon="70.09908589">
				<ele>1132.43</ele>
				</trkpt>
			<trkpt lat="41.69425613" lon="70.09858041">
				<ele>1120.7</ele>
				</trkpt>
			<trkpt lat="41.69430134" lon="70.09813792">
				<ele>1111.65</ele>
				</trkpt>
			<trkpt lat="41.69436819" lon="70.09775606">
				<ele>1102.41</ele>
				</trkpt>
			<trkpt lat="41.69439544" lon="70.0975075">
				<ele>1097.18</ele>
				</trkpt>
			<trkpt lat="41.69437548" lon="70.09739687">
				<ele>1094.32</ele>
				</trkpt>
			<trkpt lat="41.69434121" lon="70.09731992">
				<ele>1091.52</ele>
				</trkpt>
			<trkpt lat="41.69423128" lon="70.09723663">
				<ele>1089.46</ele>
				</trkpt>
			<trkpt lat="41.6942043" lon="70.097176">
				<ele>1089.18</ele>
				</trkpt>
			<trkpt lat="41.69421528" lon="70.0970997">
				<ele>1087.81</ele>
				</trkpt>
			<trkpt lat="41.69426323" lon="70.0969791">
				<ele>1084.88</ele>
				</trkpt>
			<trkpt lat="41.69427154" lon="70.09689749">
				<ele>1083.15</ele>
				</trkpt>
			<trkpt lat="41.69425926" lon="70.09641037">
				<ele>1072.79</ele>
				</trkpt>
			<trkpt lat="41.6942094" lon="70.09604284">
				<ele>1066.36</ele>
				</trkpt>
			<trkpt lat="41.69413946" lon="70.09586925">
				<ele>1063.62</ele>
				</trkpt>
			<trkpt lat="41.69392759" lon="70.09562502">
				<ele>1060.21</ele>
				</trkpt>
			<trkpt lat="41.69395689" lon="70.09567665">
				<ele>1060.0</ele>
				</trkpt>
			<trkpt lat="41.69411846" lon="70.09572857">
				<ele>1058.22</ele>
				</trkpt>
			<trkpt lat="41.69427904" lon="70.09582315">
				<ele>1055.16</ele>
				</trkpt>
			<trkpt lat="41.69441497" lon="70.09586908">
				<ele>1051.95</ele>
				</trkpt>
			<trkpt lat="41.69450693" lon="70.09586376">
				<ele>1049.66</ele>
				</trkpt>
			<trkpt lat="41.69452592" lon="70.09584811">
				<ele>1049.17</ele>
				</trkpt>
			<trkpt lat="41.69457285" lon="70.09572551">
				<ele>1045.32</ele>
				</trkpt>
			<trkpt lat="41.69482002" lon="70.09549602">
				<ele>1036.41</ele>
				</trkpt>
			<trkpt lat="41.6950399" lon="70.0954058">
				<ele>1032.1</ele>
				</trkpt>
			<trkpt lat="41.69524246" lon="70.09526758">
				<ele>1027.45</ele>
				</trkpt>
			<trkpt lat="41.69531907" lon="70.09514361">
				<ele>1024.2</ele>
				</trkpt>
			<trkpt lat="41.69537936" lon="70.095006">
				<ele>1021.26</ele>
				</trkpt>
			<trkpt lat="41.69549727" lon="70.0948474">
				<ele>1017.51</ele>
				</trkpt>
			<trkpt lat="41.69578214" lon="70.09475286">
				<ele>1012.36</ele>
				</trkpt>
			<trkpt lat="41.69589473" lon="70.0946736">
				<ele>1009.56</ele>
				</trkpt>
			<trkpt lat="41.69598035" lon="70.09468724">
				<ele>1007.56</ele>
				</trkpt>
			<trkpt lat="41.696" lon="70.09467292">
				<ele>1006.98</ele>
				</trkpt>
			<trkpt lat="41.695999" lon="70.09461594">
				<ele>1006.48</ele>
				</trkpt>
			<trkpt lat="41.69583289" lon="70.09413611">
				<ele>1002.28</ele>
				</trkpt>
			<trkpt lat="41.69546964" lon="70.09353825">
				<ele>996.52</ele>
				</trkpt>
			<trkpt lat="41.69545033" lon="70.09344695">
				<ele>995.96</ele>
				</trkpt>
			<trkpt lat="41.69547496" lon="70.09339298">
				<ele>995.51</ele>
				</trkpt>
			<trkpt lat="41.69552326" lon="70.09334667">
				<ele>995.36</ele>
				</trkpt>
			<trkpt lat="41.69567551" lon="70.09325076">
				<ele>994.6</ele>
				</trkpt>
			<trkpt lat="41.69580979" lon="70.09320347">
				<ele>993.56</ele>
				</trkpt>
			<trkpt lat="41.69587276" lon="70.09320613">
				<ele>992.63</ele>
				</trkpt>
			<trkpt lat="41.69592003" lon="70.09317951">
				<ele>992.01</ele>
				</trkpt>
			<trkpt lat="41.69620816" lon="70.09290368">
				<ele>989.23</ele>
				</trkpt>
			<trkpt lat="41.69661568" lon="70.09265785">
				<ele>986.77</ele>
				</trkpt>
			<trkpt lat="41.69667298" lon="70.09260022">
				<ele>986.46</ele>
				</trkpt>
			<trkpt lat="41.6966883" lon="70.09256224">
				<ele>986.29</ele>
				</trkpt>
			<trkpt lat="41.69651856" lon="70.09191484">
				<ele>981.51</ele>
				</trkpt>
			<trkpt lat="41.69641496" lon="70.09173526">
				<ele>980.31</ele>
				</trkpt>
			<trkpt lat="41.69624972" lon="70.09156069">
				<ele>978.65</ele>
				</trkpt>
			<trkpt lat="41.69611945" lon="70.0915264">
				<ele>976.75</ele>
				</trkpt>
			<trkpt lat="41.69595987" lon="70.09140719">
				<ele>972.8</ele>
				</trkpt>
			<trkpt lat="41.69589225" lon="70.09131225">
				<ele>970.93</ele>
				</trkpt>
			<trkpt lat="41.69585795" lon="70.09122396">
				<ele>969.2</ele>
				</trkpt>
			<trkpt lat="41.6958064" lon="70.09097242">
				<ele>962.91</ele>
				</trkpt>
			<trkpt lat="41.69579013" lon="70.09067919">
				<ele>955.41</ele>
				</trkpt>
			<trkpt lat="41.69583271" lon="70.09042099">
				<ele>949.48</ele>
				</trkpt>
			<trkpt lat="41.69586864" lon="70.09032069">
				<ele>946.99</ele>
				</trkpt>
			<trkpt lat="41.69597324" lon="70.09018874">
				<ele>943.96</ele>
				</trkpt>
			<trkpt lat="41.69616745" lon="70.09004651">
				<ele>939.01</ele>
				</trkpt>
			<trkpt lat="41.69631405" lon="70.08988761">
				<ele>933.67</ele>
				</trkpt>
			<trkpt lat="41.69633103" lon="70.08984197">
				<ele>932.46</ele>
				</trkpt>
			<trkpt lat="41.69632274" lon="70.08962673">
				<ele>927.76</ele>
				</trkpt>
			<trkpt lat="41.69626984" lon="70.08935851">
				<ele>922.66</ele>
				</trkpt>
			<trkpt lat="41.69626255" lon="70.08912493">
				<ele>919.79</ele>
				</trkpt>
			<trkpt lat="41.69623461" lon="70.08901864">
				<ele>918.13</ele>
				</trkpt>
			<trkpt lat="41.69624526" lon="70.08893467">
				<ele>916.7</ele>
				</trkpt>
			<trkpt lat="41.69628324" lon="70.08891634">
				<ele>916.19</ele>
				</trkpt>
			<trkpt lat="41.69633221" lon="70.08895599">
				<ele>915.83</ele>
				</trkpt>
			<trkpt lat="41.6965158" lon="70.08901225">
				<ele>915.62</ele>
				</trkpt>
			<trkpt lat="41.69664674" lon="70.08912553">
				<ele>915.48</ele>
				</trkpt>
			<trkpt lat="41.69674102" lon="70.08924148">
				<ele>915.13</ele>
				</trkpt>
			<trkpt lat="41.69687463" lon="70.08934508">
				<ele>914.4</ele>
				</trkpt>
			<trkpt lat="41.69708353" lon="70.08955198">
				<ele>913.63</ele>
				</trkpt>
			<trkpt lat="41.69727312" lon="70.08966389">
				<ele>912.84</ele>
				</trkpt>
			<trkpt lat="41.69748437" lon="70.08984011">
				<ele>911.97</ele>
				</trkpt>
			<trkpt lat="41.69773193" lon="70.09001163">
				<ele>911.26</ele>
				</trkpt>
			<trkpt lat="41.69804979" lon="70.09018914">
				<ele>910.12</ele>
				</trkpt>
			<trkpt lat="41.69820903" lon="70.09030274">
				<ele>909.58</ele>
				</trkpt>
			<trkpt lat="41.69919299" lon="70.09060734">
				<ele>906.3</ele>
				</trkpt>
			<trkpt lat="41.69949718" lon="70.0908042">
				<ele>905.94</ele>
				</trkpt>
			<trkpt lat="41.6997504" lon="70.09100777">
				<ele>905.59</ele>
				</trkpt>
			<trkpt lat="41.70009822" lon="70.09138163">
				<ele>906.19</ele>
				</trkpt>
			<trkpt lat="41.70018151" lon="70.09150825">
				<ele>906.44</ele>
				</trkpt>
			<trkpt lat="41.70026347" lon="70.09158521">
				<ele>906.44</ele>
				</trkpt>
			<trkpt lat="41.70030444" lon="70.09166951">
				<ele>906.54</ele>
				</trkpt>
			<trkpt lat="41.70046401" lon="70.09187141">
				<ele>906.79</ele>
				</trkpt>
			<trkpt lat="41.70066257" lon="70.09217594">
				<ele>907.63</ele>
				</trkpt>
			<trkpt lat="41.70078778" lon="70.09246749">
				<ele>907.32</ele>
				</trkpt>
			<trkpt lat="41.70077786" lon="70.0924589">
				<ele>907.16</ele>
				</trkpt>
		</trkseg>
	</trk>
</gpx>