<?xml version='1.0' encoding='utf-8'?>
<gpx xmlns="http://www.topografix.com/GPX/1/1" xmlns:ns2="https://gurumaps.app/gpx/v3" xmlns:xsi="http://www.w3.org/2001/XMLSchema-instance" version="1.1" creator="com.bodunov.galileo/v5.4.1" xsi:schemaLocation="http://www.topografix.com/GPX/1/1 http://www.topografix.com/GPX/1/1/gpx.xsd https://gurumaps.app/gpx/v3 https://gurumaps.app/gpx/v3/schema.xsd">
 <trk>
  <name>Деволи Сурх Go On Foot</name>
  <type>TrackStyle_2196F3C8</type>
  <extensions>
   <ns2:time>2023-09-30T21:46:14.354Z</ns2:time>
  </extensions>
  <trkseg>
   <trkpt lat="41.801099575" lon="70.2506110189"><ele>1008.068</ele></trkpt>
   <trkpt lat="41.8011085856" lon="70.2509513241"><ele>1005.514</ele></trkpt>
   <trkpt lat="41.8010627785" lon="70.2510626358"><ele>1009.063</ele></trkpt>
   <trkpt lat="41.801012068" lon="70.251139917"><ele>1013.204</ele></trkpt>
   <trkpt lat="41.8010100982" lon="70.2512228978"><ele>1010.989</ele></trkpt>
   <trkpt lat="41.8010576655" lon="70.2513666474"><ele>1007.239</ele></trkpt>
   <trkpt lat="41.8010638681" lon="70.2514434257"><ele>1007.294</ele></trkpt>
   <trkpt lat="41.8010480682" lon="70.2514728461"><ele>1001.321</ele></trkpt>
   <trkpt lat="41.8009993694" lon="70.2514426713"><ele>1009.941</ele></trkpt>
   <trkpt lat="41.8009862936" lon="70.2515986585"><ele>1017.046</ele></trkpt>
   <trkpt lat="41.8009951784" lon="70.2518305858"><ele>1015.364</ele></trkpt>
   <trkpt lat="41.8009583819" lon="70.2519431547"><ele>1018.196</ele></trkpt>
   <trkpt lat="41.8009722958" lon="70.2524013934"><ele>1018.958</ele></trkpt>
   <trkpt lat="41.8009522631" lon="70.2525207517"><ele>1021.277</ele></trkpt>
   <trkpt lat="41.8009353735" lon="70.2529070736"><ele>1024.902</ele></trkpt>
   <trkpt lat="41.8008952661" lon="70.2530418546"><ele>1025.501</ele></trkpt>
   <trkpt lat="41.8008984932" lon="70.2530882903"><ele>1026.558</ele></trkpt>
   <trkpt lat="41.8009467729" lon="70.2532000211"><ele>1021.685</ele></trkpt>
   <trkpt lat="41.8009247704" lon="70.2533328743"><ele>1019.732</ele></trkpt>
   <trkpt lat="41.800932859" lon="70.2533912961"><ele>1019.79</ele></trkpt>
   <trkpt lat="41.800997693" lon="70.2535191202"><ele>1020.852</ele></trkpt>
   <trkpt lat="41.8010218748" lon="70.2538599284"><ele>1017.516</ele></trkpt>
   <trkpt lat="41.801014373" lon="70.2539964696"><ele>1016.548</ele></trkpt>
   <trkpt lat="41.8009405703" lon="70.2543390379"><ele>1019.563</ele></trkpt>
   <trkpt lat="41.8009552806" lon="70.2543849708"><ele>1016.712</ele></trkpt>
   <trkpt lat="41.8009511734" lon="70.2544278861"><ele>1013.835</ele></trkpt>
   <trkpt lat="41.8008569608" lon="70.254609941"><ele>1014.011</ele></trkpt>
   <trkpt lat="41.8008552845" lon="70.2547840332"><ele>1017.254</ele></trkpt>
   <trkpt lat="41.8007932584" lon="70.2550558583"><ele>1016.923</ele></trkpt>
   <trkpt lat="41.8007398657" lon="70.255143533"><ele>1015.903</ele></trkpt>
   <trkpt lat="41.8006986686" lon="70.2551714447"><ele>1017.417</ele></trkpt>
   <trkpt lat="41.800699884" lon="70.2552158688"><ele>1018.017</ele></trkpt>
   <trkpt lat="41.8006695834" lon="70.2553201397"><ele>1017.718</ele></trkpt>
   <trkpt lat="41.8006373969" lon="70.255349644"><ele>1017.65</ele></trkpt>
   <trkpt lat="41.8006302723" lon="70.255437654"><ele>1018.628</ele></trkpt>
   <trkpt lat="41.800527594" lon="70.2555992571"><ele>1020.12</ele></trkpt>
   <trkpt lat="41.8005199664" lon="70.2557926276"><ele>1017.778</ele></trkpt>
   <trkpt lat="41.8005498898" lon="70.2559051965"><ele>1021.3</ele></trkpt>
   <trkpt lat="41.8005449864" lon="70.2559356229"><ele>1021.052</ele></trkpt>
   <trkpt lat="41.8004979639" lon="70.2559817233"><ele>1018.2</ele></trkpt>
   <trkpt lat="41.8004899592" lon="70.256073589"><ele>1021.306</ele></trkpt>
   <trkpt lat="41.8004678729" lon="70.2560436656"><ele>1018.456</ele></trkpt>
   <trkpt lat="41.8004805715" lon="70.2560313442"><ele>1017.071</ele></trkpt>
   <trkpt lat="41.8004913841" lon="70.2560519637"><ele>1020.637</ele></trkpt>
   <trkpt lat="41.800461796" lon="70.2560833958"><ele>1021.093</ele></trkpt>
   <trkpt lat="41.8004871932" lon="70.2561876667"><ele>1019.154</ele></trkpt>
   <trkpt lat="41.8004768834" lon="70.2563274768"><ele>1018.887</ele></trkpt>
   <trkpt lat="41.8004198865" lon="70.2563847252"><ele>1017.732</ele></trkpt>
   <trkpt lat="41.8003768873" lon="70.2565318276"><ele>1019.668</ele></trkpt>
   <trkpt lat="41.8003830899" lon="70.2568678581"><ele>1020.129</ele></trkpt>
   <trkpt lat="41.8003115923" lon="70.2570508351"><ele>1018.952</ele></trkpt>
   <trkpt lat="41.8002870752" lon="70.2571768989"><ele>1020.455</ele></trkpt>
   <trkpt lat="41.8002429864" lon="70.2572720335"><ele>1021.396</ele></trkpt>
   <trkpt lat="41.8002098779" lon="70.2573935711"><ele>1023.631</ele></trkpt>
   <trkpt lat="41.8000454669" lon="70.257523742"><ele>1026.364</ele></trkpt>
   <trkpt lat="41.7999412798" lon="70.2576729399"><ele>1024.549</ele></trkpt>
   <trkpt lat="41.7998483664" lon="70.2577461978"><ele>1027.187</ele></trkpt>
   <trkpt lat="41.7997843706" lon="70.2578863432"><ele>1029.144</ele></trkpt>
   <trkpt lat="41.7997187822" lon="70.257972593"><ele>1027.33</ele></trkpt>
   <trkpt lat="41.7995966998" lon="70.2582716593"><ele>1028.936</ele></trkpt>
   <trkpt lat="41.799555377" lon="70.2584086196"><ele>1029.396</ele></trkpt>
   <trkpt lat="41.7995457797" lon="70.2585670375"><ele>1030.265</ele></trkpt>
   <trkpt lat="41.79949377" lon="70.2586884913"><ele>1029.415</ele></trkpt>
   <trkpt lat="41.7994278883" lon="70.2589183231"><ele>1034.216</ele></trkpt>
   <trkpt lat="41.7992988908" lon="70.2590248571"><ele>1029.251</ele></trkpt>
   <trkpt lat="41.7992535866" lon="70.2591319778"><ele>1037.14</ele></trkpt>
   <trkpt lat="41.7991387964" lon="70.2592202393"><ele>1038.038</ele></trkpt>
   <trkpt lat="41.7991389641" lon="70.259249995"><ele>1038.646</ele></trkpt>
   <trkpt lat="41.7991840587" lon="70.2593329758"><ele>1041.536</ele></trkpt>
   <trkpt lat="41.7991872857" lon="70.2593815909"><ele>1041.501</ele></trkpt>
   <trkpt lat="41.7990846912" lon="70.259506146"><ele>1043.647</ele></trkpt>
   <trkpt lat="41.7990346932" lon="70.2596430224"><ele>1050.074</ele></trkpt>
   <trkpt lat="41.7989339846" lon="70.2597570163"><ele>1047.162</ele></trkpt>
   <trkpt lat="41.798918981" lon="70.2599305217"><ele>1055.481</ele></trkpt>
   <trkpt lat="41.7988692763" lon="70.2600324457"><ele>1055.121</ele></trkpt>
   <trkpt lat="41.7988446754" lon="70.2601253172"><ele>1056.055</ele></trkpt>
   <trkpt lat="41.7988389757" lon="70.2602063702"><ele>1055.221</ele></trkpt>
   <trkpt lat="41.798858296" lon="70.2602652949"><ele>1053.689</ele></trkpt>
   <trkpt lat="41.7988475672" lon="70.2603759361"><ele>1054.949</ele></trkpt>
   <trkpt lat="41.7987734712" lon="70.2605919377"><ele>1054.275</ele></trkpt>
   <trkpt lat="41.7986995847" lon="70.2606629324"><ele>1055.941</ele></trkpt>
   <trkpt lat="41.7985276719" lon="70.260697382"><ele>1054.92</ele></trkpt>
   <trkpt lat="41.7982373646" lon="70.2609701292"><ele>1057.951</ele></trkpt>
   <trkpt lat="41.7982387896" lon="70.2610383579"><ele>1060.141</ele></trkpt>
   <trkpt lat="41.798332164" lon="70.261160566"><ele>1060.737</ele></trkpt>
   <trkpt lat="41.7983905858" lon="70.2612062474"><ele>1061.558</ele></trkpt>
   <trkpt lat="41.7984116663" lon="70.2613465604"><ele>1058.69</ele></trkpt>
   <trkpt lat="41.798408565" lon="70.261427362"><ele>1057.758</ele></trkpt>
   <trkpt lat="41.7983924718" lon="70.2614638233"><ele>1057.314</ele></trkpt>
   <trkpt lat="41.7982940682" lon="70.2615143661"><ele>1057.828</ele></trkpt>
   <trkpt lat="41.7983247879" lon="70.261568178"><ele>1058.847</ele></trkpt>
   <trkpt lat="41.7983358939" lon="70.261545463"><ele>1057.884</ele></trkpt>
   <trkpt lat="41.7983391629" lon="70.2615768951"><ele>1058.454</ele></trkpt>
   <trkpt lat="41.7983127599" lon="70.2617022884"><ele>1059.767</ele></trkpt>
   <trkpt lat="41.7982618817" lon="70.2618072298"><ele>1060.818</ele></trkpt>
   <trkpt lat="41.7981425653" lon="70.2619440225"><ele>1059.791</ele></trkpt>
   <trkpt lat="41.7980700619" lon="70.2619860997"><ele>1059.057</ele></trkpt>
   <trkpt lat="41.7980390907" lon="70.2620436833"><ele>1059.063</ele></trkpt>
   <trkpt lat="41.79803666" lon="70.2621235629"><ele>1060.461</ele></trkpt>
   <trkpt lat="41.7980763902" lon="70.2623324399"><ele>1059.859</ele></trkpt>
   <trkpt lat="41.7980698942" lon="70.2624534746"><ele>1058.066</ele></trkpt>
   <trkpt lat="41.7979877935" lon="70.2627068595"><ele>1059.796</ele></trkpt>
   <trkpt lat="41.7979133622" lon="70.2630564687"><ele>1061.247</ele></trkpt>
   <trkpt lat="41.7978460974" lon="70.2632437204"><ele>1064.443</ele></trkpt>
   <trkpt lat="41.7978531801" lon="70.2633884759"><ele>1065.583</ele></trkpt>
   <trkpt lat="41.7978381765" lon="70.2634366718"><ele>1062.281</ele></trkpt>
   <trkpt lat="41.7977789584" lon="70.2635191498"><ele>1067.743</ele></trkpt>
   <trkpt lat="41.7977993683" lon="70.26361353"><ele>1066.991</ele></trkpt>
   <trkpt lat="41.7977968956" lon="70.263768679"><ele>1065.968</ele></trkpt>
   <trkpt lat="41.7977295889" lon="70.2639296954"><ele>1068.024</ele></trkpt>
   <trkpt lat="41.797658678" lon="70.2639786457"><ele>1071.442</ele></trkpt>
   <trkpt lat="41.7976441774" lon="70.2641463676"><ele>1071.533</ele></trkpt>
   <trkpt lat="41.7976008848" lon="70.2642216371"><ele>1070.874</ele></trkpt>
   <trkpt lat="41.7975941793" lon="70.2642886923"><ele>1072.684</ele></trkpt>
   <trkpt lat="41.7975350869" lon="70.264454654"><ele>1076.068</ele></trkpt>
   <trkpt lat="41.7975357993" lon="70.2645215416"><ele>1079.059</ele></trkpt>
   <trkpt lat="41.7974717616" lon="70.2646120661"><ele>1081.167</ele></trkpt>
   <trkpt lat="41.7974583925" lon="70.2648045984"><ele>1079.956</ele></trkpt>
   <trkpt lat="41.7974069695" lon="70.265045159"><ele>1077.435</ele></trkpt>
   <trkpt lat="41.7974193747" lon="70.2651367732"><ele>1079.944</ele></trkpt>
   <trkpt lat="41.7974060894" lon="70.2652085223"><ele>1081.629</ele></trkpt>
   <trkpt lat="41.7974154771" lon="70.2653202531"><ele>1081.565</ele></trkpt>
   <trkpt lat="41.7973578935" lon="70.2653708798"><ele>1082.079</ele></trkpt>
   <trkpt lat="41.7972578973" lon="70.2653679461"><ele>1082.438</ele></trkpt>
   <trkpt lat="41.7972196759" lon="70.2654097718"><ele>1083.759</ele></trkpt>
   <trkpt lat="41.7971847652" lon="70.2654931718"><ele>1085.706</ele></trkpt>
   <trkpt lat="41.7971396706" lon="70.2656749752"><ele>1080.182</ele></trkpt>
   <trkpt lat="41.7970221982" lon="70.2658621431"><ele>1083.725</ele></trkpt>
   <trkpt lat="41.7969748824" lon="70.2660408453"><ele>1084.25</ele></trkpt>
   <trkpt lat="41.7969731641" lon="70.2662267559"><ele>1083.096</ele></trkpt>
   <trkpt lat="41.7969617647" lon="70.2662640554"><ele>1085.342</ele></trkpt>
   <trkpt lat="41.7969145746" lon="70.2663106588"><ele>1085.286</ele></trkpt>
   <trkpt lat="41.7967757703" lon="70.2663504728"><ele>1089.376</ele></trkpt>
   <trkpt lat="41.7967273648" lon="70.2664186177"><ele>1091.787</ele></trkpt>
   <trkpt lat="41.7966825635" lon="70.2666008403"><ele>1084.981</ele></trkpt>
   <trkpt lat="41.7967039793" lon="70.2668503695"><ele>1081.426</ele></trkpt>
   <trkpt lat="41.7966658835" lon="70.2671334264"><ele>1080.163</ele></trkpt>
   <trkpt lat="41.7965645882" lon="70.2672299859"><ele>1081.359</ele></trkpt>
   <trkpt lat="41.7964179887" lon="70.2674369351"><ele>1088.737</ele></trkpt>
   <trkpt lat="41.796382198" lon="70.2675149706"><ele>1087.709</ele></trkpt>
   <trkpt lat="41.7963543701" lon="70.267682944"><ele>1089.272</ele></trkpt>
   <trkpt lat="41.796252069" lon="70.2678821818"><ele>1089.868</ele></trkpt>
   <trkpt lat="41.7962657734" lon="70.2679657494"><ele>1087.555</ele></trkpt>
   <trkpt lat="41.796266863" lon="70.2681458765"><ele>1090.274</ele></trkpt>
   <trkpt lat="41.7963128797" lon="70.2682684199"><ele>1086.77</ele></trkpt>
   <trkpt lat="41.7962989657" lon="70.268404542"><ele>1086.106</ele></trkpt>
   <trkpt lat="41.7963457786" lon="70.2685543266"><ele>1082.615</ele></trkpt>
   <trkpt lat="41.796315059" lon="70.2686551609"><ele>1081.153</ele></trkpt>
   <trkpt lat="41.796349299" lon="70.2687148401"><ele>1079.944</ele></trkpt>
   <trkpt lat="41.79641187" lon="70.2689253935"><ele>1073.526</ele></trkpt>
   <trkpt lat="41.7964267897" lon="70.269047434"><ele>1072.346</ele></trkpt>
   <trkpt lat="41.7964851697" lon="70.2691890882"><ele>1068.42</ele></trkpt>
   <trkpt lat="41.7964260773" lon="70.2694060956"><ele>1067.598</ele></trkpt>
   <trkpt lat="41.7964862593" lon="70.2696645935"><ele>1068.342</ele></trkpt>
   <trkpt lat="41.7964746923" lon="70.2697418747"><ele>1068.975</ele></trkpt>
   <trkpt lat="41.7964617842" lon="70.269710694"><ele>1068.353</ele></trkpt>
   <trkpt lat="41.7963440604" lon="70.2697652602"><ele>1067.903</ele></trkpt>
   <trkpt lat="41.7962888655" lon="70.2698980295"><ele>1066.555</ele></trkpt>
   <trkpt lat="41.7962737781" lon="70.2699798369"><ele>1066.849</ele></trkpt>
   <trkpt lat="41.7962194634" lon="70.2699858719"><ele>1069.214</ele></trkpt>
   <trkpt lat="41.7961827925" lon="70.2700298769"><ele>1067.34</ele></trkpt>
   <trkpt lat="41.7960881608" lon="70.2700785757"><ele>1073.257</ele></trkpt>
   <trkpt lat="41.7960646915" lon="70.2701145341"><ele>1073.312</ele></trkpt>
   <trkpt lat="41.7959813754" lon="70.2703958308"><ele>1070.526</ele></trkpt>
   <trkpt lat="41.7958534676" lon="70.2705584397"><ele>1071.958</ele></trkpt>
   <trkpt lat="41.7958470973" lon="70.2707119961"><ele>1071.823</ele></trkpt>
   <trkpt lat="41.795796764" lon="70.2708479506"><ele>1071.108</ele></trkpt>
   <trkpt lat="41.7957875858" lon="70.2709432528"><ele>1072.412</ele></trkpt>
   <trkpt lat="41.7957408986" lon="70.2711250563"><ele>1071.39</ele></trkpt>
   <trkpt lat="41.7956659644" lon="70.271209965"><ele>1074.106</ele></trkpt>
   <trkpt lat="41.7955178981" lon="70.2714805328"><ele>1074.596</ele></trkpt>
   <trkpt lat="41.7953955642" lon="70.2716422198"><ele>1074.692</ele></trkpt>
   <trkpt lat="41.7952959872" lon="70.2717525256"><ele>1075.873</ele></trkpt>
   <trkpt lat="41.7951944823" lon="70.2718201676"><ele>1075.771</ele></trkpt>
   <trkpt lat="41.7950880741" lon="70.2719912422"><ele>1078.228</ele></trkpt>
   <trkpt lat="41.7949534607" lon="70.272066847"><ele>1077.212</ele></trkpt>
   <trkpt lat="41.7949472581" lon="70.2721082536"><ele>1075.128</ele></trkpt>
   <trkpt lat="41.7948684682" lon="70.2722220798"><ele>1077.271</ele></trkpt>
   <trkpt lat="41.7946659614" lon="70.2724753809"><ele>1080.876</ele></trkpt>
   <trkpt lat="41.7945775743" lon="70.2726581902"><ele>1080.616</ele></trkpt>
   <trkpt lat="41.7944373869" lon="70.2727690828"><ele>1081.054</ele></trkpt>
   <trkpt lat="41.794346569" lon="70.2729027742"><ele>1081.195</ele></trkpt>
   <trkpt lat="41.7942795976" lon="70.2729586815"><ele>1080.23</ele></trkpt>
   <trkpt lat="41.7941762906" lon="70.2732172632"><ele>1081.127</ele></trkpt>
   <trkpt lat="41.7941324952" lon="70.2732864977"><ele>1079.227</ele></trkpt>
   <trkpt lat="41.7940050903" lon="70.2733267308"><ele>1082.462</ele></trkpt>
   <trkpt lat="41.7937501966" lon="70.273450783"><ele>1085.785</ele></trkpt>
   <trkpt lat="41.7936061955" lon="70.2736399626"><ele>1085.926</ele></trkpt>
   <trkpt lat="41.7934848675" lon="70.2737306547"><ele>1088.753</ele></trkpt>
   <trkpt lat="41.7934531839" lon="70.2737741568"><ele>1086.097</ele></trkpt>
   <trkpt lat="41.7933528944" lon="70.2738298965"><ele>1088.342</ele></trkpt>
   <trkpt lat="41.7932059596" lon="70.2739740652"><ele>1087.798</ele></trkpt>
   <trkpt lat="41.7929756668" lon="70.2740770788"><ele>1089.344</ele></trkpt>
   <trkpt lat="41.7928489744" lon="70.2742041485"><ele>1090.951</ele></trkpt>
   <trkpt lat="41.7928158659" lon="70.2742927452"><ele>1090.581</ele></trkpt>
   <trkpt lat="41.7927437815" lon="70.2744019614"><ele>1091.419</ele></trkpt>
   <trkpt lat="41.7926830965" lon="70.2745801606"><ele>1092.281</ele></trkpt>
   <trkpt lat="41.7926182625" lon="70.2746709366"><ele>1094.657</ele></trkpt>
   <trkpt lat="41.7924982755" lon="70.2749780496"><ele>1093.585</ele></trkpt>
   <trkpt lat="41.7923467726" lon="70.2751430893"><ele>1095.506</ele></trkpt>
   <trkpt lat="41.7922853752" lon="70.2753248927"><ele>1098.008</ele></trkpt>
   <trkpt lat="41.7920863888" lon="70.275409969"><ele>1093.638</ele></trkpt>
   <trkpt lat="41.7919842972" lon="70.2754006651"><ele>1098.439</ele></trkpt>
   <trkpt lat="41.7918972931" lon="70.2754291636"><ele>1100.156</ele></trkpt>
   <trkpt lat="41.7917835926" lon="70.2754997392"><ele>1097.213</ele></trkpt>
   <trkpt lat="41.7916802856" lon="70.2756180917"><ele>1101.455</ele></trkpt>
   <trkpt lat="41.7915364941" lon="70.2755963826"><ele>1099.005</ele></trkpt>
   <trkpt lat="41.7914699837" lon="70.2755585802"><ele>1100.083</ele></trkpt>
   <trkpt lat="41.7913411957" lon="70.2756585763"><ele>1101.427</ele></trkpt>
   <trkpt lat="41.7912464802" lon="70.275708281"><ele>1101.532</ele></trkpt>
   <trkpt lat="41.7910943906" lon="70.2758574789"><ele>1100.527</ele></trkpt>
   <trkpt lat="41.7909127966" lon="70.2759027411"><ele>1101.453</ele></trkpt>
   <trkpt lat="41.7907979646" lon="70.2759967861"><ele>1104.478</ele></trkpt>
   <trkpt lat="41.7907279757" lon="70.2760284697"><ele>1105.796</ele></trkpt>
   <trkpt lat="41.790656981" lon="70.2761164797"><ele>1104.759</ele></trkpt>
   <trkpt lat="41.7905783587" lon="70.2761485824"><ele>1107.2</ele></trkpt>
   <trkpt lat="41.7905064839" lon="70.2762333234"><ele>1107.299</ele></trkpt>
   <trkpt lat="41.7904190606" lon="70.2763003786"><ele>1106.836</ele></trkpt>
   <trkpt lat="41.7903249738" lon="70.2763259434"><ele>1108.23</ele></trkpt>
   <trkpt lat="41.790261397" lon="70.2763817669"><ele>1106.839</ele></trkpt>
   <trkpt lat="41.7902069985" lon="70.2763688588"><ele>1108.29</ele></trkpt>
   <trkpt lat="41.7901250654" lon="70.2764389315"><ele>1110.176</ele></trkpt>
   <trkpt lat="41.7900012647" lon="70.2764383448"><ele>1110.269</ele></trkpt>
   <trkpt lat="41.7898846724" lon="70.2765234211"><ele>1110.379</ele></trkpt>
   <trkpt lat="41.7898004762" lon="70.2765217447"><ele>1110.27</ele></trkpt>
   <trkpt lat="41.7897369833" lon="70.2765995287"><ele>1111.207</ele></trkpt>
   <trkpt lat="41.7896415972" lon="70.2766595432"><ele>1110.935</ele></trkpt>
   <trkpt lat="41.7895358595" lon="70.2767687594"><ele>1113.046</ele></trkpt>
   <trkpt lat="41.7894474723" lon="70.2767845174"><ele>1117.586</ele></trkpt>
   <trkpt lat="41.7893850691" lon="70.2768264269"><ele>1116.949</ele></trkpt>
   <trkpt lat="41.7893713647" lon="70.2769453661"><ele>1116.404</ele></trkpt>
   <trkpt lat="41.7893351967" lon="70.2770673228"><ele>1117.26</ele></trkpt>
   <trkpt lat="41.7893748851" lon="70.27715659"><ele>1115.12</ele></trkpt>
   <trkpt lat="41.7893831831" lon="70.2772386489"><ele>1119.95</ele></trkpt>
   <trkpt lat="41.7893797885" lon="70.2772866772"><ele>1115.186</ele></trkpt>
   <trkpt lat="41.7893562772" lon="70.2773276647"><ele>1115.582</ele></trkpt>
   <trkpt lat="41.7891994937" lon="70.2773364657"><ele>1115.561</ele></trkpt>
   <trkpt lat="41.7891278704" lon="70.2773707477"><ele>1117.677</ele></trkpt>
   <trkpt lat="41.789009476" lon="70.2773822309"><ele>1119.38</ele></trkpt>
   <trkpt lat="41.7889245673" lon="70.277418776"><ele>1120.181</ele></trkpt>
   <trkpt lat="41.7888487949" lon="70.2774043591"><ele>1123.19</ele></trkpt>
   <trkpt lat="41.7885552606" lon="70.2774742642"><ele>1124.478</ele></trkpt>
   <trkpt lat="41.7884409734" lon="70.2775279922"><ele>1124.837</ele></trkpt>
   <trkpt lat="41.7883945796" lon="70.2775774454"><ele>1121.406</ele></trkpt>
   <trkpt lat="41.7883553942" lon="70.2776621864"><ele>1120.725</ele></trkpt>
   <trkpt lat="41.7882689767" lon="70.2776987315"><ele>1122.411</ele></trkpt>
   <trkpt lat="41.7881921985" lon="70.2777857357"><ele>1123.106</ele></trkpt>
   <trkpt lat="41.7881680586" lon="70.2778441576"><ele>1123.103</ele></trkpt>
   <trkpt lat="41.7879550745" lon="70.2780178306"><ele>1128.229</ele></trkpt>
   <trkpt lat="41.787864969" lon="70.2781354287"><ele>1127.206</ele></trkpt>
   <trkpt lat="41.7877631708" lon="70.2781921742"><ele>1130.303</ele></trkpt>
   <trkpt lat="41.7876649768" lon="70.2781951917"><ele>1132.772</ele></trkpt>
   <trkpt lat="41.7876230673" lon="70.2782379394"><ele>1132.62</ele></trkpt>
   <trkpt lat="41.7875413856" lon="70.2782807709"><ele>1134.257</ele></trkpt>
   <trkpt lat="41.7873228694" lon="70.2785286238"><ele>1131.063</ele></trkpt>
   <trkpt lat="41.7871379646" lon="70.2785441303"><ele>1131.953</ele></trkpt>
   <trkpt lat="41.7869824803" lon="70.2786464733"><ele>1132.461</ele></trkpt>
   <trkpt lat="41.786867774" lon="70.2786843595"><ele>1132.762</ele></trkpt>
   <trkpt lat="41.7867928817" lon="70.2787515824"><ele>1131.788</ele></trkpt>
   <trkpt lat="41.7867633774" lon="70.2788257622"><ele>1131.034</ele></trkpt>
   <trkpt lat="41.7866998845" lon="70.2788612177"><ele>1134.165</ele></trkpt>
   <trkpt lat="41.7866632975" lon="70.2789419354"><ele>1134.256</ele></trkpt>
   <trkpt lat="41.7865564701" lon="70.2790513192"><ele>1136.215</ele></trkpt>
   <trkpt lat="41.78650928" lon="70.2791393292"><ele>1135.339</ele></trkpt>
   <trkpt lat="41.7862709825" lon="70.2792096534"><ele>1137.922</ele></trkpt>
   <trkpt lat="41.7861321782" lon="70.2793404949"><ele>1140.308</ele></trkpt>
   <trkpt lat="41.7858507977" lon="70.2795473603"><ele>1143.593</ele></trkpt>
   <trkpt lat="41.7853604983" lon="70.2796870866"><ele>1146.841</ele></trkpt>
   <trkpt lat="41.7853296948" lon="70.2797152498"><ele>1149.109</ele></trkpt>
   <trkpt lat="41.7853229892" lon="70.2797976439"><ele>1148.673</ele></trkpt>
   <trkpt lat="41.7852970892" lon="70.2798301657"><ele>1148.561</ele></trkpt>
   <trkpt lat="41.7852553892" lon="70.2798530483"><ele>1148.99</ele></trkpt>
   <trkpt lat="41.7852219873" lon="70.2798112226"><ele>1150.883</ele></trkpt>
   <trkpt lat="41.7851835982" lon="70.2798197721"><ele>1152.27</ele></trkpt>
   <trkpt lat="41.7851203986" lon="70.2798778587"><ele>1157.931</ele></trkpt>
   <trkpt lat="41.785069269" lon="70.2799537988"><ele>1157.011</ele></trkpt>
   <trkpt lat="41.7850182651" lon="70.2799492725"><ele>1158.211</ele></trkpt>
   <trkpt lat="41.7848970628" lon="70.2800699719"><ele>1160.415</ele></trkpt>
   <trkpt lat="41.7846515988" lon="70.2801123844"><ele>1165.683</ele></trkpt>
   <trkpt lat="41.7845553745" lon="70.2801491809"><ele>1168.526</ele></trkpt>
   <trkpt lat="41.78447319" lon="70.2802187507"><ele>1170.84</ele></trkpt>
   <trkpt lat="41.7843639738" lon="70.2802311559"><ele>1174.714</ele></trkpt>
   <trkpt lat="41.7843405883" lon="70.2802475845"><ele>1171.85</ele></trkpt>
   <trkpt lat="41.7843400854" lon="70.2802739875"><ele>1172.254</ele></trkpt>
   <trkpt lat="41.7842232835" lon="70.2802986303"><ele>1176.603</ele></trkpt>
   <trkpt lat="41.7841911809" lon="70.2803337504"><ele>1181.372</ele></trkpt>
   <trkpt lat="41.7840766841" lon="70.2805921645"><ele>1190.65</ele></trkpt>
   <trkpt lat="41.7840600879" lon="70.2807471459"><ele>1191.796</ele></trkpt>
   <trkpt lat="41.7838971856" lon="70.2809169633"><ele>1198.5</ele></trkpt>
   <trkpt lat="41.7836820641" lon="70.2809808334"><ele>1201.195</ele></trkpt>
   <trkpt lat="41.7836872608" lon="70.2810033807"><ele>1199.692</ele></trkpt>
   <trkpt lat="41.7835326985" lon="70.2809542627"><ele>1203.491</ele></trkpt>
   <trkpt lat="41.7834325767" lon="70.2809719485"><ele>1202.476</ele></trkpt>
   <trkpt lat="41.7833095723" lon="70.2810400934"><ele>1205.707</ele></trkpt>
   <trkpt lat="41.7832202631" lon="70.2811364853"><ele>1207.688</ele></trkpt>
   <trkpt lat="41.7831201832" lon="70.2813703404"><ele>1209.34</ele></trkpt>
   <trkpt lat="41.7830559778" lon="70.2814579313"><ele>1209.118</ele></trkpt>
   <trkpt lat="41.7830200613" lon="70.2814626252"><ele>1212.395</ele></trkpt>
   <trkpt lat="41.7830012859" lon="70.2814382338"><ele>1211.425</ele></trkpt>
   <trkpt lat="41.783022073" lon="70.2814299357"><ele>1210.393</ele></trkpt>
   <trkpt lat="41.7830078657" lon="70.281413591"><ele>1207.196</ele></trkpt>
   <trkpt lat="41.7827165945" lon="70.2815143415"><ele>1214.43</ele></trkpt>
   <trkpt lat="41.7826043609" lon="70.2815031936"><ele>1213.004</ele></trkpt>
   <trkpt lat="41.782556584" lon="70.281537727"><ele>1212.576</ele></trkpt>
   <trkpt lat="41.7824970725" lon="70.2816388966"><ele>1211.623</ele></trkpt>
   <trkpt lat="41.7823093598" lon="70.2817382221"><ele>1211.976</ele></trkpt>
   <trkpt lat="41.782309276" lon="70.2817814727"><ele>1210.25</ele></trkpt>
   <trkpt lat="41.782280065" lon="70.2817508788"><ele>1210.565</ele></trkpt>
   <trkpt lat="41.7822543745" lon="70.281748951"><ele>1211.157</ele></trkpt>
   <trkpt lat="41.782121689" lon="70.2818219573"><ele>1211.504</ele></trkpt>
   <trkpt lat="41.781978065" lon="70.2820134838"><ele>1214.686</ele></trkpt>
   <trkpt lat="41.7818815893" lon="70.2822512784"><ele>1213.968</ele></trkpt>
   <trkpt lat="41.7818251791" lon="70.2823191718"><ele>1213.388</ele></trkpt>
   <trkpt lat="41.781774762" lon="70.2824271307"><ele>1214.506</ele></trkpt>
   <trkpt lat="41.7815895638" lon="70.2825583914"><ele>1212.61</ele></trkpt>
   <trkpt lat="41.7815094748" lon="70.2825864707"><ele>1212.824</ele></trkpt>
   <trkpt lat="41.7814042819" lon="70.2826713794"><ele>1214.2</ele></trkpt>
   <trkpt lat="41.7813580976" lon="70.282686383"><ele>1214.154</ele></trkpt>
   <trkpt lat="41.7812393679" lon="70.2828578768"><ele>1216.032</ele></trkpt>
   <trkpt lat="41.7811650623" lon="70.2829315537"><ele>1215.848</ele></trkpt>
   <trkpt lat="41.7810499788" lon="70.2831207332"><ele>1216.421</ele></trkpt>
   <trkpt lat="41.781032293" lon="70.2831962542"><ele>1216.074</ele></trkpt>
   <trkpt lat="41.7809769724" lon="70.2831894648"><ele>1216.078</ele></trkpt>
   <trkpt lat="41.7809240826" lon="70.2832242497"><ele>1217.225</ele></trkpt>
   <trkpt lat="41.7807282814" lon="70.2834300255"><ele>1217.681</ele></trkpt>
   <trkpt lat="41.7805620682" lon="70.2836353821"><ele>1216.465</ele></trkpt>
   <trkpt lat="41.7803954779" lon="70.2837329474"><ele>1218.741</ele></trkpt>
   <trkpt lat="41.7803950588" lon="70.2837981587"><ele>1216.038</ele></trkpt>
   <trkpt lat="41.7803732659" lon="70.2838041936"><ele>1220.341</ele></trkpt>
   <trkpt lat="41.7802914585" lon="70.2839098894"><ele>1217.685</ele></trkpt>
   <trkpt lat="41.7803181968" lon="70.2838540659"><ele>1217.009</ele></trkpt>
   <trkpt lat="41.7803562925" lon="70.2838193649"><ele>1217.4</ele></trkpt>
   <trkpt lat="41.7803624951" lon="70.28378919"><ele>1216.604</ele></trkpt>
   <trkpt lat="41.7802982897" lon="70.2838436724"><ele>1218.675</ele></trkpt>
   <trkpt lat="41.7802579728" lon="70.2839149186"><ele>1219.808</ele></trkpt>
   <trkpt lat="41.7801492595" lon="70.2840028447"><ele>1219.844</ele></trkpt>
   <trkpt lat="41.7801289753" lon="70.2840465983"><ele>1220.373</ele></trkpt>
   <trkpt lat="41.7801014827" lon="70.2842397173"><ele>1220.577</ele></trkpt>
   <trkpt lat="41.7800667816" lon="70.2843217761"><ele>1221.337</ele></trkpt>
   <trkpt lat="41.7799687971" lon="70.2844250412"><ele>1220.338</ele></trkpt>
   <trkpt lat="41.7799532906" lon="70.284478853"><ele>1221.03</ele></trkpt>
   <trkpt lat="41.7799681685" lon="70.2845160687"><ele>1219.506</ele></trkpt>
   <trkpt lat="41.7799814957" lon="70.2845114586"><ele>1218.132</ele></trkpt>
   <trkpt lat="41.779970264" lon="70.28450249"><ele>1217.976</ele></trkpt>
   <trkpt lat="41.7799508599" lon="70.2845244506"><ele>1216.488</ele></trkpt>
   <trkpt lat="41.7799348923" lon="70.2846001391"><ele>1220.691</ele></trkpt>
   <trkpt lat="41.7798383747" lon="70.2847875585"><ele>1223.165</ele></trkpt>
   <trkpt lat="41.779826179" lon="70.2848523506"><ele>1221.879</ele></trkpt>
   <trkpt lat="41.7797101735" lon="70.285055947"><ele>1222.156</ele></trkpt>
   <trkpt lat="41.7796537633" lon="70.2852606331"><ele>1220.594</ele></trkpt>
   <trkpt lat="41.7795915696" lon="70.2853276883"><ele>1225.859</ele></trkpt>
   <trkpt lat="41.7795304655" lon="70.2854632237"><ele>1223.187</ele></trkpt>
   <trkpt lat="41.7794746839" lon="70.2855224838"><ele>1223.904</ele></trkpt>
   <trkpt lat="41.7793481591" lon="70.2857933869"><ele>1223.496</ele></trkpt>
   <trkpt lat="41.7792628732" lon="70.2858930477"><ele>1225.183</ele></trkpt>
   <trkpt lat="41.7792446845" lon="70.2859823988"><ele>1226.404</ele></trkpt>
   <trkpt lat="41.7791604883" lon="70.2861278248"><ele>1225.715</ele></trkpt>
   <trkpt lat="41.7791947703" lon="70.2862551459"><ele>1226.681</ele></trkpt>
   <trkpt lat="41.7792063792" lon="70.2864767634"><ele>1227.835</ele></trkpt>
   <trkpt lat="41.7792384819" lon="70.2865599957"><ele>1227.917</ele></trkpt>
   <trkpt lat="41.7792358835" lon="70.2866382827"><ele>1228.722</ele></trkpt>
   <trkpt lat="41.7792627894" lon="70.286750684"><ele>1230.956</ele></trkpt>
   <trkpt lat="41.7792489593" lon="70.2868375206"><ele>1229.387</ele></trkpt>
   <trkpt lat="41.7792631666" lon="70.2868867223"><ele>1228.472</ele></trkpt>
   <trkpt lat="41.7792231849" lon="70.2869805996"><ele>1230.665</ele></trkpt>
   <trkpt lat="41.7791377733" lon="70.2870436316"><ele>1229.378</ele></trkpt>
   <trkpt lat="41.7790838777" lon="70.2871547756"><ele>1230.9</ele></trkpt>
   <trkpt lat="41.7790654794" lon="70.2872278658"><ele>1229.557</ele></trkpt>
   <trkpt lat="41.7791214705" lon="70.287617289"><ele>1230.266</ele></trkpt>
   <trkpt lat="41.7791103645" lon="70.2877234877"><ele>1230.461</ele></trkpt>
   <trkpt lat="41.7790675749" lon="70.2878374816"><ele>1229.984</ele></trkpt>
   <trkpt lat="41.7790575585" lon="70.2879490447"><ele>1231.478</ele></trkpt>
   <trkpt lat="41.7790208877" lon="70.2880952251"><ele>1231.11</ele></trkpt>
   <trkpt lat="41.7790467878" lon="70.2882044413"><ele>1230.992</ele></trkpt>
   <trkpt lat="41.779103198" lon="70.2883146634"><ele>1229.393</ele></trkpt>
   <trkpt lat="41.7790935588" lon="70.2884719917"><ele>1234.358</ele></trkpt>
   <trkpt lat="41.7790507692" lon="70.2885340178"><ele>1234.029</ele></trkpt>
   <trkpt lat="41.779031868" lon="70.2886180883"><ele>1234.943</ele></trkpt>
   <trkpt lat="41.778988785" lon="70.2885835548"><ele>1235.364</ele></trkpt>
   <trkpt lat="41.7789771761" lon="70.2885936969"><ele>1237.832</ele></trkpt>
   <trkpt lat="41.7789678722" lon="70.2886861493"><ele>1238.904</ele></trkpt>
   <trkpt lat="41.7788996854" lon="70.288815063"><ele>1242.444</ele></trkpt>
   <trkpt lat="41.7789154853" lon="70.2888929309"><ele>1244.371</ele></trkpt>
   <trkpt lat="41.7788666607" lon="70.2888980438"><ele>1243.106</ele></trkpt>
   <trkpt lat="41.7788416826" lon="70.2889654343"><ele>1243.818</ele></trkpt>
   <trkpt lat="41.7787792793" lon="70.2889495925"><ele>1246.202</ele></trkpt>
   <trkpt lat="41.7787403873" lon="70.2890303941"><ele>1251.108</ele></trkpt>
   <trkpt lat="41.7787384595" lon="70.2890724712"><ele>1249.994</ele></trkpt>
   <trkpt lat="41.7787688858" lon="70.28914992"><ele>1250.685</ele></trkpt>
   <trkpt lat="41.778769263" lon="70.289220328"><ele>1251.86</ele></trkpt>
   <trkpt lat="41.7787317959" lon="70.289301381"><ele>1253.87</ele></trkpt>
   <trkpt lat="41.7787177981" lon="70.2894506627"><ele>1251.245</ele></trkpt>
   <trkpt lat="41.7787549718" lon="70.2894658339"><ele>1249.495</ele></trkpt>
   <trkpt lat="41.7786980587" lon="70.2895326377"><ele>1252.939</ele></trkpt>
   <trkpt lat="41.7786763915" lon="70.2896085777"><ele>1251.761</ele></trkpt>
   <trkpt lat="41.7785966796" lon="70.2896771417"><ele>1254.327</ele></trkpt>
   <trkpt lat="41.7785710729" lon="70.2897766349"><ele>1254.525</ele></trkpt>
   <trkpt lat="41.7784554864" lon="70.2900539921"><ele>1256.47</ele></trkpt>
   <trkpt lat="41.7784544806" lon="70.290238394"><ele>1254.283</ele></trkpt>
   <trkpt lat="41.778341283" lon="70.2904355363"><ele>1254.458</ele></trkpt>
   <trkpt lat="41.7782602719" lon="70.2905173437"><ele>1253.709</ele></trkpt>
   <trkpt lat="41.7782362997" lon="70.290678863"><ele>1249.894</ele></trkpt>
   <trkpt lat="41.7782030654" lon="70.2907846426"><ele>1250.381</ele></trkpt>
   <trkpt lat="41.7781353815" lon="70.2908726526"><ele>1252.936</ele></trkpt>
   <trkpt lat="41.7780866827" lon="70.2910194197"><ele>1250.319</ele></trkpt>
   <trkpt lat="41.7780908736" lon="70.2911216789"><ele>1247.527</ele></trkpt>
   <trkpt lat="41.77801288" lon="70.2912173164"><ele>1248.878</ele></trkpt>
   <trkpt lat="41.7779612894" lon="70.2912476589"><ele>1249.854</ele></trkpt>
   <trkpt lat="41.7779607865" lon="70.2913156361"><ele>1249.395</ele></trkpt>
   <trkpt lat="41.7779461601" lon="70.2913384349"><ele>1248.042</ele></trkpt>
   <trkpt lat="41.7778966649" lon="70.2913510916"><ele>1251.835</ele></trkpt>
   <trkpt lat="41.7778036677" lon="70.2914135368"><ele>1249.872</ele></trkpt>
   <trkpt lat="41.7777317929" lon="70.2915589628"><ele>1252.94</ele></trkpt>
   <trkpt lat="41.7777364868" lon="70.291581091"><ele>1250.534</ele></trkpt>
   <trkpt lat="41.777708575" lon="70.2915900597"><ele>1252.267</ele></trkpt>
   <trkpt lat="41.7776576969" lon="70.2917019581"><ele>1253.374</ele></trkpt>
   <trkpt lat="41.7773131587" lon="70.2919617971"><ele>1257.801</ele></trkpt>
   <trkpt lat="41.7772911982" lon="70.2920516511"><ele>1253.945</ele></trkpt>
   <trkpt lat="41.7773100994" lon="70.2922972408"><ele>1255.661</ele></trkpt>
   <trkpt lat="41.7772511746" lon="70.2926534717"><ele>1256.918</ele></trkpt>
   <trkpt lat="41.7771815629" lon="70.2927006618"><ele>1258.052</ele></trkpt>
   <trkpt lat="41.7770936786" lon="70.2928118897"><ele>1259.246</ele></trkpt>
   <trkpt lat="41.7770060877" lon="70.2928805375"><ele>1258.491</ele></trkpt>
   <trkpt lat="41.7769013978" lon="70.2930373629"><ele>1261.482</ele></trkpt>
   <trkpt lat="41.7768530761" lon="70.2930771769"><ele>1261.247</ele></trkpt>
   <trkpt lat="41.7768377791" lon="70.2932237764"><ele>1262.889</ele></trkpt>
   <trkpt lat="41.7767666587" lon="70.2932784264"><ele>1261.195</ele></trkpt>
   <trkpt lat="41.7767269703" lon="70.2933715494"><ele>1266.277</ele></trkpt>
   <trkpt lat="41.7766719851" lon="70.2934251935"><ele>1266.195</ele></trkpt>
   <trkpt lat="41.7765804966" lon="70.2936823503"><ele>1266.575</ele></trkpt>
   <trkpt lat="41.7764942887" lon="70.2937781555"><ele>1270.201</ele></trkpt>
   <trkpt lat="41.7764873736" lon="70.2938545984"><ele>1266.634</ele></trkpt>
   <trkpt lat="41.776468682" lon="70.2938975976"><ele>1266.723</ele></trkpt>
   <trkpt lat="41.7763824741" lon="70.2939769742"><ele>1267.643</ele></trkpt>
   <trkpt lat="41.7762970625" lon="70.2940208954"><ele>1269.98</ele></trkpt>
   <trkpt lat="41.7762109804" lon="70.2940998529"><ele>1271.487</ele></trkpt>
   <trkpt lat="41.776175483" lon="70.2941560955"><ele>1273.111</ele></trkpt>
   <trkpt lat="41.7760957711" lon="70.2941564308"><ele>1274.155</ele></trkpt>
   <trkpt lat="41.7760074678" lon="70.2941978374"><ele>1274.354</ele></trkpt>
   <trkpt lat="41.7759413765" lon="70.2944102348"><ele>1274.125</ele></trkpt>
   <trkpt lat="41.7760095633" lon="70.2944649686"><ele>1272.645</ele></trkpt>
   <trkpt lat="41.7760229743" lon="70.2945068781"><ele>1274.478</ele></trkpt>
   <trkpt lat="41.7760050789" lon="70.2945322753"><ele>1274.928</ele></trkpt>
   <trkpt lat="41.775973563" lon="70.2945066267"><ele>1271.014</ele></trkpt>
   <trkpt lat="41.7759575955" lon="70.2945149248"><ele>1271.491</ele></trkpt>
   <trkpt lat="41.7759226848" lon="70.2946430841"><ele>1279.94</ele></trkpt>
   <trkpt lat="41.7758836671" lon="70.2947169286"><ele>1274.648</ele></trkpt>
   <trkpt lat="41.7756792744" lon="70.294826061"><ele>1278.341</ele></trkpt>
   <trkpt lat="41.7754596685" lon="70.2948952955"><ele>1280.061</ele></trkpt>
   <trkpt lat="41.7754093771" lon="70.2949551423"><ele>1283.311</ele></trkpt>
   <trkpt lat="41.775372371" lon="70.2949739178"><ele>1280.542</ele></trkpt>
   <trkpt lat="41.7753631928" lon="70.2950446611"><ele>1285.467</ele></trkpt>
   <trkpt lat="41.7752760629" lon="70.2950536297"><ele>1286.703</ele></trkpt>
   <trkpt lat="41.7751411981" lon="70.2951415559"><ele>1287.477</ele></trkpt>
   <trkpt lat="41.7750763641" lon="70.2951644384"><ele>1285.015</ele></trkpt>
   <trkpt lat="41.7750159725" lon="70.2952274704"><ele>1289.328</ele></trkpt>
   <trkpt lat="41.7749502583" lon="70.2952139755"><ele>1289.298</ele></trkpt>
   <trkpt lat="41.7747952769" lon="70.2952661948"><ele>1287.02</ele></trkpt>
   <trkpt lat="41.7746254596" lon="70.295268877"><ele>1291.414</ele></trkpt>
   <trkpt lat="41.774456187" lon="70.2953449846"><ele>1293.568</ele></trkpt>
   <trkpt lat="41.7743661654" lon="70.2953096968"><ele>1292.581</ele></trkpt>
   <trkpt lat="41.7743390919" lon="70.2952297335"><ele>1294.695</ele></trkpt>
   <trkpt lat="41.7743068634" lon="70.2952007321"><ele>1294.977</ele></trkpt>
   <trkpt lat="41.7742649958" lon="70.2952148975"><ele>1295.799</ele></trkpt>
   <trkpt lat="41.7742269839" lon="70.2952656918"><ele>1294.358</ele></trkpt>
   <trkpt lat="41.7740700747" lon="70.2952074376"><ele>1302.086</ele></trkpt>
   <trkpt lat="41.7739746886" lon="70.2952569747"><ele>1301.687</ele></trkpt>
   <trkpt lat="41.7737783844" lon="70.2952400432"><ele>1305.714</ele></trkpt>
   <trkpt lat="41.7735928929" lon="70.2952908375"><ele>1311.149</ele></trkpt>
   <trkpt lat="41.7735692979" lon="70.2952829586"><ele>1309.261</ele></trkpt>
   <trkpt lat="41.7735844691" lon="70.2953014826"><ele>1310.258</ele></trkpt>
   <trkpt lat="41.7735913842" lon="70.2952670329"><ele>1309.807</ele></trkpt>
   <trkpt lat="41.7735648974" lon="70.2952379477"><ele>1310.412</ele></trkpt>
   <trkpt lat="41.7735883667" lon="70.2952644346"><ele>1308.991</ele></trkpt>
   <trkpt lat="41.7735808649" lon="70.2952799411"><ele>1308.696</ele></trkpt>
   <trkpt lat="41.7734473831" lon="70.2953189169"><ele>1315.785</ele></trkpt>
   <trkpt lat="41.7734090778" lon="70.2953138878"><ele>1318.565</ele></trkpt>
   <trkpt lat="41.7733985585" lon="70.2952903346"><ele>1315.753</ele></trkpt>
   <trkpt lat="41.7734071919" lon="70.2952811984"><ele>1312.919</ele></trkpt>
   <trkpt lat="41.773369599" lon="70.2952739899"><ele>1315.744</ele></trkpt>
   <trkpt lat="41.7732964669" lon="70.2953200904"><ele>1317.502</ele></trkpt>
   <trkpt lat="41.77321906" lon="70.2953285561"><ele>1313.075</ele></trkpt>
   <trkpt lat="41.7731269848" lon="70.2952782647"><ele>1313.862</ele></trkpt>
   <trkpt lat="41.7729785832" lon="70.2953523607"><ele>1315.069</ele></trkpt>
   <trkpt lat="41.7728822752" lon="70.2953483374"><ele>1316.765</ele></trkpt>
   <trkpt lat="41.7728376835" lon="70.2954514348"><ele>1322.188</ele></trkpt>
   <trkpt lat="41.7727752802" lon="70.2954608225"><ele>1323.893</ele></trkpt>
   <trkpt lat="41.7727277967" lon="70.2954529436"><ele>1324.432</ele></trkpt>
   <trkpt lat="41.7726554609" lon="70.295384631"><ele>1318.118</ele></trkpt>
   <trkpt lat="41.7725901659" lon="70.2953533665"><ele>1318.685</ele></trkpt>
   <trkpt lat="41.7724718972" lon="70.2953434759"><ele>1317.281</ele></trkpt>
   <trkpt lat="41.7723837615" lon="70.2953095292"><ele>1319.702</ele></trkpt>
   <trkpt lat="41.7723102941" lon="70.2952450724"><ele>1321.443</ele></trkpt>
   <trkpt lat="41.7722106752" lon="70.2952723974"><ele>1321.341</ele></trkpt>
   <trkpt lat="41.7720441687" lon="70.2951964573"><ele>1324.646</ele></trkpt>
   <trkpt lat="41.771985663" lon="70.2951874887"><ele>1324.168</ele></trkpt>
   <trkpt lat="41.7719040652" lon="70.2951079444"><ele>1324.468</ele></trkpt>
   <trkpt lat="41.7718166838" lon="70.2950620954"><ele>1325.652</ele></trkpt>
   <trkpt lat="41.7717831981" lon="70.2950644423"><ele>1324.838</ele></trkpt>
   <trkpt lat="41.7717352956" lon="70.2951022447"><ele>1328.584</ele></trkpt>
   <trkpt lat="41.7716787596" lon="70.2950714831"><ele>1326.85</ele></trkpt>
   <trkpt lat="41.7715550846" lon="70.2950568986"><ele>1328.494</ele></trkpt>
   <trkpt lat="41.771465063" lon="70.2950007399"><ele>1330.865</ele></trkpt>
   <trkpt lat="41.7713840938" lon="70.2950256341"><ele>1330.237</ele></trkpt>
   <trkpt lat="41.771339083" lon="70.2950725728"><ele>1335.119</ele></trkpt>
   <trkpt lat="41.7713250852" lon="70.2951246244"><ele>1333.759</ele></trkpt>
   <trkpt lat="41.7712066908" lon="70.295145663"><ele>1337.182</ele></trkpt>
   <trkpt lat="41.7712122648" lon="70.2952060965"><ele>1338.256</ele></trkpt>
   <trkpt lat="41.7712688845" lon="70.2952584834"><ele>1340.832</ele></trkpt>
   <trkpt lat="41.771277476" lon="70.2952921787"><ele>1339.271</ele></trkpt>
   <trkpt lat="41.7712298668" lon="70.2953390335"><ele>1343.703</ele></trkpt>
   <trkpt lat="41.7711786953" lon="70.2953551267"><ele>1344.09</ele></trkpt>
   <trkpt lat="41.7711346903" lon="70.2953298972"><ele>1341.076</ele></trkpt>
   <trkpt lat="41.7709839837" lon="70.2951681265"><ele>1345.726</ele></trkpt>
   <trkpt lat="41.7708644996" lon="70.2951629297"><ele>1350.629</ele></trkpt>
   <trkpt lat="41.7707828599" lon="70.295186399"><ele>1352.278</ele></trkpt>
   <trkpt lat="41.7707016812" lon="70.2951631812"><ele>1352.966</ele></trkpt>
   <trkpt lat="41.7706457739" lon="70.2951805317"><ele>1356.465</ele></trkpt>
   <trkpt lat="41.7704890742" lon="70.2951259655"><ele>1359.275</ele></trkpt>
   <trkpt lat="41.7702437778" lon="70.2952212678"><ele>1365.774</ele></trkpt>
   <trkpt lat="41.7702101664" lon="70.2952681226"><ele>1369.176</ele></trkpt>
   <trkpt lat="41.7701794886" lon="70.2952509397"><ele>1363.886</ele></trkpt>
   <trkpt lat="41.7701372857" lon="70.2953029913"><ele>1367.696</ele></trkpt>
   <trkpt lat="41.7700221603" lon="70.2953698789"><ele>1366.841</ele></trkpt>
   <trkpt lat="41.7698994911" lon="70.2953726449"><ele>1368.321</ele></trkpt>
   <trkpt lat="41.7698018839" lon="70.295307769"><ele>1372.331</ele></trkpt>
   <trkpt lat="41.7697681886" lon="70.2953143907"><ele>1373.154</ele></trkpt>
   <trkpt lat="41.7696195775" lon="70.2952715592"><ele>1376.835</ele></trkpt>
   <trkpt lat="41.7695676935" lon="70.2952959505"><ele>1374.483</ele></trkpt>
   <trkpt lat="41.769450263" lon="70.2953032428"><ele>1378.498</ele></trkpt>
   <trkpt lat="41.7693610796" lon="70.2953620837"><ele>1380.016</ele></trkpt>
   <trkpt lat="41.769165865" lon="70.2953996347"><ele>1378.444</ele></trkpt>
   <trkpt lat="41.7691479697" lon="70.2954147221"><ele>1379.271</ele></trkpt>
   <trkpt lat="41.7691362769" lon="70.2954712999"><ele>1378.473</ele></trkpt>
   <trkpt lat="41.7691096644" lon="70.2954924223"><ele>1376.861</ele></trkpt>
   <trkpt lat="41.7689737937" lon="70.2954238584"><ele>1374.499</ele></trkpt>
   <trkpt lat="41.7689878753" lon="70.2954180748"><ele>1374.346</ele></trkpt>
   <trkpt lat="41.7689961734" lon="70.2954302286"><ele>1374.981</ele></trkpt>
   <trkpt lat="41.7689677588" lon="70.2954556258"><ele>1372.891</ele></trkpt>
   <trkpt lat="41.7688637813" lon="70.2954364312"><ele>1373.971</ele></trkpt>
   <trkpt lat="41.7688015875" lon="70.2954527759"><ele>1377.938</ele></trkpt>
   <trkpt lat="41.768758295" lon="70.2953696274"><ele>1378.776</ele></trkpt>
   <trkpt lat="41.7686196583" lon="70.2952949447"><ele>1382.799</ele></trkpt>
   <trkpt lat="41.7684825723" lon="70.2952920948"><ele>1387.169</ele></trkpt>
   <trkpt lat="41.7682172851" lon="70.2953459905"><ele>1386.013</ele></trkpt>
   <trkpt lat="41.7681696758" lon="70.2953334176"><ele>1388.047</ele></trkpt>
   <trkpt lat="41.7680890839" lon="70.2953660232"><ele>1389.33</ele></trkpt>
   <trkpt lat="41.768018592" lon="70.2953038295"><ele>1392.643</ele></trkpt>
   <trkpt lat="41.7679670853" lon="70.295289245"><ele>1391.178</ele></trkpt>
   <trkpt lat="41.7679240861" lon="70.2953179949"><ele>1394.728</ele></trkpt>
   <trkpt lat="41.7677835635" lon="70.2952277218"><ele>1396.432</ele></trkpt>
   <trkpt lat="41.7675659693" lon="70.295167875"><ele>1401.708</ele></trkpt>
   <trkpt lat="41.7675284603" lon="70.2951724851"><ele>1402.16</ele></trkpt>
   <trkpt lat="41.7674791747" lon="70.295142394"><ele>1402.615</ele></trkpt>
   <trkpt lat="41.7674374747" lon="70.295090091"><ele>1404.834</ele></trkpt>
   <trkpt lat="41.767377586" lon="70.2950940305"><ele>1407.589</ele></trkpt>
   <trkpt lat="41.7672653942" lon="70.2950167493"><ele>1408.958</ele></trkpt>
   <trkpt lat="41.7671821619" lon="70.2948890929"><ele>1410.002</ele></trkpt>
   <trkpt lat="41.7671664878" lon="70.2948238817"><ele>1413.801</ele></trkpt>
   <trkpt lat="41.7671170764" lon="70.2948198584"><ele>1412.566</ele></trkpt>
   <trkpt lat="41.7670648991" lon="70.2948878356"><ele>1416.915</ele></trkpt>
   <trkpt lat="41.7670060581" lon="70.2949141548"><ele>1418.063</ele></trkpt>
   <trkpt lat="41.7668641944" lon="70.2949451679"><ele>1413.637</ele></trkpt>
   <trkpt lat="41.7666424931" lon="70.2948950441"><ele>1412.522</ele></trkpt>
   <trkpt lat="41.7665963926" lon="70.2948157513"><ele>1407.83</ele></trkpt>
   <trkpt lat="41.7665073768" lon="70.2947906894"><ele>1407.315</ele></trkpt>
   <trkpt lat="41.7664629946" lon="70.2948312578"><ele>1406.064</ele></trkpt>
   <trkpt lat="41.7664123679" lon="70.2947843191"><ele>1405.812</ele></trkpt>
   <trkpt lat="41.766367399" lon="70.2948265639"><ele>1405.677</ele></trkpt>
   <trkpt lat="41.7662963624" lon="70.2947993227"><ele>1401.194</ele></trkpt>
   <trkpt lat="41.7662336658" lon="70.2948139911"><ele>1400.524</ele></trkpt>
   <trkpt lat="41.7660968731" lon="70.2949068626"><ele>1406.057</ele></trkpt>
   <trkpt lat="41.7660407982" lon="70.2948569902"><ele>1403.251</ele></trkpt>
   <trkpt lat="41.7660252917" lon="70.2948049386"><ele>1408.338</ele></trkpt>
   <trkpt lat="41.7660066838" lon="70.2948116441"><ele>1405.919</ele></trkpt>
   <trkpt lat="41.7659855614" lon="70.2948740893"><ele>1409.011</ele></trkpt>
   <trkpt lat="41.7659622597" lon="70.294859421"><ele>1410.389</ele></trkpt>
   <trkpt lat="41.7659480943" lon="70.2948101354"><ele>1413.762</ele></trkpt>
   <trkpt lat="41.7659295703" lon="70.2948071179"><ele>1410.128</ele></trkpt>
   <trkpt lat="41.7659052628" lon="70.2948414837"><ele>1412.175</ele></trkpt>
   <trkpt lat="41.7658777702" lon="70.2948009991"><ele>1413.105</ele></trkpt>
   <trkpt lat="41.7658710646" lon="70.2947294177"><ele>1417.471</ele></trkpt>
   <trkpt lat="41.7658477629" lon="70.2947083791"><ele>1416.775</ele></trkpt>
   <trkpt lat="41.7658312925" lon="70.294525486"><ele>1421.677</ele></trkpt>
   <trkpt lat="41.7657885867" lon="70.2944439301"><ele>1421.006</ele></trkpt>
   <trkpt lat="41.7656903927" lon="70.2943593566"><ele>1424.69</ele></trkpt>
   <trkpt lat="41.7656557754" lon="70.2943617874"><ele>1425.793</ele></trkpt>
   <trkpt lat="41.7656171768" lon="70.294391627"><ele>1427.112</ele></trkpt>
   <trkpt lat="41.7655919892" lon="70.2943756175"><ele>1428.969</ele></trkpt>
   <trkpt lat="41.7655288734" lon="70.294388358"><ele>1425.858</ele></trkpt>
   <trkpt lat="41.7654412825" lon="70.2943678224"><ele>1423.748</ele></trkpt>
   <trkpt lat="41.7653730958" lon="70.2941250825"><ele>1424.605</ele></trkpt>
   <trkpt lat="41.765285463" lon="70.2940128488"><ele>1428.695</ele></trkpt>
   <trkpt lat="41.7651450661" lon="70.2939646528"><ele>1426.882</ele></trkpt>
   <trkpt lat="41.7650610794" lon="70.2939060633"><ele>1425.264</ele></trkpt>
   <trkpt lat="41.7649209759" lon="70.2939565224"><ele>1426.993</ele></trkpt>
   <trkpt lat="41.7648533759" lon="70.294013184"><ele>1428.045</ele></trkpt>
   <trkpt lat="41.7648062696" lon="70.2940286906"><ele>1425.201</ele></trkpt>
   <trkpt lat="41.7647621808" lon="70.2940005274"><ele>1425.553</ele></trkpt>
   <trkpt lat="41.7647047647" lon="70.2938994416"><ele>1430.326</ele></trkpt>
   <trkpt lat="41.7646393859" lon="70.2938618907"><ele>1428.754</ele></trkpt>
   <trkpt lat="41.7645601769" lon="70.2937150398"><ele>1431.379</ele></trkpt>
   <trkpt lat="41.7644017589" lon="70.2935035643"><ele>1432.029</ele></trkpt>
   <trkpt lat="41.7643176884" lon="70.293478251"><ele>1435.593</ele></trkpt>
   <trkpt lat="41.7642394853" lon="70.2935166401"><ele>1435.424</ele></trkpt>
   <trkpt lat="41.764108979" lon="70.2935039834"><ele>1437.636</ele></trkpt>
   <trkpt lat="41.7640359727" lon="70.2935430431"><ele>1438.338</ele></trkpt>
   <trkpt lat="41.7640154789" lon="70.2936310531"><ele>1436.052</ele></trkpt>
   <trkpt lat="41.7640272974" lon="70.2936104336"><ele>1435.408</ele></trkpt>
   <trkpt lat="41.7640068875" lon="70.2936048177"><ele>1437.718</ele></trkpt>
   <trkpt lat="41.7640340867" lon="70.2935944242"><ele>1436.876</ele></trkpt>
   <trkpt lat="41.7640140959" lon="70.2935705357"><ele>1439.765</ele></trkpt>
   <trkpt lat="41.7640249924" lon="70.2935627406"><ele>1437.773</ele></trkpt>
   <trkpt lat="41.7640174906" lon="70.2935339906"><ele>1438.126</ele></trkpt>
   <trkpt lat="41.7640077676" lon="70.2935386845"><ele>1437.711</ele></trkpt>
   <trkpt lat="41.7640229807" lon="70.2935336554"><ele>1440.081</ele></trkpt>
   <trkpt lat="41.7640198794" lon="70.2935886407"><ele>1441.072</ele></trkpt>
   <trkpt lat="41.7640353859" lon="70.2935942565"><ele>1441.832</ele></trkpt>
   <trkpt lat="41.7639918839" lon="70.2936123614"><ele>1442.095</ele></trkpt>
   <trkpt lat="41.7639679954" lon="70.2937070769"><ele>1441.374</ele></trkpt>
   <trkpt lat="41.7638828772" lon="70.2936870442"><ele>1449.998</ele></trkpt>
   <trkpt lat="41.7637311648" lon="70.2936955937"><ele>1457.682</ele></trkpt>
   <trkpt lat="41.7636926918" lon="70.2937434544"><ele>1454.622</ele></trkpt>
   <trkpt lat="41.7634372952" lon="70.2939200611"><ele>1461.843</ele></trkpt>
   <trkpt lat="41.7633262769" lon="70.2939621383"><ele>1463.53</ele></trkpt>
   <trkpt lat="41.763308172" lon="70.2940299479"><ele>1466.192</ele></trkpt>
   <trkpt lat="41.7632418712" lon="70.2940300317"><ele>1466.696</ele></trkpt>
   <trkpt lat="41.7632118639" lon="70.2940063947"><ele>1466.404</ele></trkpt>
   <trkpt lat="41.763155789" lon="70.2940300317"><ele>1470.633</ele></trkpt>
   <trkpt lat="41.7630044957" lon="70.2940116753"><ele>1470.307</ele></trkpt>
   <trkpt lat="41.7629600716" lon="70.2939237491"><ele>1465.693</ele></trkpt>
   <trkpt lat="41.7629169886" lon="70.2938882937"><ele>1467.56</ele></trkpt>
   <trkpt lat="41.7627784776" lon="70.2938451269"><ele>1466.37</ele></trkpt>
   <trkpt lat="41.7626780624" lon="70.2938639862"><ele>1467.0</ele></trkpt>
   <trkpt lat="41.7627196786" lon="70.2938420256"><ele>1466.78</ele></trkpt>
   <trkpt lat="41.7628056769" lon="70.2938452945"><ele>1468.581</ele></trkpt>
   <trkpt lat="41.7629495942" lon="70.2938845218"><ele>1470.779</ele></trkpt>
   <trkpt lat="41.7629821998" lon="70.2939208993"><ele>1467.138</ele></trkpt>
   <trkpt lat="41.7630229778" lon="70.2940141899"><ele>1470.062</ele></trkpt>
   <trkpt lat="41.7630513924" lon="70.2940425207"><ele>1466.251</ele></trkpt>
   <trkpt lat="41.7630189963" lon="70.294136398"><ele>1474.465</ele></trkpt>
   <trkpt lat="41.7631202916" lon="70.2941766312"><ele>1478.237</ele></trkpt>
   <trkpt lat="41.7631113649" lon="70.294210494"><ele>1481.554</ele></trkpt>
   <trkpt lat="41.7630756999" lon="70.2942326223"><ele>1482.281</ele></trkpt>
   <trkpt lat="41.7630059625" lon="70.294216529"><ele>1480.18</ele></trkpt>
   <trkpt lat="41.7629328723" lon="70.2942556725"><ele>1484.935</ele></trkpt>
   <trkpt lat="41.7629488817" lon="70.2943449398"><ele>1489.287</ele></trkpt>
   <trkpt lat="41.7630387776" lon="70.2944240649"><ele>1493.041</ele></trkpt>
   <trkpt lat="41.7630473691" lon="70.2944641304"><ele>1495.346</ele></trkpt>
   <trkpt lat="41.7629838762" lon="70.2944891923"><ele>1492.072</ele></trkpt>
   <trkpt lat="41.7629240713" lon="70.2944663936"><ele>1501.039</ele></trkpt>
   <trkpt lat="41.7628529928" lon="70.2944045351"><ele>1500.653</ele></trkpt>
   <trkpt lat="41.7627767593" lon="70.2944272501"><ele>1504.064</ele></trkpt>
   <trkpt lat="41.7627402981" lon="70.2944614482"><ele>1505.654</ele></trkpt>
   <trkpt lat="41.7627423935" lon="70.2945057885"><ele>1505.786</ele></trkpt>
   <trkpt lat="41.76268196" lon="70.2945308504"><ele>1506.163</ele></trkpt>
   <trkpt lat="41.7626317943" lon="70.2946186927"><ele>1512.206</ele></trkpt>
   <trkpt lat="41.7624597977" lon="70.2947263164"><ele>1522.661</ele></trkpt>
   <trkpt lat="41.7624384657" lon="70.2947725845"><ele>1520.483</ele></trkpt>
   <trkpt lat="41.7623731707" lon="70.2948143264"><ele>1526.005</ele></trkpt>
   <trkpt lat="41.7623642859" lon="70.2948442497"><ele>1526.239</ele></trkpt>
   <trkpt lat="41.7623925748" lon="70.294909461"><ele>1527.654</ele></trkpt>
   <trkpt lat="41.7622634935" lon="70.2950000693"><ele>1536.955</ele></trkpt>
   <trkpt lat="41.7622305945" lon="70.2949937829"><ele>1537.1</ele></trkpt>
   <trkpt lat="41.7621230966" lon="70.2950492711"><ele>1540.594</ele></trkpt>
   <trkpt lat="41.7620944724" lon="70.2950936952"><ele>1539.312</ele></trkpt>
   <trkpt lat="41.7620365954" lon="70.295090091"><ele>1538.747</ele></trkpt>
   <trkpt lat="41.7620704583" lon="70.2951008198"><ele>1539.013</ele></trkpt>
   <trkpt lat="41.7620479948" lon="70.2951208526"><ele>1543.209</ele></trkpt>
   <trkpt lat="41.7619994636" lon="70.2951233671"><ele>1545.188</ele></trkpt>
   <trkpt lat="41.7619621641" lon="70.2951006522"><ele>1545.221</ele></trkpt>
   <trkpt lat="41.7619383595" lon="70.2951688809"><ele>1547.266</ele></trkpt>
   <trkpt lat="41.7618670714" lon="70.2951589902"><ele>1551.582</ele></trkpt>
   <trkpt lat="41.7618725615" lon="70.2952017379"><ele>1549.788</ele></trkpt>
   <trkpt lat="41.7618609945" lon="70.2952130535"><ele>1550.485</ele></trkpt>
   <trkpt lat="41.7617996809" lon="70.2952304878"><ele>1553.427</ele></trkpt>
   <trkpt lat="41.7617140598" lon="70.2952104551"><ele>1559.666</ele></trkpt>
   <trkpt lat="41.7616794844" lon="70.2952374448"><ele>1562.66</ele></trkpt>
   <trkpt lat="41.7616201824" lon="70.2951776819"><ele>1564.926</ele></trkpt>
   <trkpt lat="41.7615506965" lon="70.2951630973"><ele>1568.09</ele></trkpt>
   <trkpt lat="41.7615202702" lon="70.2951275581"><ele>1567.957</ele></trkpt>
   <trkpt lat="41.7615274786" lon="70.295072489"><ele>1570.774</ele></trkpt>
   <trkpt lat="41.7615125588" lon="70.295034938"><ele>1569.241</ele></trkpt>
   <trkpt lat="41.761527269" lon="70.2949874965"><ele>1571.434</ele></trkpt>
   <trkpt lat="41.7615153667" lon="70.2949497779"><ele>1569.35</ele></trkpt>
   <trkpt lat="41.7615492715" lon="70.2948952955"><ele>1577.771</ele></trkpt>
   <trkpt lat="41.7615502774" lon="70.2948570741"><ele>1576.221</ele></trkpt>
   <trkpt lat="41.7615121816" lon="70.294838131"><ele>1579.012</ele></trkpt>
   <trkpt lat="41.7614770614" lon="70.2948848182"><ele>1575.449</ele></trkpt>
   <trkpt lat="41.7614514966" lon="70.2948888415"><ele>1576.919</ele></trkpt>
   <trkpt lat="41.7614065696" lon="70.2950785239"><ele>1582.323</ele></trkpt>
   <trkpt lat="41.7613860759" lon="70.2951008198"><ele>1581.883</ele></trkpt>
   <trkpt lat="41.7613500756" lon="70.2951008198"><ele>1584.825</ele></trkpt>
   <trkpt lat="41.7612556954" lon="70.2952097845"><ele>1585.915</ele></trkpt>
   <trkpt lat="41.7612328966" lon="70.2952154842"><ele>1585.219</ele></trkpt>
   <trkpt lat="41.7612338605" lon="70.2952381992"><ele>1584.181</ele></trkpt>
   <trkpt lat="41.7611961839" lon="70.2952984651"><ele>1586.87</ele></trkpt>
   <trkpt lat="41.7610939666" lon="70.2954259538"><ele>1585.653</ele></trkpt>
   <trkpt lat="41.7611007978" lon="70.2954686177"><ele>1582.589</ele></trkpt>
   <trkpt lat="41.7611045697" lon="70.2954500937"><ele>1583.628</ele></trkpt>
   <trkpt lat="41.7609636699" lon="70.2955710446"><ele>1584.825</ele></trkpt>
   <trkpt lat="41.7609065891" lon="70.2956623235"><ele>1590.99</ele></trkpt>
   <trkpt lat="41.7608943934" lon="70.2958111861"><ele>1588.048</ele></trkpt>
   <trkpt lat="41.7609321958" lon="70.2959962585"><ele>1586.846</ele></trkpt>
   <trkpt lat="41.7609153901" lon="70.2960691811"><ele>1591.189</ele></trkpt>
   <trkpt lat="41.7607683715" lon="70.296187785"><ele>1590.903</ele></trkpt>
   <trkpt lat="41.7605855622" lon="70.2962714364"><ele>1592.971</ele></trkpt>
   <trkpt lat="41.7605440718" lon="70.2963076462"><ele>1593.287</ele></trkpt>
   <trkpt lat="41.760506479" lon="70.2963759587"><ele>1593.28</ele></trkpt>
   <trkpt lat="41.7604446624" lon="70.2967166831"><ele>1598.026</ele></trkpt>
   <trkpt lat="41.7603416907" lon="70.2969765221"><ele>1602.283</ele></trkpt>
   <trkpt lat="41.7602784912" lon="70.2970545576"><ele>1600.995</ele></trkpt>
   <trkpt lat="41.7602634876" lon="70.2971016639"><ele>1600.64</ele></trkpt>
   <trkpt lat="41.7602715761" lon="70.2973078587"><ele>1602.965</ele></trkpt>
   <trkpt lat="41.7602957998" lon="70.2973948629"><ele>1606.059</ele></trkpt>
   <trkpt lat="41.7602913993" lon="70.2974863933"><ele>1600.285</ele></trkpt>
   <trkpt lat="41.7603183891" lon="70.2975793486"><ele>1606.593</ele></trkpt>
   <trkpt lat="41.7603193949" lon="70.2976608207"><ele>1607.647</ele></trkpt>
   <trkpt lat="41.7602749708" lon="70.2977651754"><ele>1606.283</ele></trkpt>
   <trkpt lat="41.7602767729" lon="70.2978390199"><ele>1608.293</ele></trkpt>
   <trkpt lat="41.7602000785" lon="70.2979447996"><ele>1605.922</ele></trkpt>
   <trkpt lat="41.7602126933" lon="70.2980436222"><ele>1611.558</ele></trkpt>
   <trkpt lat="41.7601584623" lon="70.2981129405"><ele>1614.004</ele></trkpt>
   <trkpt lat="41.7601810935" lon="70.2981917304"><ele>1611.098</ele></trkpt>
   <trkpt lat="41.76010398" lon="70.298237328"><ele>1614.266</ele></trkpt>
   <trkpt lat="41.7600685664" lon="70.2982821712"><ele>1617.067</ele></trkpt>
   <trkpt lat="41.760008091" lon="70.2982853563"><ele>1616.284</ele></trkpt>
   <trkpt lat="41.7599721745" lon="70.2982599591"><ele>1612.271</ele></trkpt>
   <trkpt lat="41.7599278762" lon="70.2982717776"><ele>1612.382</ele></trkpt>
   <trkpt lat="41.7597836655" lon="70.2983261761"><ele>1610.343</ele></trkpt>
   <trkpt lat="41.7596285584" lon="70.2984132641"><ele>1612.722</ele></trkpt>
   <trkpt lat="41.7595289814" lon="70.2984231548"><ele>1613.149</ele></trkpt>
   <trkpt lat="41.7594294882" lon="70.2984960773"><ele>1616.147</ele></trkpt>
   <trkpt lat="41.7593560628" lon="70.2985779685"><ele>1611.224</ele></trkpt>
   <trkpt lat="41.7592720761" lon="70.2987434273"><ele>1610.565</ele></trkpt>
   <trkpt lat="41.7592387999" lon="70.2987592691"><ele>1609.42</ele></trkpt>
   <trkpt lat="41.7591906878" lon="70.298955238"><ele>1606.41</ele></trkpt>
   <trkpt lat="41.7590734669" lon="70.2990635322"><ele>1607.153</ele></trkpt>
   <trkpt lat="41.759019697" lon="70.2991657914"><ele>1609.182</ele></trkpt>
   <trkpt lat="41.7589209582" lon="70.2992750914"><ele>1608.123</ele></trkpt>
   <trkpt lat="41.7588962735" lon="70.2993257181"><ele>1614.453</ele></trkpt>
   <trkpt lat="41.7587989596" lon="70.2994067711"><ele>1613.56</ele></trkpt>
   <trkpt lat="41.7587243606" lon="70.299435521"><ele>1610.594</ele></trkpt>
   <trkpt lat="41.758640374" lon="70.2995346789"><ele>1613.518</ele></trkpt>
   <trkpt lat="41.7584331733" lon="70.2996861399"><ele>1611.241</ele></trkpt>
   <trkpt lat="41.7583699738" lon="70.2997114533"><ele>1614.052</ele></trkpt>
   <trkpt lat="41.7582788625" lon="70.2996590664"><ele>1611.159</ele></trkpt>
   <trkpt lat="41.7582147828" lon="70.2996484214"><ele>1607.712</ele></trkpt>
   <trkpt lat="41.7580582927" lon="70.2996978746"><ele>1610.888</ele></trkpt>
   <trkpt lat="41.7579090948" lon="70.299666191"><ele>1614.146</ele></trkpt>
   <trkpt lat="41.7578294667" lon="70.2997047478"><ele>1617.732</ele></trkpt>
   <trkpt lat="41.7577504673" lon="70.2996352618"><ele>1614.69</ele></trkpt>
   <trkpt lat="41.7577400737" lon="70.2996590664"><ele>1620.177</ele></trkpt>
   <trkpt lat="41.7577738947" lon="70.2997228527"><ele>1616.747</ele></trkpt>
   <trkpt lat="41.7577422949" lon="70.2997782571"><ele>1622.537</ele></trkpt>
   <trkpt lat="41.7576398681" lon="70.2996930969"><ele>1628.046</ele></trkpt>
   <trkpt lat="41.7575827873" lon="70.2996919234"><ele>1620.921</ele></trkpt>
   <trkpt lat="41.7574643929" lon="70.2997650975"><ele>1630.23</ele></trkpt>
   <trkpt lat="41.7572902589" lon="70.2997466573"><ele>1621.618</ele></trkpt>
   <trkpt lat="41.7572293644" lon="70.2998120361"><ele>1631.217</ele></trkpt>
   <trkpt lat="41.7571895922" lon="70.299769037"><ele>1626.044</ele></trkpt>
   <trkpt lat="41.757090099" lon="70.2997342521"><ele>1628.61</ele></trkpt>
   <trkpt lat="41.7569403983" lon="70.2996098646"><ele>1627.1</ele></trkpt>
   <trkpt lat="41.7568453894" lon="70.2996130497"><ele>1629.603</ele></trkpt>
   <trkpt lat="41.7568016778" lon="70.2996432246"><ele>1629.968</ele></trkpt>
   <trkpt lat="41.7567514702" lon="70.2996264608"><ele>1632.377</ele></trkpt>
   <trkpt lat="41.7566867619" lon="70.2996668616"><ele>1631.037</ele></trkpt>
   <trkpt lat="41.7566693694" lon="70.2996506845"><ele>1631.226</ele></trkpt>
   <trkpt lat="41.7568403602" lon="70.2995862276"><ele>1628.335</ele></trkpt>
   <trkpt lat="41.7568328584" lon="70.299550856"><ele>1628.049</ele></trkpt>
   <trkpt lat="41.7568454732" lon="70.2995384508"><ele>1628.49</ele></trkpt>
   <trkpt lat="41.7568530588" lon="70.2995539573"><ele>1626.082</ele></trkpt>
   <trkpt lat="41.7568296733" lon="70.2995287278"><ele>1627.727</ele></trkpt>
   <trkpt lat="41.7568725887" lon="70.2995706373"><ele>1627.121</ele></trkpt>
   <trkpt lat="41.7568636619" lon="70.299562423"><ele>1627.703</ele></trkpt>
   <trkpt lat="41.7568656736" lon="70.299589748"><ele>1627.227</ele></trkpt>
   <trkpt lat="41.7568283741" lon="70.2994689648"><ele>1627.019</ele></trkpt>
   <trkpt lat="41.7567697846" lon="70.2994595771"><ele>1632.056</ele></trkpt>
   <trkpt lat="41.7567146736" lon="70.299407274"><ele>1628.942</ele></trkpt>
   <trkpt lat="41.7565876878" lon="70.299447591"><ele>1633.729</ele></trkpt>
   <trkpt lat="41.7565377735" lon="70.2993977186"><ele>1632.79</ele></trkpt>
   <trkpt lat="41.756571385" lon="70.2993371175"><ele>1632.872</ele></trkpt>
   <trkpt lat="41.7566899889" lon="70.2992809587"><ele>1638.009</ele></trkpt>
   <trkpt lat="41.7567081776" lon="70.2992446651"><ele>1637.446</ele></trkpt>
   <trkpt lat="41.756702897" lon="70.2991977264"><ele>1640.646</ele></trkpt>
   <trkpt lat="41.7566785895" lon="70.2991856565"><ele>1641.084</ele></trkpt>
   <trkpt lat="41.756602859" lon="70.2992057731"><ele>1640.916</ele></trkpt>
   <trkpt lat="41.7565187885" lon="70.2991800406"><ele>1644.664</ele></trkpt>
   <trkpt lat="41.7564244921" lon="70.2990929526"><ele>1646.876</ele></trkpt>
   <trkpt lat="41.7563424752" lon="70.2990434994"><ele>1646.935</ele></trkpt>
   <trkpt lat="41.7563243703" lon="70.2989888494"><ele>1651.39</ele></trkpt>
   <trkpt lat="41.7562634758" lon="70.2990076249"><ele>1653.707</ele></trkpt>
   <trkpt lat="41.7562555968" lon="70.2989350376"><ele>1656.367</ele></trkpt>
   <trkpt lat="41.7562065626" lon="70.2989569982"><ele>1657.009</ele></trkpt>
   <trkpt lat="41.7561276889" lon="70.2989266557"><ele>1655.363</ele></trkpt>
   <trkpt lat="41.7560352784" lon="70.2989588422"><ele>1655.561</ele></trkpt>
   <trkpt lat="41.7559077897" lon="70.2990389732"><ele>1661.545</ele></trkpt>
   <trkpt lat="41.755894672" lon="70.2990859957"><ele>1662.768</ele></trkpt>
   <trkpt lat="41.7559105976" lon="70.2991524642"><ele>1659.833</ele></trkpt>
   <trkpt lat="41.7557794628" lon="70.2992617642"><ele>1664.433</ele></trkpt>
   <trkpt lat="41.7555482899" lon="70.2992796176"><ele>1667.214</ele></trkpt>
   <trkpt lat="41.7554105752" lon="70.2993198508"><ele>1670.141</ele></trkpt>
   <trkpt lat="41.7553538716" lon="70.299269727"><ele>1669.287</ele></trkpt>
   <trkpt lat="41.7553111658" lon="70.2992949565"><ele>1672.68</ele></trkpt>
   <trkpt lat="41.7552297775" lon="70.2994031669"><ele>1674.105</ele></trkpt>
   <trkpt lat="41.755233759" lon="70.2995070187"><ele>1681.468</ele></trkpt>
   <trkpt lat="41.7552783926" lon="70.2996278857"><ele>1679.513</ele></trkpt>
   <trkpt lat="41.7552659874" lon="70.2996894927"><ele>1681.638</ele></trkpt>
   <trkpt lat="41.7552991797" lon="70.2997764969"><ele>1687.803</ele></trkpt>
   <trkpt lat="41.7552929771" lon="70.2998099406"><ele>1688.115</ele></trkpt>
   <trkpt lat="41.7552390815" lon="70.2998104436"><ele>1691.598</ele></trkpt>
   <trkpt lat="41.7551303682" lon="70.2997407899"><ele>1691.76</ele></trkpt>
   <trkpt lat="41.755036868" lon="70.2997122915"><ele>1689.405</ele></trkpt>
   <trkpt lat="41.7548833954" lon="70.2997326595"><ele>1691.294</ele></trkpt>
   <trkpt lat="41.7547658811" lon="70.299786136"><ele>1691.694</ele></trkpt>
   <trkpt lat="41.7547002927" lon="70.299858891"><ele>1693.832</ele></trkpt>
   <trkpt lat="41.7545273741" lon="70.3002343164"><ele>1697.197</ele></trkpt>
   <trkpt lat="41.754462582" lon="70.3003004496"><ele>1698.023</ele></trkpt>
   <trkpt lat="41.754472766" lon="70.3003033833"><ele>1698.03</ele></trkpt>
   <trkpt lat="41.7544410824" lon="70.3003219911"><ele>1697.603</ele></trkpt>
   <trkpt lat="41.7544025675" lon="70.3003033833"><ele>1697.918</ele></trkpt>
   <trkpt lat="41.7544212592" lon="70.3002563608"><ele>1698.631</ele></trkpt>
   <trkpt lat="41.7544211754" lon="70.3002221626"><ele>1698.898</ele></trkpt>
   <trkpt lat="41.7544064651" lon="70.3002051474"><ele>1699.119</ele></trkpt>
   <trkpt lat="41.7543599875" lon="70.3002391779"><ele>1699.207</ele></trkpt>
   <trkpt lat="41.7543906652" lon="70.3002498229"><ele>1697.771</ele></trkpt>
   <trkpt lat="41.7544445609" lon="70.3003228293"><ele>1698.9</ele></trkpt>
   <trkpt lat="41.7544458601" lon="70.3003541776"><ele>1697.866</ele></trkpt>
   <trkpt lat="41.754357892" lon="70.3003872861"><ele>1697.431</ele></trkpt>
   <trkpt lat="41.7542567643" lon="70.3002919839"><ele>1699.235</ele></trkpt>
   <trkpt lat="41.7541602886" lon="70.3002973483"><ele>1702.432</ele></trkpt>
   <trkpt lat="41.7540543833" lon="70.3002536786"><ele>1704.122</ele></trkpt>
   <trkpt lat="41.7539013716" lon="70.3001606395"><ele>1709.522</ele></trkpt>
   <trkpt lat="41.7538216597" lon="70.3000863758"><ele>1710.665</ele></trkpt>
   <trkpt lat="41.7537996991" lon="70.300125184"><ele>1712.685</ele></trkpt>
   <trkpt lat="41.7537675965" lon="70.300136332"><ele>1711.985</ele></trkpt>
   <trkpt lat="41.7537634893" lon="70.3001536825"><ele>1708.822</ele></trkpt>
   <trkpt lat="41.7537753916" lon="70.3001387627"><ele>1711.124</ele></trkpt>
   <trkpt lat="41.7537644951" lon="70.3001375892"><ele>1707.751</ele></trkpt>
   <trkpt lat="41.7537153772" lon="70.3001914849"><ele>1710.38</ele></trkpt>
   <trkpt lat="41.7536840708" lon="70.3002876253"><ele>1708.679</ele></trkpt>
   <trkpt lat="41.7536398982" lon="70.3003326361"><ele>1707.661</ele></trkpt>
   <trkpt lat="41.753561695" lon="70.3003165429"><ele>1705.153</ele></trkpt>
   <trkpt lat="41.7535807638" lon="70.3003359889"><ele>1706.283</ele></trkpt>
   <trkpt lat="41.7535612759" lon="70.3003788204"><ele>1707.889</ele></trkpt>
   <trkpt lat="41.7535429614" lon="70.3003278584"><ele>1698.313</ele></trkpt>
   <trkpt lat="41.7535507985" lon="70.3003493999"><ele>1706.157</ele></trkpt>
   <trkpt lat="41.7535735973" lon="70.300347975"><ele>1710.047</ele></trkpt>
   <trkpt lat="41.7535711665" lon="70.3003277746"><ele>1710.347</ele></trkpt>
   <trkpt lat="41.7536542731" lon="70.3002937441"><ele>1711.403</ele></trkpt>
   <trkpt lat="41.7536798798" lon="70.3002125235"><ele>1708.117</ele></trkpt>
   <trkpt lat="41.7537206997" lon="70.3001866234"><ele>1708.262</ele></trkpt>
   <trkpt lat="41.7537869586" lon="70.3000930813"><ele>1711.033</ele></trkpt>
   <trkpt lat="41.7538426983" lon="70.3000629903"><ele>1712.771</ele></trkpt>
   <trkpt lat="41.7537988609" lon="70.3001105995"><ele>1712.986</ele></trkpt>
   <trkpt lat="41.7538166725" lon="70.3001070791"><ele>1712.632</ele></trkpt>
   <trkpt lat="41.7537519642" lon="70.3001271957"><ele>1709.658</ele></trkpt>
   <trkpt lat="41.7537649981" lon="70.3001201549"><ele>1710.838</ele></trkpt>
   <trkpt lat="41.7537501621" lon="70.3000962665"><ele>1714.227</ele></trkpt>
   <trkpt lat="41.7537818876" lon="70.3000259423"><ele>1713.424</ele></trkpt>
   <trkpt lat="41.7537739667" lon="70.29999275"><ele>1717.462</ele></trkpt>
   <trkpt lat="41.7537329792" lon="70.2999532712"><ele>1716.153</ele></trkpt>
   <trkpt lat="41.7536819753" lon="70.2998536942"><ele>1718.373</ele></trkpt>
   <trkpt lat="41.7536265709" lon="70.2998089348"><ele>1719.562</ele></trkpt>
   <trkpt lat="41.753557085" lon="70.2997095254"><ele>1722.232</ele></trkpt>
   <trkpt lat="41.7534568793" lon="70.2995073539"><ele>1725.485</ele></trkpt>
   <trkpt lat="41.7534088929" lon="70.2994741616"><ele>1726.836</ele></trkpt>
   <trkpt lat="41.7533673606" lon="70.2993928571"><ele>1728.85</ele></trkpt>
   <trkpt lat="41.7531853895" lon="70.2991733351"><ele>1734.66</ele></trkpt>
   <trkpt lat="41.7531131794" lon="70.2989622788"><ele>1741.475</ele></trkpt>
   <trkpt lat="41.753130488" lon="70.2990576648"><ele>1739.991</ele></trkpt>
   <trkpt lat="41.7531792707" lon="70.2991696471"><ele>1735.214</ele></trkpt>
   <trkpt lat="41.7530930628" lon="70.299207198"><ele>1734.786</ele></trkpt>
   <trkpt lat="41.7531074797" lon="70.2992088744"><ele>1733.811</ele></trkpt>
   <trkpt lat="41.7530386642" lon="70.2992635244"><ele>1732.064</ele></trkpt>
   <trkpt lat="41.7530353953" lon="70.2992936992"><ele>1730.625</ele></trkpt>
   <trkpt lat="41.7530592837" lon="70.2992679668"><ele>1730.624</ele></trkpt>
   <trkpt lat="41.7531135985" lon="70.2992856526"><ele>1730.263</ele></trkpt>
   <trkpt lat="41.7531420969" lon="70.2992399712"><ele>1733.937</ele></trkpt>
   <trkpt lat="41.7531026601" lon="70.2992861555"><ele>1731.644</ele></trkpt>
   <trkpt lat="41.7531149815" lon="70.2992852335"><ele>1735.436</ele></trkpt>
   <trkpt lat="41.7530335932" lon="70.2993089543"><ele>1729.128</ele></trkpt>
   <trkpt lat="41.7530422685" lon="70.2992907656"><ele>1730.742</ele></trkpt>
   <trkpt lat="41.7530543803" lon="70.2993020811"><ele>1729.975</ele></trkpt>
   <trkpt lat="41.7530411788" lon="70.2993128938"><ele>1731.045</ele></trkpt>
   <trkpt lat="41.7530471719" lon="70.299291939"><ele>1730.697</ele></trkpt>
   <trkpt lat="41.7530449926" lon="70.2993211919"><ele>1730.716</ele></trkpt>
   <trkpt lat="41.7530455793" lon="70.2992652846"><ele>1731.723</ele></trkpt>
   <trkpt lat="41.7529670828" lon="70.2992698946"><ele>1726.085</ele></trkpt>
   <trkpt lat="41.7529870736" lon="70.2993721538"><ele>1724.202</ele></trkpt>
   <trkpt lat="41.7529838885" lon="70.299471647"><ele>1722.473</ele></trkpt>
   <trkpt lat="41.7529788594" lon="70.2994413884"><ele>1721.705</ele></trkpt>
   <trkpt lat="41.752964191" lon="70.2994386223"><ele>1727.517</ele></trkpt>
   <trkpt lat="41.7529648616" lon="70.2994828788"><ele>1723.519</ele></trkpt>
   <trkpt lat="41.7529840981" lon="70.2994867345"><ele>1722.951</ele></trkpt>
   <trkpt lat="41.7529682982" lon="70.2994572302"><ele>1719.979</ele></trkpt>
   <trkpt lat="41.7529758838" lon="70.2994295699"><ele>1720.862</ele></trkpt>
   <trkpt lat="41.7529516601" lon="70.2994051785"><ele>1725.386</ele></trkpt>
   <trkpt lat="41.7530189668" lon="70.2994859801"><ele>1725.468</ele></trkpt>
   <trkpt lat="41.7530556795" lon="70.2995090303"><ele>1723.4</ele></trkpt>
   <trkpt lat="41.7530803642" lon="70.2995019895"><ele>1724.551</ele></trkpt>
   <trkpt lat="41.7530151949" lon="70.2994683781"><ele>1722.828</ele></trkpt>
   <trkpt lat="41.752979488" lon="70.2994150692"><ele>1725.173</ele></trkpt>
   <trkpt lat="41.7529534622" lon="70.2994029992"><ele>1723.471</ele></trkpt>
   <trkpt lat="41.7529862773" lon="70.2993678791"><ele>1723.21</ele></trkpt>
   <trkpt lat="41.7529877861" lon="70.2992644464"><ele>1729.89</ele></trkpt>
   <trkpt lat="41.7530418913" lon="70.2992699784"><ele>1728.801</ele></trkpt>
   <trkpt lat="41.753064271" lon="70.299253969"><ele>1730.186</ele></trkpt>
   <trkpt lat="41.7530661988" lon="70.2992759296"><ele>1730.656</ele></trkpt>
   <trkpt lat="41.7531029953" lon="70.2992817969"><ele>1731.819</ele></trkpt>
   <trkpt lat="41.7531274705" lon="70.2992562321"><ele>1732.948</ele></trkpt>
   <trkpt lat="41.7531094913" lon="70.2992693917"><ele>1730.782</ele></trkpt>
   <trkpt lat="41.7531156939" lon="70.2992865746"><ele>1729.503</ele></trkpt>
   <trkpt lat="41.7531176637" lon="70.2992668771"><ele>1731.325</ele></trkpt>
   <trkpt lat="41.75306008" lon="70.2992946212"><ele>1732.591</ele></trkpt>
   <trkpt lat="41.7530321683" lon="70.2992580761"><ele>1729.638</ele></trkpt>
   <trkpt lat="41.7530761733" lon="70.2992148255"><ele>1732.538</ele></trkpt>
   <trkpt lat="41.7530919731" lon="70.29913679"><ele>1736.249</ele></trkpt>
   <trkpt lat="41.7531080664" lon="70.2991389693"><ele>1733.942</ele></trkpt>
   <trkpt lat="41.7531028696" lon="70.299108543"><ele>1733.833</ele></trkpt>
   <trkpt lat="41.7531291888" lon="70.2990874206"><ele>1734.283</ele></trkpt>
   <trkpt lat="41.7531019895" lon="70.2990454273"><ele>1735.292</ele></trkpt>
   <trkpt lat="41.7531001874" lon="70.2989955549"><ele>1736.446</ele></trkpt>
   <trkpt lat="41.7529235807" lon="70.2985164453"><ele>1747.111</ele></trkpt>
   <trkpt lat="41.7528422762" lon="70.2983585303"><ele>1751.097</ele></trkpt>
   <trkpt lat="41.7528461738" lon="70.2983009466"><ele>1753.341</ele></trkpt>
   <trkpt lat="41.7528268955" lon="70.2982714423"><ele>1754.082</ele></trkpt>
   <trkpt lat="41.752840097" lon="70.2982730349"><ele>1753.844</ele></trkpt>
   <trkpt lat="41.7528393845" lon="70.2982557682"><ele>1755.021</ele></trkpt>
   <trkpt lat="41.7527799987" lon="70.2981626452"><ele>1756.655</ele></trkpt>
   <trkpt lat="41.7527877939" lon="70.2981393435"><ele>1757.875</ele></trkpt>
   <trkpt lat="41.7528489818" lon="70.2981301234"><ele>1758.806</ele></trkpt>
   <trkpt lat="41.7528563998" lon="70.298107157"><ele>1759.625</ele></trkpt>
   <trkpt lat="41.752784483" lon="70.2979985275"><ele>1762.779</ele></trkpt>
   <trkpt lat="41.75275808" lon="70.2978504193"><ele>1766.122</ele></trkpt>
   <trkpt lat="41.7526732971" lon="70.2976334957"><ele>1769.437</ele></trkpt>
   <trkpt lat="41.7526692738" lon="70.297586557"><ele>1770.346</ele></trkpt>
   <trkpt lat="41.7526006679" lon="70.2974346769"><ele>1770.619</ele></trkpt>
   <trkpt lat="41.7525648772" lon="70.297262345"><ele>1772.176</ele></trkpt>
   <trkpt lat="41.752541785" lon="70.2972273925"><ele>1773.071</ele></trkpt>
   <trkpt lat="41.7525193634" lon="70.2971276478"><ele>1776.08</ele></trkpt>
   <trkpt lat="41.7523516835" lon="70.2968253964"><ele>1775.806</ele></trkpt>
   <trkpt lat="41.752329681" lon="70.2967269928"><ele>1776.883</ele></trkpt>
   <trkpt lat="41.7522724745" lon="70.2966425871"><ele>1777.518</ele></trkpt>
   <trkpt lat="41.7522873943" lon="70.2963181236"><ele>1785.404</ele></trkpt>
   <trkpt lat="41.7522572613" lon="70.2960329713"><ele>1790.95</ele></trkpt>
   <trkpt lat="41.7522672777" lon="70.295985362"><ele>1793.482</ele></trkpt>
   <trkpt lat="41.7522861789" lon="70.2959704423"><ele>1791.812</ele></trkpt>
   <trkpt lat="41.7522603626" lon="70.2959745494"><ele>1790.195</ele></trkpt>
   <trkpt lat="41.752262961" lon="70.295986787"><ele>1790.31</ele></trkpt>
   <trkpt lat="41.7522728936" lon="70.295976561"><ele>1790.806</ele></trkpt>
   <trkpt lat="41.7522633801" lon="70.2959834342"><ele>1791.114</ele></trkpt>
   <trkpt lat="41.7522530704" lon="70.2959533432"><ele>1790.483</ele></trkpt>
   <trkpt lat="41.7522473707" lon="70.2959648264"><ele>1790.083</ele></trkpt>
   <trkpt lat="41.7522585605" lon="70.2959538461"><ele>1791.074</ele></trkpt>
   <trkpt lat="41.752235175" lon="70.2958860365"><ele>1790.665</ele></trkpt>
   <trkpt lat="41.7522518969" lon="70.2958279499"><ele>1792.135</ele></trkpt>
   <trkpt lat="41.7522296849" lon="70.2957754792"><ele>1792.198</ele></trkpt>
   <trkpt lat="41.7522231889" lon="70.2956901514"><ele>1793.028</ele></trkpt>
   <trkpt lat="41.7521840873" lon="70.295579175"><ele>1795.08</ele></trkpt>
   <trkpt lat="41.7521518589" lon="70.2955336613"><ele>1796.131</ele></trkpt>
   <trkpt lat="41.7521727717" lon="70.2953515225"><ele>1798.283</ele></trkpt>
   <trkpt lat="41.7521225641" lon="70.2952786838"><ele>1799.441</ele></trkpt>
   <trkpt lat="41.7521077701" lon="70.2952022408"><ele>1800.359</ele></trkpt>
   <trkpt lat="41.7520621725" lon="70.2951780171"><ele>1800.221</ele></trkpt>
   <trkpt lat="41.7520089893" lon="70.2950521209"><ele>1801.708</ele></trkpt>
   <trkpt lat="41.7519613801" lon="70.2949913521"><ele>1802.519</ele></trkpt>
   <trkpt lat="41.7519153635" lon="70.2947891806"><ele>1804.943</ele></trkpt>
   <trkpt lat="41.7518628928" lon="70.2947393921"><ele>1805.675</ele></trkpt>
   <trkpt lat="41.751839172" lon="70.2946864185"><ele>1806.514</ele></trkpt>
   <trkpt lat="41.7518379985" lon="70.2946649608"><ele>1806.299</ele></trkpt>
   <trkpt lat="41.7518861945" lon="70.2946295892"><ele>1806.66</ele></trkpt>
   <trkpt lat="41.7519045927" lon="70.2945931279"><ele>1807.173</ele></trkpt>
   <trkpt lat="41.7518843924" lon="70.2944798884"><ele>1809.188</ele></trkpt>
   <trkpt lat="41.7517797862" lon="70.2942886972"><ele>1809.64</ele></trkpt>
   <trkpt lat="41.7517453785" lon="70.2941217297"><ele>1811.327</ele></trkpt>
   <trkpt lat="41.7516115614" lon="70.2937665885"><ele>1815.862</ele></trkpt>
   <trkpt lat="41.7515890979" lon="70.2936270298"><ele>1818.556</ele></trkpt>
   <trkpt lat="41.7514993696" lon="70.2935127844"><ele>1821.009</ele></trkpt>
   <trkpt lat="41.7514757746" lon="70.2934318991"><ele>1822.224</ele></trkpt>
   <trkpt lat="41.7514425822" lon="70.2934213379"><ele>1822.413</ele></trkpt>
   <trkpt lat="41.7514025587" lon="70.2933690348"><ele>1822.927</ele></trkpt>
   <trkpt lat="41.7512890677" lon="70.2933548694"><ele>1822.744</ele></trkpt>
   <trkpt lat="41.7512665623" lon="70.2933895705"><ele>1822.987</ele></trkpt>
   <trkpt lat="41.7512171929" lon="70.2933834517"><ele>1824.119</ele></trkpt>
   <trkpt lat="41.7512034885" lon="70.2933628322"><ele>1825.542</ele></trkpt>
   <trkpt lat="41.7512187854" lon="70.293347158"><ele>1824.512</ele></trkpt>
   <trkpt lat="41.7512188692" lon="70.293313379"><ele>1824.913</ele></trkpt>
   <trkpt lat="41.7511503891" lon="70.2932046657"><ele>1825.743</ele></trkpt>
   <trkpt lat="41.7510774665" lon="70.2931629238"><ele>1827.731</ele></trkpt>
   <trkpt lat="41.7510287677" lon="70.2929842216"><ele>1829.694</ele></trkpt>
   <trkpt lat="41.7509715612" lon="70.292847848"><ele>1833.172</ele></trkpt>
   <trkpt lat="41.7509374888" lon="70.2927841456"><ele>1834.474</ele></trkpt>
   <trkpt lat="41.7508857724" lon="70.2927683876"><ele>1835.531</ele></trkpt>
   <trkpt lat="41.7508445754" lon="70.2926202794"><ele>1838.359</ele></trkpt>
   <trkpt lat="41.7508065634" lon="70.292541238"><ele>1839.93</ele></trkpt>
   <trkpt lat="41.750782675" lon="70.2925182716"><ele>1840.568</ele></trkpt>
   <trkpt lat="41.7507371613" lon="70.2925409866"><ele>1842.067</ele></trkpt>
   <trkpt lat="41.7506972634" lon="70.2925306768"><ele>1843.338</ele></trkpt>
   <trkpt lat="41.7506641968" lon="70.2925017593"><ele>1843.832</ele></trkpt>
   <trkpt lat="41.7506338962" lon="70.2924402361"><ele>1845.003</ele></trkpt>
   <trkpt lat="41.7506474749" lon="70.2924512164"><ele>1845.037</ele></trkpt>
   <trkpt lat="41.7506393864" lon="70.2924646274"><ele>1845.158</ele></trkpt>
   <trkpt lat="41.7506313816" lon="70.2924230532"><ele>1845.15</ele></trkpt>
   <trkpt lat="41.7505942917" lon="70.292377288"><ele>1845.179</ele></trkpt>
   <trkpt lat="41.7506107622" lon="70.2923407429"><ele>1845.375</ele></trkpt>
   <trkpt lat="41.7505735884" lon="70.2922264976"><ele>1847.012</ele></trkpt>
   <trkpt lat="41.750440861" lon="70.2920227335"><ele>1851.936</ele></trkpt>
   <trkpt lat="41.7504465607" lon="70.2919462905"><ele>1853.408</ele></trkpt>
   <trkpt lat="41.7504080877" lon="70.2918781457"><ele>1854.539</ele></trkpt>
   <trkpt lat="41.7503945929" lon="70.2918073186"><ele>1856.194</ele></trkpt>
   <trkpt lat="41.750240785" lon="70.2916449611"><ele>1859.889</ele></trkpt>
   <trkpt lat="41.7502358815" lon="70.2915063244"><ele>1863.2</ele></trkpt>
   <trkpt lat="41.7502032759" lon="70.291349499"><ele>1866.387</ele></trkpt>
   <trkpt lat="41.750014264" lon="70.2909422224"><ele>1876.6</ele></trkpt>
   <trkpt lat="41.7498943609" lon="70.2908989717"><ele>1878.208</ele></trkpt>
   <trkpt lat="41.7498707658" lon="70.2908259654"><ele>1879.722</ele></trkpt>
   <trkpt lat="41.7498201811" lon="70.2908228641"><ele>1880.983</ele></trkpt>
   <trkpt lat="41.7497357753" lon="70.2907772665"><ele>1883.069</ele></trkpt>
   <trkpt lat="41.7496415627" lon="70.2907771827"><ele>1885.628</ele></trkpt>
   <trkpt lat="41.7496067778" lon="70.2907373686"><ele>1886.114</ele></trkpt>
   <trkpt lat="41.7495022974" lon="70.2907268913"><ele>1889.181</ele></trkpt>
   <trkpt lat="41.7494108927" lon="70.2906326787"><ele>1893.149</ele></trkpt>
   <trkpt lat="41.7494207834" lon="70.2906344389"><ele>1893.113</ele></trkpt>
   <trkpt lat="41.7494076657" lon="70.2906110534"><ele>1890.449</ele></trkpt>
   <trkpt lat="41.7493404847" lon="70.2905965527"><ele>1897.234</ele></trkpt>
   <trkpt lat="41.7492718789" lon="70.2905524639"><ele>1897.02</ele></trkpt>
   <trkpt lat="41.7490872674" lon="70.2903622785"><ele>1901.14</ele></trkpt>
   <trkpt lat="41.7490079746" lon="70.2903477778"><ele>1904.512</ele></trkpt>
   <trkpt lat="41.7489003929" lon="70.2902946365"><ele>1906.478</ele></trkpt>
   <trkpt lat="41.7487492672" lon="70.2903137473"><ele>1909.554</ele></trkpt>
   <trkpt lat="41.7487143985" lon="70.2902952233"><ele>1910.052</ele></trkpt>
   <trkpt lat="41.7486312919" lon="70.2902929601"><ele>1910.675</ele></trkpt>
   <trkpt lat="41.7485221595" lon="70.2901866776"><ele>1915.932</ele></trkpt>
   <trkpt lat="41.7484316769" lon="70.2901921258"><ele>1922.015</ele></trkpt>
   <trkpt lat="41.7482373844" lon="70.2901597717"><ele>1925.401</ele></trkpt>
   <trkpt lat="41.7481546969" lon="70.2900444367"><ele>1929.481</ele></trkpt>
   <trkpt lat="41.7481039864" lon="70.2900421736"><ele>1930.4</ele></trkpt>
   <trkpt lat="41.7480620769" lon="70.2899710951"><ele>1934.968</ele></trkpt>
   <trkpt lat="41.7480827802" lon="70.2899478772"><ele>1931.166</ele></trkpt>
   <trkpt lat="41.7481010946" lon="70.2899836679"><ele>1930.245</ele></trkpt>
   <trkpt lat="41.7481130808" lon="70.2899719333"><ele>1930.757</ele></trkpt>
   <trkpt lat="41.7480775834" lon="70.289975286"><ele>1929.938</ele></trkpt>
   <trkpt lat="41.7480709617" lon="70.2899482963"><ele>1929.428</ele></trkpt>
   <trkpt lat="41.7480242745" lon="70.2899012738"><ele>1932.178</ele></trkpt>
   <trkpt lat="41.7479797666" lon="70.2898818278"><ele>1934.993</ele></trkpt>
   <trkpt lat="41.7479243622" lon="70.2898985916"><ele>1936.508</ele></trkpt>
   <trkpt lat="41.7478260844" lon="70.2898651478"><ele>1936.933</ele></trkpt>
   <trkpt lat="41.7477839653" lon="70.2897972544"><ele>1939.389</ele></trkpt>
   <trkpt lat="41.7476403833" lon="70.2896995214"><ele>1942.005</ele></trkpt>
   <trkpt lat="41.7474614716" lon="70.2896879544"><ele>1947.289</ele></trkpt>
   <trkpt lat="41.747321871" lon="70.2896286943"><ele>1951.492</ele></trkpt>
   <trkpt lat="41.7472252696" lon="70.289658031"><ele>1955.076</ele></trkpt>
   <trkpt lat="41.7471669734" lon="70.2897335519"><ele>1953.696</ele></trkpt>
   <trkpt lat="41.7469007642" lon="70.2897142735"><ele>1960.742</ele></trkpt>
   <trkpt lat="41.7468008938" lon="70.2896752977"><ele>1964.607</ele></trkpt>
   <trkpt lat="41.7467332938" lon="70.2896921453"><ele>1968.73</ele></trkpt>
   <trkpt lat="41.7466906718" lon="70.2896537562"><ele>1968.577</ele></trkpt>
   <trkpt lat="41.7466474631" lon="70.2896834281"><ele>1970.437</ele></trkpt>
   <trkpt lat="41.7465193876" lon="70.2896130202"><ele>1975.668</ele></trkpt>
   <trkpt lat="41.7465097903" lon="70.2895637346"><ele>1971.879</ele></trkpt>
   <trkpt lat="41.746434898" lon="70.2895646566"><ele>1979.46</ele></trkpt>
   <trkpt lat="41.7463605924" lon="70.2895164606"><ele>1978.101</ele></trkpt>
   <trkpt lat="41.7462766896" lon="70.2895307937"><ele>1981.1</ele></trkpt>
   <trkpt lat="41.7462543937" lon="70.2895573643"><ele>1984.973</ele></trkpt>
   <trkpt lat="41.7461483626" lon="70.2895182208"><ele>1989.475</ele></trkpt>
   <trkpt lat="41.746081978" lon="70.2895186399"><ele>1990.303</ele></trkpt>
   <trkpt lat="41.7459395694" lon="70.289426439"><ele>1997.822</ele></trkpt>
   <trkpt lat="41.7458555828" lon="70.2894092561"><ele>1999.445</ele></trkpt>
   <trkpt lat="41.7457270882" lon="70.2893310529"><ele>2002.044</ele></trkpt>
   <trkpt lat="41.7457017748" lon="70.2893591323"><ele>2001.221</ele></trkpt>
   <trkpt lat="41.7456052991" lon="70.2893255209"><ele>2002.828</ele></trkpt>
   <trkpt lat="41.7455328795" lon="70.2893522592"><ele>2005.376</ele></trkpt>
   <trkpt lat="41.7454791934" lon="70.2892860421"><ele>2010.009</ele></trkpt>
   <trkpt lat="41.7454045945" lon="70.2892997884"><ele>2012.324</ele></trkpt>
   <trkpt lat="41.7453722822" lon="70.2892699489"><ele>2016.056</ele></trkpt>
   <trkpt lat="41.7453832625" lon="70.2893081703"><ele>2011.941</ele></trkpt>
   <trkpt lat="41.7453680913" lon="70.2892751456"><ele>2011.614</ele></trkpt>
   <trkpt lat="41.7453169617" lon="70.2892968548"><ele>2012.41</ele></trkpt>
   <trkpt lat="41.7452673827" lon="70.2892420371"><ele>2014.375</ele></trkpt>
   <trkpt lat="41.7450743894" lon="70.2891583857"><ele>2022.681</ele></trkpt>
   <trkpt lat="41.7448536939" lon="70.2891612356"><ele>2026.604</ele></trkpt>
   <trkpt lat="41.7447769995" lon="70.2891375986"><ele>2029.201</ele></trkpt>
   <trkpt lat="41.7447138837" lon="70.2891699528"><ele>2032.909</ele></trkpt>
   <trkpt lat="41.7446747822" lon="70.2891437174"><ele>2036.676</ele></trkpt>
   <trkpt lat="41.7445945673" lon="70.2891628281"><ele>2033.079</ele></trkpt>
   <trkpt lat="41.744567871" lon="70.2891873871"><ele>2036.651</ele></trkpt>
   <trkpt lat="41.7444837586" lon="70.2891777479"><ele>2040.087</ele></trkpt>
   <trkpt lat="41.7444163681" lon="70.2891282947"><ele>2041.19</ele></trkpt>
   <trkpt lat="41.7442750911" lon="70.2891127882"><ele>2049.432</ele></trkpt>
   <trkpt lat="41.7441823873" lon="70.289064257"><ele>2052.723</ele></trkpt>
   <trkpt lat="41.7440580836" lon="70.2890439728"><ele>2056.73</ele></trkpt>
   <trkpt lat="41.7440277831" lon="70.2890093555"><ele>2055.705</ele></trkpt>
   <trkpt lat="41.7439801738" lon="70.2890129597"><ele>2057.773</ele></trkpt>
   <trkpt lat="41.743927284" lon="70.2889882331"><ele>2059.552</ele></trkpt>
   <trkpt lat="41.7438072971" lon="70.2888443996"><ele>2065.549</ele></trkpt>
   <trkpt lat="41.7437344584" lon="70.2887975448"><ele>2067.843</ele></trkpt>
   <trkpt lat="41.7437168983" lon="70.2887508576"><ele>2066.634</ele></trkpt>
   <trkpt lat="41.7436763718" lon="70.2887294837"><ele>2073.373</ele></trkpt>
   <trkpt lat="41.7436746954" lon="70.2887116303"><ele>2067.979</ele></trkpt>
   <trkpt lat="41.7436854661" lon="70.2887229459"><ele>2068.007</ele></trkpt>
   <trkpt lat="41.7436560876" lon="70.2886785218"><ele>2070.949</ele></trkpt>
   <trkpt lat="41.7435598633" lon="70.2885633544"><ele>2069.938</ele></trkpt>
   <trkpt lat="41.7435160679" lon="70.2884627716"><ele>2076.439</ele></trkpt>
   <trkpt lat="41.7434580651" lon="70.2884029248"><ele>2076.398</ele></trkpt>
   <trkpt lat="41.7432659938" lon="70.2883564891"><ele>2083.826</ele></trkpt>
   <trkpt lat="41.7432084939" lon="70.2883080417"><ele>2088.23</ele></trkpt>
   <trkpt lat="41.7432013693" lon="70.2883253922"><ele>2083.262</ele></trkpt>
   <trkpt lat="41.7431705658" lon="70.2883262304"><ele>2091.142</ele></trkpt>
   <trkpt lat="41.7430154587" lon="70.2882142482"><ele>2096.714</ele></trkpt>
   <trkpt lat="41.742965293" lon="70.2882034355"><ele>2093.743</ele></trkpt>
   <trkpt lat="41.7429436677" lon="70.2881840733"><ele>2099.25</ele></trkpt>
   <trkpt lat="41.7429340704" lon="70.2881447622"><ele>2094.037</ele></trkpt>
   <trkpt lat="41.7428762772" lon="70.2881330275"><ele>2100.28</ele></trkpt>
   <trkpt lat="41.7428488684" lon="70.2881034394"><ele>2104.572</ele></trkpt>
   <trkpt lat="41.7428393968" lon="70.288105032"><ele>2099.87</ele></trkpt>
   <trkpt lat="41.7428452642" lon="70.2881257353"><ele>2096.182</ele></trkpt>
   <trkpt lat="41.7427258639" lon="70.2880956442"><ele>2104.783</ele></trkpt>
   <trkpt lat="41.7425863891" lon="70.2879969892"><ele>2113.473</ele></trkpt>
   <trkpt lat="41.7425284701" lon="70.2879886911"><ele>2114.228</ele></trkpt>
   <trkpt lat="41.7424825792" lon="70.2879423392"><ele>2114.992</ele></trkpt>
   <trkpt lat="41.7424330841" lon="70.2879533195"><ele>2112.67</ele></trkpt>
   <trkpt lat="41.7423303638" lon="70.2879180317"><ele>2122.603</ele></trkpt>
   <trkpt lat="41.7423079842" lon="70.2879404952"><ele>2116.507</ele></trkpt>
   <trkpt lat="41.7422797791" lon="70.2879243181"><ele>2116.507</ele></trkpt>
   <trkpt lat="41.7422405937" lon="70.2879357175"><ele>2122.367</ele></trkpt>
   <trkpt lat="41.7422117599" lon="70.2879099851"><ele>2124.108</ele></trkpt>
   <trkpt lat="41.7421486861" lon="70.2879056265"><ele>2125.981</ele></trkpt>
   <trkpt lat="41.7420664596" lon="70.2879558341"><ele>2126.693</ele></trkpt>
   <trkpt lat="41.7420186828" lon="70.2879471169"><ele>2127.467</ele></trkpt>
   <trkpt lat="41.741976899" lon="70.2879806445"><ele>2129.817</ele></trkpt>
   <trkpt lat="41.7419474785" lon="70.2879763697"><ele>2134.397</ele></trkpt>
   <trkpt lat="41.7419554832" lon="70.2879891941"><ele>2128.554</ele></trkpt>
   <trkpt lat="41.7419121907" lon="70.2879597736"><ele>2136.358</ele></trkpt>
   <trkpt lat="41.7418639947" lon="70.2880206262"><ele>2134.332</ele></trkpt>
   <trkpt lat="41.7417814749" lon="70.2880227217"><ele>2138.212</ele></trkpt>
   <trkpt lat="41.7417622804" lon="70.2880070475"><ele>2148.261</ele></trkpt>
   <trkpt lat="41.7416653856" lon="70.2880031918"><ele>2146.377</ele></trkpt>
   <trkpt lat="41.7416237694" lon="70.2879636293"><ele>2145.902</ele></trkpt>
   <trkpt lat="41.7415494638" lon="70.2879374777"><ele>2151.021</ele></trkpt>
   <trkpt lat="41.7415160619" lon="70.287943345"><ele>2150.604</ele></trkpt>
   <trkpt lat="41.741500765" lon="70.2879128349"><ele>2149.876</ele></trkpt>
   <trkpt lat="41.7415019804" lon="70.2879335382"><ele>2150.613</ele></trkpt>
   <trkpt lat="41.7415167744" lon="70.2879378968"><ele>2149.945</ele></trkpt>
   <trkpt lat="41.7414728951" lon="70.2879052912"><ele>2153.628</ele></trkpt>
   <trkpt lat="41.7413636789" lon="70.2879042854"><ele>2158.656</ele></trkpt>
   <trkpt lat="41.741305299" lon="70.2878667345"><ele>2162.221</ele></trkpt>
   <trkpt lat="41.7412717714" lon="70.2878774633"><ele>2160.073</ele></trkpt>
   <trkpt lat="41.7412317897" lon="70.2878626273"><ele>2159.591</ele></trkpt>
   <trkpt lat="41.7411965857" lon="70.2878279262"><ele>2161.36</ele></trkpt>
   <trkpt lat="41.7410229965" lon="70.2877823287"><ele>2170.995</ele></trkpt>
   <trkpt lat="41.7409838949" lon="70.2877884475"><ele>2169.903</ele></trkpt>
   <trkpt lat="41.7409358666" lon="70.2877498907"><ele>2174.06</ele></trkpt>
   <trkpt lat="41.74083147" lon="70.2877250803"><ele>2173.595</ele></trkpt>
   <trkpt lat="41.740633699" lon="70.2876400878"><ele>2184.63</ele></trkpt>
   <trkpt lat="41.740591077" lon="70.2875872818"><ele>2184.585</ele></trkpt>
   <trkpt lat="41.7404447709" lon="70.2875327994"><ele>2188.779</ele></trkpt>
   <trkpt lat="41.7404095669" lon="70.2874969249"><ele>2189.91</ele></trkpt>
   <trkpt lat="41.7403185814" lon="70.2874656604"><ele>2195.432</ele></trkpt>
   <trkpt lat="41.7401801961" lon="70.2873746329"><ele>2202.515</ele></trkpt>
   <trkpt lat="41.7401451598" lon="70.2873254311"><ele>2195.976</ele></trkpt>
   <trkpt lat="41.7401039627" lon="70.2873161272"><ele>2196.476</ele></trkpt>
   <trkpt lat="41.7400437807" lon="70.2872461383"><ele>2202.395</ele></trkpt>
   <trkpt lat="41.7399399708" lon="70.2872231719"><ele>2209.865</ele></trkpt>
   <trkpt lat="41.7399371628" lon="70.2871585475"><ele>2213.348</ele></trkpt>
   <trkpt lat="41.7398785733" lon="70.2871861239"><ele>2212.51</ele></trkpt>
   <trkpt lat="41.7398890926" lon="70.2870604792"><ele>2214.445</ele></trkpt>
   <trkpt lat="41.7398668806" lon="70.2869307273"><ele>2217.894</ele></trkpt>
   <trkpt lat="41.7398488595" lon="70.2869026479"><ele>2217.24</ele></trkpt>
   <trkpt lat="41.7397727937" lon="70.2869093535"><ele>2219.942</ele></trkpt>
   <trkpt lat="41.7396705764" lon="70.2869912447"><ele>2230.529</ele></trkpt>
   <trkpt lat="41.7396289603" lon="70.2869878919"><ele>2227.889</ele></trkpt>
   <trkpt lat="41.7395947621" lon="70.2869296377"><ele>2229.305</ele></trkpt>
   <trkpt lat="41.7395400702" lon="70.2869464853"><ele>2231.685</ele></trkpt>
   <trkpt lat="41.7395075903" lon="70.2869142988"><ele>2239.083</ele></trkpt>
   <trkpt lat="41.7394575923" lon="70.2869405342"><ele>2235.606</ele></trkpt>
   <trkpt lat="41.7394345839" lon="70.2868937631"><ele>2238.124</ele></trkpt>
   <trkpt lat="41.7393568837" lon="70.2869355888"><ele>2241.291</ele></trkpt>
   <trkpt lat="41.7393290977" lon="70.2868597326"><ele>2239.707</ele></trkpt>
   <trkpt lat="41.7392386989" lon="70.2869138797"><ele>2244.602</ele></trkpt>
   <trkpt lat="41.7392232762" lon="70.2868582239"><ele>2244.305</ele></trkpt>
   <trkpt lat="41.739187695" lon="70.2868111176"><ele>2245.549</ele></trkpt>
   <trkpt lat="41.7391347633" lon="70.2868707967"><ele>2249.882</ele></trkpt>
   <trkpt lat="41.7390803647" lon="70.2868348384"><ele>2252.111</ele></trkpt>
   <trkpt lat="41.7390071907" lon="70.286742386"><ele>2256.657</ele></trkpt>
   <trkpt lat="41.738933388" lon="70.28673216"><ele>2257.782</ele></trkpt>
   <trkpt lat="41.7387918596" lon="70.28654692"><ele>2265.077</ele></trkpt>
   <trkpt lat="41.7386742615" lon="70.2862936189"><ele>2262.789</ele></trkpt>
   <trkpt lat="41.7386711602" lon="70.2862450876"><ele>2267.436</ele></trkpt>
   <trkpt lat="41.7386599704" lon="70.286250955"><ele>2268.623</ele></trkpt>
   <trkpt lat="41.7386779914" lon="70.2862683893"><ele>2264.889</ele></trkpt>
   <trkpt lat="41.7386843617" lon="70.2863237937"><ele>2264.726</ele></trkpt>
   <trkpt lat="41.7386665921" lon="70.2863556449"><ele>2262.441</ele></trkpt>
   <trkpt lat="41.7386752673" lon="70.2864015778"><ele>2266.18</ele></trkpt>
   <trkpt lat="41.7386926598" lon="70.2864239575"><ele>2266.04</ele></trkpt>
   <trkpt lat="41.7386770694" lon="70.2863184293"><ele>2264.968</ele></trkpt>
   <trkpt lat="41.7386894747" lon="70.2862862428"><ele>2265.323</ele></trkpt>
   <trkpt lat="41.7386706992" lon="70.2862653718"><ele>2265.187</ele></trkpt>
   <trkpt lat="41.7386770694" lon="70.2862461773"><ele>2264.241</ele></trkpt>
   <trkpt lat="41.7386523847" lon="70.2861859952"><ele>2265.283</ele></trkpt>
   <trkpt lat="41.7386486967" lon="70.2861183533"><ele>2265.406</ele></trkpt>
   <trkpt lat="41.7386513789" lon="70.2860722528"><ele>2264.437</ele></trkpt>
   <trkpt lat="41.7386799612" lon="70.2860458498"><ele>2265.809</ele></trkpt>
   <trkpt lat="41.7386646642" lon="70.2860717499"><ele>2264.636</ele></trkpt>
   <trkpt lat="41.7386611857" lon="70.2860551537"><ele>2264.379</ele></trkpt>
   <trkpt lat="41.7386603894" lon="70.2860852448"><ele>2264.635</ele></trkpt>
   <trkpt lat="41.7386524685" lon="70.2860705764"><ele>2264.113</ele></trkpt>
   <trkpt lat="41.7386563661" lon="70.2860929561"><ele>2264.429</ele></trkpt>
   <trkpt lat="41.7386541868" lon="70.2860658826"><ele>2264.041</ele></trkpt>
   <trkpt lat="41.7386696934" lon="70.2860677266"><ele>2259.368</ele></trkpt>
   <trkpt lat="41.7386746806" lon="70.286089771"><ele>2267.353</ele></trkpt>
   <trkpt lat="41.7386549831" lon="70.2860373841"><ele>2268.048</ele></trkpt>
   <trkpt lat="41.738645763" lon="70.2861421579"><ele>2265.748</ele></trkpt>
   <trkpt lat="41.7386654605" lon="70.286260678"><ele>2265.828</ele></trkpt>
   <trkpt lat="41.7386594674" lon="70.2863270627"><ele>2265.078</ele></trkpt>
   <trkpt lat="41.7386980661" lon="70.2864757576"><ele>2265.094</ele></trkpt>
   <trkpt lat="41.738711561" lon="70.2866087784"><ele>2266.608</ele></trkpt>
   <trkpt lat="41.7387381735" lon="70.2866633446"><ele>2263.806</ele></trkpt>
   <trkpt lat="41.7387460944" lon="70.2867206768"><ele>2264.067</ele></trkpt>
   <trkpt lat="41.7387696895" lon="70.2867157315"><ele>2261.153</ele></trkpt>
   <trkpt lat="41.7388006606" lon="70.286742386"><ele>2262.318</ele></trkpt>
   <trkpt lat="41.7389153669" lon="70.2867756621"><ele>2256.388</ele></trkpt>
   <trkpt lat="41.7389378724" lon="70.2868311503"><ele>2258.946</ele></trkpt>
   <trkpt lat="41.7389250899" lon="70.2868106985"><ele>2256.487</ele></trkpt>
   <trkpt lat="41.7389935701" lon="70.2867899952"><ele>2254.69</ele></trkpt>
   <trkpt lat="41.7389878704" lon="70.2867672802"><ele>2254.325</ele></trkpt>
   <trkpt lat="41.738975088" lon="70.2867791825"><ele>2255.238</ele></trkpt>
   <trkpt lat="41.7389919775" lon="70.2867688728"><ele>2255.73</ele></trkpt>
   <trkpt lat="41.738977393" lon="70.2867647656"><ele>2255.454</ele></trkpt>
   <trkpt lat="41.7389733697" lon="70.2867784281"><ele>2255.749</ele></trkpt>
   <trkpt lat="41.7389851882" lon="70.2867796854"><ele>2255.66</ele></trkpt>
   <trkpt lat="41.7389712742" lon="70.2867961978"><ele>2257.61</ele></trkpt>
   <trkpt lat="41.7389163728" lon="70.2868319885"><ele>2255.41</ele></trkpt>
   <trkpt lat="41.7389270597" lon="70.2868282166"><ele>2256.725</ele></trkpt>
   <trkpt lat="41.7389166661" lon="70.2868145541"><ele>2255.615</ele></trkpt>
   <trkpt lat="41.7389672928" lon="70.2867960301"><ele>2252.736</ele></trkpt>
   <trkpt lat="41.7389503614" lon="70.2867171564"><ele>2258.013</ele></trkpt>
   <trkpt lat="41.7389164985" lon="70.2866953635"><ele>2260.485</ele></trkpt>
   <trkpt lat="41.7387158776" lon="70.2864296572"><ele>2265.349</ele></trkpt>
   <trkpt lat="41.7386686875" lon="70.2863388811"><ele>2266.892</ele></trkpt>
   <trkpt lat="41.7386726689" lon="70.2863009949"><ele>2266.313</ele></trkpt>
   <trkpt lat="41.7386440866" lon="70.2864762605"><ele>2266.211</ele></trkpt>
   <trkpt lat="41.7385782887" lon="70.2866044198"><ele>2273.528</ele></trkpt>
   <trkpt lat="41.7385933761" lon="70.2866186691"><ele>2271.732</ele></trkpt>
   <trkpt lat="41.7385736787" lon="70.2865717304"><ele>2268.408</ele></trkpt>
   <trkpt lat="41.7385413664" lon="70.286595535"><ele>2276.971</ele></trkpt>
   <trkpt lat="41.738480891" lon="70.2865377837"><ele>2277.799</ele></trkpt>
   <trkpt lat="41.7384038613" lon="70.2865241212"><ele>2280.634</ele></trkpt>
   <trkpt lat="41.7382700861" lon="70.2865148173"><ele>2284.761</ele></trkpt>
   <trkpt lat="41.7382304816" lon="70.2865394601"><ele>2288.97</ele></trkpt>
   <trkpt lat="41.7381465788" lon="70.2865105425"><ele>2287.048</ele></trkpt>
   <trkpt lat="41.7381145599" lon="70.2865204332"><ele>2290.048</ele></trkpt>
   <trkpt lat="41.7381091955" lon="70.2864948684"><ele>2289.627</ele></trkpt>
   <trkpt lat="41.7380759612" lon="70.28651356"><ele>2293.748</ele></trkpt>
   <trkpt lat="41.7377484803" lon="70.2864969638"><ele>2301.098</ele></trkpt>
   <trkpt lat="41.7375434589" lon="70.2865771786"><ele>2306.972</ele></trkpt>
   <trkpt lat="41.7371108689" lon="70.2866671165"><ele>2324.064</ele></trkpt>
   <trkpt lat="41.7370963682" lon="70.2866889932"><ele>2320.641</ele></trkpt>
   <trkpt lat="41.7370582725" lon="70.2866773424"><ele>2325.187</ele></trkpt>
   <trkpt lat="41.7369950729" lon="70.2866933518"><ele>2329.044</ele></trkpt>
   <trkpt lat="41.7368184662" lon="70.286916981"><ele>2331.062</ele></trkpt>
   <trkpt lat="41.7368056838" lon="70.2869053302"><ele>2330.197</ele></trkpt>
   <trkpt lat="41.7367330965" lon="70.2869374328"><ele>2334.818</ele></trkpt>
   <trkpt lat="41.7365782828" lon="70.2869450604"><ele>2337.053</ele></trkpt>
   <trkpt lat="41.7364912786" lon="70.2869713796"><ele>2342.092</ele></trkpt>
   <trkpt lat="41.7363115706" lon="70.2869553701"><ele>2344.376</ele></trkpt>
   <trkpt lat="41.736247491" lon="70.2869717986"><ele>2343.299</ele></trkpt>
   <trkpt lat="41.7361332875" lon="70.2869487484"><ele>2348.335</ele></trkpt>
   <trkpt lat="41.7359002706" lon="70.2870247723"><ele>2353.049</ele></trkpt>
   <trkpt lat="41.7357950778" lon="70.2870182344"><ele>2358.112</ele></trkpt>
   <trkpt lat="41.7357186767" lon="70.2870484931"><ele>2359.461</ele></trkpt>
   <trkpt lat="41.7356310858" lon="70.2870481578"><ele>2359.691</ele></trkpt>
   <trkpt lat="41.735572664" lon="70.2870881395"><ele>2361.528</ele></trkpt>
   <trkpt lat="41.735515667" lon="70.287073052"><ele>2365.282</ele></trkpt>
   <trkpt lat="41.7354635735" lon="70.2870940906"><ele>2367.742</ele></trkpt>
   <trkpt lat="41.7355051896" lon="70.2871844475"><ele>2370.221</ele></trkpt>
   <trkpt lat="41.7354895993" lon="70.2871969366"><ele>2365.888</ele></trkpt>
   <trkpt lat="41.7353139984" lon="70.287124936"><ele>2370.03</ele></trkpt>
   <trkpt lat="41.7350646787" lon="70.2871782449"><ele>2374.856</ele></trkpt>
   <trkpt lat="41.7350138844" lon="70.2871586313"><ele>2376.696</ele></trkpt>
   <trkpt lat="41.7349773812" lon="70.2871081722"><ele>2373.687</ele></trkpt>
   <trkpt lat="41.7349271736" lon="70.2871368383"><ele>2383.869</ele></trkpt>
   <trkpt lat="41.7348217712" lon="70.2871224214"><ele>2388.499</ele></trkpt>
   <trkpt lat="41.7347305761" lon="70.2871427895"><ele>2387.903</ele></trkpt>
   <trkpt lat="41.7346831764" lon="70.2871185658"><ele>2388.579</ele></trkpt>
   <trkpt lat="41.7345727867" lon="70.2871283726"><ele>2392.091</ele></trkpt>
   <trkpt lat="41.7344909794" lon="70.2871062444"><ele>2391.487</ele></trkpt>
   <trkpt lat="41.7343049849" lon="70.2871245169"><ele>2399.654</ele></trkpt>
   <trkpt lat="41.7342774923" lon="70.2871085913"><ele>2401.549</ele></trkpt>
   <trkpt lat="41.7341356705" lon="70.2871910692"><ele>2406.548</ele></trkpt>
   <trkpt lat="41.7340335789" lon="70.2871961822"><ele>2407.673</ele></trkpt>
   <trkpt lat="41.7339280926" lon="70.2871713718"><ele>2415.821</ele></trkpt>
   <trkpt lat="41.7338425972" lon="70.2871948411"><ele>2414.653</ele></trkpt>
   <trkpt lat="41.7336880768" lon="70.2871622355"><ele>2424.482</ele></trkpt>
   <trkpt lat="41.7336897951" lon="70.2871788317"><ele>2418.414</ele></trkpt>
   <trkpt lat="41.7336105862" lon="70.2871860401"><ele>2426.352</ele></trkpt>
   <trkpt lat="41.7334943711" lon="70.2871733834"><ele>2423.736</ele></trkpt>
   <trkpt lat="41.7334701893" lon="70.2872133651"><ele>2426.014</ele></trkpt>
   <trkpt lat="41.7334361587" lon="70.2871820168"><ele>2425.798</ele></trkpt>
   <trkpt lat="41.7332742623" lon="70.2872103476"><ele>2431.251</ele></trkpt>
   <trkpt lat="41.7331487852" lon="70.2872008761"><ele>2435.817</ele></trkpt>
   <trkpt lat="41.7330673969" lon="70.2872329788"><ele>2440.929</ele></trkpt>
   <trkpt lat="41.7330399881" lon="70.2872210764"><ele>2439.341</ele></trkpt>
   <trkpt lat="41.7330150938" lon="70.2872396843"><ele>2449.885</ele></trkpt>
   <trkpt lat="41.7329869726" lon="70.2872294584"><ele>2442.137</ele></trkpt>
   <trkpt lat="41.7328951907" lon="70.2872525924"><ele>2450.831</ele></trkpt>
   <trkpt lat="41.7328638843" lon="70.2872885508"><ele>2448.563</ele></trkpt>
   <trkpt lat="41.7328080608" lon="70.2872855333"><ele>2452.546</ele></trkpt>
   <trkpt lat="41.7328105754" lon="70.2873015427"><ele>2450.617</ele></trkpt>
   <trkpt lat="41.7327807777" lon="70.2872308833"><ele>2454.29</ele></trkpt>
   <trkpt lat="41.732773695" lon="70.2871666779"><ele>2457.507</ele></trkpt>
   <trkpt lat="41.732742682" lon="70.2871089266"><ele>2459.126</ele></trkpt>
   <trkpt lat="41.7327397902" lon="70.2870592219"><ele>2456.488</ele></trkpt>
   <trkpt lat="41.7326855593" lon="70.2870133729"><ele>2458.897</ele></trkpt>
   <trkpt lat="41.7326329629" lon="70.2869238542"><ele>2465.602</ele></trkpt>
   <trkpt lat="41.7324569848" lon="70.2867924259"><ele>2470.537</ele></trkpt>
   <trkpt lat="41.732431881" lon="70.286805837"><ele>2477.593</ele></trkpt>
   <trkpt lat="41.7323691844" lon="70.2867616643"><ele>2478.44</ele></trkpt>
   <trkpt lat="41.7323252632" lon="70.2867534501"><ele>2485.36</ele></trkpt>
   <trkpt lat="41.73231839" lon="70.2867345908"><ele>2482.228</ele></trkpt>
   <trkpt lat="41.7323319687" lon="70.2867350937"><ele>2483.415</ele></trkpt>
   <trkpt lat="41.7323014586" lon="70.2867319924"><ele>2481.563</ele></trkpt>
   <trkpt lat="41.7322647878" lon="70.2867855528"><ele>2489.799</ele></trkpt>
   <trkpt lat="41.7322466829" lon="70.2867725608"><ele>2486.137</ele></trkpt>
   <trkpt lat="41.7322043962" lon="70.2868097765"><ele>2489.281</ele></trkpt>
   <trkpt lat="41.7321703656" lon="70.2867914201"><ele>2493.352</ele></trkpt>
   <trkpt lat="41.7321526798" lon="70.2868286357"><ele>2492.442</ele></trkpt>
   <trkpt lat="41.7320552821" lon="70.2867741534"><ele>2497.513</ele></trkpt>
   <trkpt lat="41.732027999" lon="70.286794689"><ele>2507.817</ele></trkpt>
   <trkpt lat="41.7320099779" lon="70.2867802722"><ele>2498.379</ele></trkpt>
   <trkpt lat="41.731991873" lon="70.2868244448"><ele>2505.631</ele></trkpt>
   <trkpt lat="41.7318637975" lon="70.2867380274"><ele>2512.277</ele></trkpt>
   <trkpt lat="41.7317976643" lon="70.2867175755"><ele>2508.291</ele></trkpt>
   <trkpt lat="41.7317851753" lon="70.2867447329"><ele>2517.894</ele></trkpt>
   <trkpt lat="41.7317819902" lon="70.2867036616"><ele>2515.634</ele></trkpt>
   <trkpt lat="41.7316626738" lon="70.2866718942"><ele>2521.073</ele></trkpt>
   <trkpt lat="41.7316264639" lon="70.2866457426"><ele>2518.075</ele></trkpt>
   <trkpt lat="41.731535185" lon="70.2866908373"><ele>2528.288</ele></trkpt>
   <trkpt lat="41.7315546729" lon="70.2866986324"><ele>2525.188</ele></trkpt>
   <trkpt lat="41.7314947842" lon="70.2866523643"><ele>2528.584</ele></trkpt>
   <trkpt lat="41.7312918584" lon="70.2866161545"><ele>2535.185</ele></trkpt>
   <trkpt lat="41.7313139866" lon="70.2866296494"><ele>2534.485</ele></trkpt>
   <trkpt lat="41.7313263918" lon="70.2866287274"><ele>2534.324</ele></trkpt>
   <trkpt lat="41.7312730829" lon="70.2865463332"><ele>2535.382</ele></trkpt>
   <trkpt lat="41.7312324726" lon="70.286579777"><ele>2538.428</ele></trkpt>
   <trkpt lat="41.7310389763" lon="70.2865833813"><ele>2546.398</ele></trkpt>
   <trkpt lat="41.7309544868" lon="70.2866247879"><ele>2551.356</ele></trkpt>
   <trkpt lat="41.7309584682" lon="70.2866387856"><ele>2546.402</ele></trkpt>
   <trkpt lat="41.730898789" lon="70.2866176632"><ele>2551.882</ele></trkpt>
   <trkpt lat="41.7309073805" lon="70.2866238658"><ele>2548.745</ele></trkpt>
   <trkpt lat="41.7307854657" lon="70.2866159869"><ele>2553.755</ele></trkpt>
   <trkpt lat="41.7305957832" lon="70.2866806952"><ele>2561.292</ele></trkpt>
   <trkpt lat="41.7305096592" lon="70.2866863948"><ele>2570.186</ele></trkpt>
   <trkpt lat="41.7305117965" lon="70.2867037454"><ele>2567.32</ele></trkpt>
   <trkpt lat="41.7305202623" lon="70.2866920945"><ele>2567.063</ele></trkpt>
   <trkpt lat="41.7304617985" lon="70.2866718942"><ele>2571.718</ele></trkpt>
   <trkpt lat="41.7304021613" lon="70.2866879874"><ele>2573.848</ele></trkpt>
   <trkpt lat="41.7303388779" lon="70.2866644343"><ele>2574.576</ele></trkpt>
   <trkpt lat="41.7303313761" lon="70.2866898314"><ele>2575.826</ele></trkpt>
   <trkpt lat="41.7303456672" lon="70.2866658592"><ele>2572.937</ele></trkpt>
   <trkpt lat="41.7302846889" lon="70.286641384"><ele>2579.957</ele></trkpt>
   <trkpt lat="41.7301463875" lon="70.2866731514"><ele>2589.109</ele></trkpt>
   <trkpt lat="41.7300088824" lon="70.2866729838"><ele>2589.76</ele></trkpt>
   <trkpt lat="41.7299857902" lon="70.2866583993"><ele>2589.001</ele></trkpt>
   <trkpt lat="41.7298373886" lon="70.2866847185"><ele>2594.506</ele></trkpt>
   <trkpt lat="41.7297108638" lon="70.2866249555"><ele>2592.089</ele></trkpt>
   <trkpt lat="41.7296436828" lon="70.286616825"><ele>2593.836</ele></trkpt>
   <trkpt lat="41.7296197944" lon="70.286548764"><ele>2594.395</ele></trkpt>
   <trkpt lat="41.7296000969" lon="70.2865526197"><ele>2596.526</ele></trkpt>
   <trkpt lat="41.7295451955" lon="70.2866252908"><ele>2602.748</ele></trkpt>
   <trkpt lat="41.729437488" lon="70.2866651886"><ele>2602.786</ele></trkpt>
   <trkpt lat="41.7293895854" lon="70.2866489277"><ele>2609.141</ele></trkpt>
   <trkpt lat="41.7293532918" lon="70.2866644343"><ele>2606.874</ele></trkpt>
   <trkpt lat="41.7293190936" lon="70.2866357682"><ele>2607.482</ele></trkpt>
   <trkpt lat="41.7291852766" lon="70.2866726485"><ele>2613.798</ele></trkpt>
   <trkpt lat="41.7291544731" lon="70.2866967884"><ele>2616.206</ele></trkpt>
   <trkpt lat="41.7291064867" lon="70.2866732353"><ele>2615.303</ele></trkpt>
   <trkpt lat="41.7290530939" lon="70.2866781806"><ele>2620.174</ele></trkpt>
   <trkpt lat="41.7290140762" lon="70.2866389533"><ele>2621.498</ele></trkpt>
   <trkpt lat="41.7289905649" lon="70.2866436471"><ele>2623.557</ele></trkpt>
   <trkpt lat="41.728772384" lon="70.2865316649"><ele>2630.44</ele></trkpt>
   <trkpt lat="41.7287250682" lon="70.2865361911"><ele>2638.913</ele></trkpt>
   <trkpt lat="41.7286935941" lon="70.2865169966"><ele>2636.002</ele></trkpt>
   <trkpt lat="41.7286548697" lon="70.2865289827"><ele>2643.282</ele></trkpt>
   <trkpt lat="41.728632993" lon="70.2864960418"><ele>2642.221</ele></trkpt>
   <trkpt lat="41.7285668597" lon="70.2864784398"><ele>2639.785</ele></trkpt>
   <trkpt lat="41.7285124612" lon="70.2864824631"><ele>2643.396</ele></trkpt>
   <trkpt lat="41.7284971642" lon="70.2865014901"><ele>2644.238</ele></trkpt>
   <trkpt lat="41.7284520696" lon="70.2864890848"><ele>2644.229</ele></trkpt>
   <trkpt lat="41.7284230682" lon="70.2864576527"><ele>2645.253</ele></trkpt>
   <trkpt lat="41.7283514867" lon="70.286486235"><ele>2648.961</ele></trkpt>
   <trkpt lat="41.7283325855" lon="70.286473746"><ele>2657.656</ele></trkpt>
   <trkpt lat="41.7283435658" lon="70.286466789"><ele>2651.875</ele></trkpt>
   <trkpt lat="41.7282850602" lon="70.2864832175"><ele>2652.858</ele></trkpt>
   <trkpt lat="41.7282289852" lon="70.2864599996"><ele>2656.602</ele></trkpt>
   <trkpt lat="41.7281402628" lon="70.2864560601"><ele>2666.85</ele></trkpt>
   <trkpt lat="41.7281255944" lon="70.2864833852"><ele>2661.594</ele></trkpt>
   <trkpt lat="41.728093366" lon="70.28649688"><ele>2667.551</ele></trkpt>
   <trkpt lat="41.7279924898" lon="70.2864858997"><ele>2672.499</ele></trkpt>
   <trkpt lat="41.7279221657" lon="70.2865086985"><ele>2672.321</ele></trkpt>
   <trkpt lat="41.7278912783" lon="70.2864419785"><ele>2677.687</ele></trkpt>
   <trkpt lat="41.7278971876" lon="70.2864584909"><ele>2676.306</ele></trkpt>
   <trkpt lat="41.7279212856" lon="70.2864178387"><ele>2675.018</ele></trkpt>
   <trkpt lat="41.7278322697" lon="70.286422784"><ele>2678.592</ele></trkpt>
   <trkpt lat="41.7277998737" lon="70.2864623466"><ele>2687.971</ele></trkpt>
   <trkpt lat="41.7277617779" lon="70.2864198503"><ele>2684.188</ele></trkpt>
   <trkpt lat="41.7277009672" lon="70.2864380391"><ele>2690.452</ele></trkpt>
   <trkpt lat="41.7276540705" lon="70.2864243766"><ele>2693.226</ele></trkpt>
   <trkpt lat="41.7276470716" lon="70.2864052658"><ele>2689.276</ele></trkpt>
   <trkpt lat="41.7276026894" lon="70.2864236222"><ele>2697.524</ele></trkpt>
   <trkpt lat="41.7275698743" lon="70.2864032542"><ele>2696.624</ele></trkpt>
   <trkpt lat="41.7275558765" lon="70.2864236222"><ele>2710.576</ele></trkpt>
   <trkpt lat="41.7275266656" lon="70.2864036733"><ele>2704.421</ele></trkpt>
   <trkpt lat="41.727385179" lon="70.2864759253"><ele>2711.761</ele></trkpt>
   <trkpt lat="41.7273711812" lon="70.2865095367"><ele>2714.192</ele></trkpt>
   <trkpt lat="41.7273035812" lon="70.2865389572"><ele>2720.899</ele></trkpt>
   <trkpt lat="41.7272561815" lon="70.2865282283"><ele>2721.81</ele></trkpt>
   <trkpt lat="41.7271419781" lon="70.2865976305"><ele>2723.252</ele></trkpt>
   <trkpt lat="41.7270806645" lon="70.2865922661"><ele>2726.27</ele></trkpt>
   <trkpt lat="41.727037372" lon="70.2866233629"><ele>2733.684</ele></trkpt>
   <trkpt lat="41.7269948757" lon="70.2866136399"><ele>2733.454</ele></trkpt>
   <trkpt lat="41.7268884674" lon="70.2866599919"><ele>2738.072</ele></trkpt>
   <trkpt lat="41.7269503678" lon="70.2866412164"><ele>2734.876</ele></trkpt>
   <trkpt lat="41.7269663772" lon="70.2865947806"><ele>2732.757</ele></trkpt>
   <trkpt lat="41.7269884635" lon="70.2865880751"><ele>2732.629</ele></trkpt>
   <trkpt lat="41.7269566961" lon="70.2866162383"><ele>2734.807</ele></trkpt>
   <trkpt lat="41.7269538882" lon="70.2865991392"><ele>2733.096</ele></trkpt>
   <trkpt lat="41.7269540977" lon="70.2866230277"><ele>2735.732</ele></trkpt>
   <trkpt lat="41.7269454644" lon="70.2866047551"><ele>2734.353</ele></trkpt>
   <trkpt lat="41.7269500744" lon="70.2866176632"><ele>2733.211</ele></trkpt>
   <trkpt lat="41.7269955882" lon="70.286609449"><ele>2732.895</ele></trkpt>
   <trkpt lat="41.7269287844" lon="70.286621938"><ele>2733.174</ele></trkpt>
   <trkpt lat="41.7268889704" lon="70.2866671165"><ele>2733.142</ele></trkpt>
   <trkpt lat="41.7269104699" lon="70.2866898314"><ele>2743.602</ele></trkpt>
   <trkpt lat="41.7269667963" lon="70.2866980457"><ele>2733.696</ele></trkpt>
   <trkpt lat="41.7269761841" lon="70.2867262927"><ele>2734.178</ele></trkpt>
   <trkpt lat="41.7269564866" lon="70.2867605747"><ele>2735.057</ele></trkpt>
   <trkpt lat="41.7269682632" lon="70.2867200901"><ele>2733.192</ele></trkpt>
   <trkpt lat="41.7269660839" lon="70.2867437271"><ele>2736.369</ele></trkpt>
   <trkpt lat="41.7269881702" lon="70.2867630893"><ele>2735.301</ele></trkpt>
   <trkpt lat="41.7269909781" lon="70.286746074"><ele>2736.176</ele></trkpt>
   <trkpt lat="41.7269768965" lon="70.2867346746"><ele>2735.905</ele></trkpt>
   <trkpt lat="41.7269857813" lon="70.2867531986"><ele>2734.172</ele></trkpt>
   <trkpt lat="41.7269642818" lon="70.2868385264"><ele>2735.581</ele></trkpt>
   <trkpt lat="41.726978992" lon="70.2867851337"><ele>2731.906</ele></trkpt>
   <trkpt lat="41.7269700653" lon="70.2867617482"><ele>2731.165</ele></trkpt>
   <trkpt lat="41.7269070753" lon="70.2867556294"><ele>2738.397</ele></trkpt>
   <trkpt lat="41.7269837697" lon="70.2867510193"><ele>2735.388</ele></trkpt>
   <trkpt lat="41.7269374597" lon="70.2867551265"><ele>2739.106</ele></trkpt>
   <trkpt lat="41.7269560675" lon="70.2867268794"><ele>2730.472</ele></trkpt>
   <trkpt lat="41.7269846917" lon="70.2867607423"><ele>2734.55</ele></trkpt>
   <trkpt lat="41.7270211949" lon="70.2867579763"><ele>2737.717</ele></trkpt>
   <trkpt lat="41.727006778" lon="70.2867406258"><ele>2739.629</ele></trkpt>
   <trkpt lat="41.7269758907" lon="70.2867517737"><ele>2733.513</ele></trkpt>
   <trkpt lat="41.7270196861" lon="70.2867300646"><ele>2734.328</ele></trkpt>
   <trkpt lat="41.7269773994" lon="70.286745152"><ele>2738.66</ele></trkpt>
   <trkpt lat="41.726965078" lon="70.2867236943"><ele>2732.728</ele></trkpt>
   <trkpt lat="41.7269843983" lon="70.2867421345"><ele>2733.746</ele></trkpt>
   <trkpt lat="41.7270284871" lon="70.2867302322"><ele>2736.722</ele></trkpt>
   <trkpt lat="41.7269707777" lon="70.2867450682"><ele>2736.01</ele></trkpt>
   <trkpt lat="41.7269600908" lon="70.286718749"><ele>2735.609</ele></trkpt>
   <trkpt lat="41.7269740886" lon="70.2867541206"><ele>2733.95</ele></trkpt>
   <trkpt lat="41.7270188899" lon="70.2867371892"><ele>2734.496</ele></trkpt>
   <trkpt lat="41.7269842726" lon="70.2867450682"><ele>2736.211</ele></trkpt>
   <trkpt lat="41.7269640722" lon="70.2867184975"><ele>2734.772</ele></trkpt>
   <trkpt lat="41.7269704844" lon="70.2867440623"><ele>2736.894</ele></trkpt>
   <trkpt lat="41.726973879" lon="70.2867087745"><ele>2740.743</ele></trkpt>
   <trkpt lat="41.7269586659" lon="70.2866779291"><ele>2736.702</ele></trkpt>
   <trkpt lat="41.7269711968" lon="70.2866744925"><ele>2734.135</ele></trkpt>
   <trkpt lat="41.7269373758" lon="70.2866490954"><ele>2735.68</ele></trkpt>
   <trkpt lat="41.7268701949" lon="70.2866411326"><ele>2734.361</ele></trkpt>
   <trkpt lat="41.7268405649" lon="70.2866685414"><ele>2736.01</ele></trkpt>
   <trkpt lat="41.7267420775" lon="70.286635852"><ele>2742.898</ele></trkpt>
   <trkpt lat="41.7267196978" lon="70.2866578964"><ele>2739.546</ele></trkpt>
   <trkpt lat="41.7265998785" lon="70.286580699"><ele>2740.653</ele></trkpt>
   <trkpt lat="41.7264845854" lon="70.2865618398"><ele>2744.549</ele></trkpt>
   <trkpt lat="41.726448669" lon="70.2865834651"><ele>2746.382</ele></trkpt>
   <trkpt lat="41.7263790992" lon="70.2864812897"><ele>2745.935</ele></trkpt>
   <trkpt lat="41.7263037878" lon="70.2865125542"><ele>2752.426</ele></trkpt>
   <trkpt lat="41.7261941944" lon="70.2864612569"><ele>2750.172</ele></trkpt>
   <trkpt lat="41.7261569788" lon="70.2864653641"><ele>2752.305</ele></trkpt>
   <trkpt lat="41.7261178772" lon="70.2864893363"><ele>2753.504</ele></trkpt>
   <trkpt lat="41.7260636882" lon="70.2865694673"><ele>2754.908</ele></trkpt>
   <trkpt lat="41.725931296" lon="70.286636774"><ele>2755.907</ele></trkpt>
   <trkpt lat="41.7257588803" lon="70.2865942777"><ele>2765.588</ele></trkpt>
   <trkpt lat="41.7256529749" lon="70.2865310782"><ele>2756.285</ele></trkpt>
   <trkpt lat="41.7255242708" lon="70.2865313296"><ele>2773.928</ele></trkpt>
   <trkpt lat="41.7255322755" lon="70.2865428967"><ele>2772.424</ele></trkpt>
   <trkpt lat="41.7255175653" lon="70.2865504404"><ele>2769.001</ele></trkpt>
   <trkpt lat="41.7254475764" lon="70.2864973829"><ele>2780.741</ele></trkpt>
   <trkpt lat="41.7253808983" lon="70.2864995622"><ele>2787.384</ele></trkpt>
   <trkpt lat="41.7253625839" lon="70.2865189244"><ele>2784.203</ele></trkpt>
   <trkpt lat="41.7252417587" lon="70.2865036694"><ele>2784.574</ele></trkpt>
   <trkpt lat="41.7252166969" lon="70.2864845586"><ele>2787.922</ele></trkpt>
   <trkpt lat="41.7252330835" lon="70.2864919347"><ele>2790.099</ele></trkpt>
   <trkpt lat="41.7251851809" lon="70.2865065192"><ele>2791.07</ele></trkpt>
   <trkpt lat="41.7251583588" lon="70.2864911803"><ele>2795.444</ele></trkpt>
   <trkpt lat="41.7251454926" lon="70.2864516177"><ele>2791.295</ele></trkpt>
   <trkpt lat="41.7250730729" lon="70.2864230354"><ele>2798.94</ele></trkpt>
   <trkpt lat="41.7249788604" lon="70.28643762"><ele>2804.877</ele></trkpt>
   <trkpt lat="41.7249353583" lon="70.2864684654"><ele>2804.998</ele></trkpt>
   <trkpt lat="41.7249139844" lon="70.2864373685"><ele>2805.96</ele></trkpt>
   <trkpt lat="41.7248858631" lon="70.2864867379"><ele>2805.84</ele></trkpt>
   <trkpt lat="41.7248578676" lon="70.2864948684"><ele>2806.472</ele></trkpt>
   <trkpt lat="41.7247943747" lon="70.2864849777"><ele>2815.343</ele></trkpt>
   <trkpt lat="41.7247326839" lon="70.2864358598"><ele>2815.595</ele></trkpt>
   <trkpt lat="41.7246500802" lon="70.2864589938"><ele>2817.385</ele></trkpt>
   <trkpt lat="41.7246425784" lon="70.2864003205"><ele>2821.515</ele></trkpt>
   <trkpt lat="41.72461496" lon="70.2863832214"><ele>2823.828</ele></trkpt>
   <trkpt lat="41.7246071649" lon="70.2863320918"><ele>2819.661</ele></trkpt>
   <trkpt lat="41.7245569992" lon="70.2863768512"><ele>2834.064</ele></trkpt>
   <trkpt lat="41.724550587" lon="70.2863360313"><ele>2829.62</ele></trkpt>
   <trkpt lat="41.7245203703" lon="70.2863501967"><ele>2837.736</ele></trkpt>
   <trkpt lat="41.7245138743" lon="70.2863130649"><ele>2828.619</ele></trkpt>
   <trkpt lat="41.7244750661" lon="70.2863447485"><ele>2833.119</ele></trkpt>
   <trkpt lat="41.7243890677" lon="70.2863633563"><ele>2835.988</ele></trkpt>
   <trkpt lat="41.724334292" lon="70.2863519569"><ele>2841.687</ele></trkpt>
   <trkpt lat="41.7243214677" lon="70.2863682178"><ele>2840.65</ele></trkpt>
   <trkpt lat="41.7242795582" lon="70.2863263921"><ele>2839.867</ele></trkpt>
   <trkpt lat="41.7241952781" lon="70.286371822"><ele>2845.298</ele></trkpt>
   <trkpt lat="41.7241580625" lon="70.2864169167"><ele>2849.198</ele></trkpt>
   <trkpt lat="41.7241134708" lon="70.2864235384"><ele>2849.509</ele></trkpt>
   <trkpt lat="41.7240833797" lon="70.2864048467"><ele>2849.489</ele></trkpt>
   <trkpt lat="41.7239250875" lon="70.2864468401"><ele>2845.631</ele></trkpt>
   <trkpt lat="41.723630296" lon="70.2866158192"><ele>2867.734</ele></trkpt>
   <trkpt lat="41.7236118977" lon="70.2866433957"><ele>2864.526</ele></trkpt>
   <trkpt lat="41.723564959" lon="70.2866535378"><ele>2862.293</ele></trkpt>
   <trkpt lat="41.7235150867" lon="70.2866217704"><ele>2866.23</ele></trkpt>
   <trkpt lat="41.7234635799" lon="70.2866597404"><ele>2861.991</ele></trkpt>
   <trkpt lat="41.7234096843" lon="70.2866682899"><ele>2868.046</ele></trkpt>
   <trkpt lat="41.7233331994" lon="70.2867510193"><ele>2870.13</ele></trkpt>
   <trkpt lat="41.723280561" lon="70.2867282205"><ele>2873.916</ele></trkpt>
   <trkpt lat="41.7232734783" lon="70.286745152"><ele>2872.511</ele></trkpt>
   <trkpt lat="41.7232812735" lon="70.2867180784"><ele>2872.807</ele></trkpt>
   <trkpt lat="41.7232294733" lon="70.2867193357"><ele>2875.839</ele></trkpt>
   <trkpt lat="41.723189785" lon="70.2867769194"><ele>2875.217</ele></trkpt>
   <trkpt lat="41.7230608714" lon="70.2867758298"><ele>2884.019</ele></trkpt>
   <trkpt lat="41.7229653596" lon="70.2868351736"><ele>2888.25</ele></trkpt>
   <trkpt lat="41.722852162" lon="70.2868255344"><ele>2894.844</ele></trkpt>
   <trkpt lat="41.7227910998" lon="70.2867841278"><ele>2896.688</ele></trkpt>
   <trkpt lat="41.7227096696" lon="70.2868238581"><ele>2893.985</ele></trkpt>
   <trkpt lat="41.7226351964" lon="70.2868354251"><ele>2899.935</ele></trkpt>
   <trkpt lat="41.7225880901" lon="70.2868119558"><ele>2905.99</ele></trkpt>
   <trkpt lat="41.7225648722" lon="70.2867237781"><ele>2905.937</ele></trkpt>
   <trkpt lat="41.7224682708" lon="70.2866755822"><ele>2907.942</ele></trkpt>
   <trkpt lat="41.722266686" lon="70.2867192519"><ele>2906.443</ele></trkpt>
   <trkpt lat="41.7222016844" lon="70.2867630893"><ele>2909.24</ele></trkpt>
   <trkpt lat="41.7221535723" lon="70.2867534501"><ele>2918.099</ele></trkpt>
   <trkpt lat="41.7220357646" lon="70.2866514423"><ele>2912.443</ele></trkpt>
   <trkpt lat="41.7219583996" lon="70.2866400429"><ele>2911.302</ele></trkpt>
   <trkpt lat="41.7218388737" lon="70.2866859758"><ele>2917.626</ele></trkpt>
   <trkpt lat="41.7216875803" lon="70.2866527834"><ele>2919.584</ele></trkpt>
   <trkpt lat="41.7216069883" lon="70.2867485886"><ele>2919.429</ele></trkpt>
   <trkpt lat="41.7214861632" lon="70.2868137998"><ele>2916.112</ele></trkpt>
   <trkpt lat="41.7214011707" lon="70.286784044"><ele>2922.424</ele></trkpt>
   <trkpt lat="41.7213587583" lon="70.2868040768"><ele>2920.94</ele></trkpt>
   <trkpt lat="41.7212953911" lon="70.286768789"><ele>2922.39</ele></trkpt>
   <trkpt lat="41.72125608" lon="70.2867738181"><ele>2920.489</ele></trkpt>
   <trkpt lat="41.7212171879" lon="70.2867544559"><ele>2920.828</ele></trkpt>
   <trkpt lat="41.7211304771" lon="70.2867595689"><ele>2930.899</ele></trkpt>
   <trkpt lat="41.7210231888" lon="70.2867184975"><ele>2933.393</ele></trkpt>
   <trkpt lat="41.7209862665" lon="70.2868031548"><ele>2937.075</ele></trkpt>
   <trkpt lat="41.7209723945" lon="70.2868033224"><ele>2942.773</ele></trkpt>
   <trkpt lat="41.7209396631" lon="70.286714558"><ele>2942.655</ele></trkpt>
   <trkpt lat="41.7209226898" lon="70.2866976266"><ele>2943.823</ele></trkpt>
   <trkpt lat="41.7209010645" lon="70.2867045836"><ele>2951.069</ele></trkpt>
   <trkpt lat="41.720852659" lon="70.2866402944"><ele>2946.667</ele></trkpt>
   <trkpt lat="41.720820682" lon="70.2865604987"><ele>2948.411</ele></trkpt>
   <trkpt lat="41.7207818738" lon="70.2865210199"><ele>2942.727</ele></trkpt>
   <trkpt lat="41.7207738691" lon="70.2865352691"><ele>2944.535</ele></trkpt>
   <trkpt lat="41.7205727872" lon="70.2864969638"><ele>2952.241</ele></trkpt>
   <trkpt lat="41.7205586637" lon="70.2865052619"><ele>2951.064</ele></trkpt>
   <trkpt lat="41.7205605916" lon="70.28653485"><ele>2948.881</ele></trkpt>
   <trkpt lat="41.7205277764" lon="70.2864941978"><ele>2951.035</ele></trkpt>
   <trkpt lat="41.7201960626" lon="70.2864523721"><ele>2952.072</ele></trkpt>
   <trkpt lat="41.7201715874" lon="70.2864541323"><ele>2960.826</ele></trkpt>
   <trkpt lat="41.7201664745" lon="70.286479278"><ele>2956.92</ele></trkpt>
   <trkpt lat="41.7201684861" lon="70.2864596644"><ele>2955.986</ele></trkpt>
   <trkpt lat="41.7200741897" lon="70.2864326746"><ele>2962.75</ele></trkpt>
   <trkpt lat="41.7197992633" lon="70.2863913519"><ele>2969.588</ele></trkpt>
   <trkpt lat="41.7197721897" lon="70.2863464249"><ele>2968.88</ele></trkpt>
   <trkpt lat="41.7196600818" lon="70.2864092891"><ele>2977.61</ele></trkpt>
   <trkpt lat="41.7196418931" lon="70.2863849816"><ele>2976.166</ele></trkpt>
   <trkpt lat="41.7195600857" lon="70.2863728278"><ele>2980.88</ele></trkpt>
   <trkpt lat="41.7195698925" lon="70.2863710676"><ele>2978.86</ele></trkpt>
   <trkpt lat="41.7194897615" lon="70.2864401345"><ele>2982.211</ele></trkpt>
   <trkpt lat="41.7194210718" lon="70.2865418908"><ele>2990.078</ele></trkpt>
   <trkpt lat="41.7192752686" lon="70.2868494229"><ele>2999.974</ele></trkpt>
   <trkpt lat="41.7192184812" lon="70.2869068389"><ele>3002.062</ele></trkpt>
   <trkpt lat="41.7191303874" lon="70.2869432164"><ele>3001.135</ele></trkpt>
   <trkpt lat="41.7191364643" lon="70.2869560407"><ele>3004.297</ele></trkpt>
   <trkpt lat="41.719104194" lon="70.2869157237"><ele>3003.935</ele></trkpt>
   <trkpt lat="41.7191125759" lon="70.2869395283"><ele>2998.921</ele></trkpt>
   <trkpt lat="41.7191551978" lon="70.286916059"><ele>2999.661</ele></trkpt>
   <trkpt lat="41.7191309741" lon="70.2869053302"><ele>2999.803</ele></trkpt>
   <trkpt lat="41.719112073" lon="70.2869209205"><ele>3000.722</ele></trkpt>
   <trkpt lat="41.7191524737" lon="70.2869498381"><ele>3004.626</ele></trkpt>
   <trkpt lat="41.7191378892" lon="70.2869490837"><ele>2998.057</ele></trkpt>
   <trkpt lat="41.7191533957" lon="70.2869702899"><ele>3000.333</ele></trkpt>
   <trkpt lat="41.7191060799" lon="70.2869338286"><ele>3001.5</ele></trkpt>
   <trkpt lat="41.7191158867" lon="70.2869067551"><ele>3001.332</ele></trkpt>
   <trkpt lat="41.7191229694" lon="70.2869390254"><ele>3000.898</ele></trkpt>
   <trkpt lat="41.7190832811" lon="70.2869592258"><ele>3003.401</ele></trkpt>
   <trkpt lat="41.7191053674" lon="70.2869750676"><ele>2999.178</ele></trkpt>
   <trkpt lat="41.7192323952" lon="70.2869814378"><ele>2997.924</ele></trkpt>
   <trkpt lat="41.7191367996" lon="70.2869408694"><ele>2999.423</ele></trkpt>
   <trkpt lat="41.7190933813" lon="70.2869680268"><ele>3001.226</ele></trkpt>
   <trkpt lat="41.7190115739" lon="70.2869528555"><ele>2996.506</ele></trkpt>
   <trkpt lat="41.7189643838" lon="70.2869194956"><ele>3001.925</ele></trkpt>
   <trkpt lat="41.7188742784" lon="70.2869389416"><ele>3002.403</ele></trkpt>
   <trkpt lat="41.7188539942" lon="70.2869514306"><ele>3002.496</ele></trkpt>
   <trkpt lat="41.7188647649" lon="70.2869956871"><ele>3005.248</ele></trkpt>
   <trkpt lat="41.7188725601" lon="70.2869645902"><ele>3000.774</ele></trkpt>
   <trkpt lat="41.7188050858" lon="70.2869823598"><ele>3003.663</ele></trkpt>
   <trkpt lat="41.7187208895" lon="70.2870571264"><ele>3005.458</ele></trkpt>
   <trkpt lat="41.7186264674" lon="70.287082356"><ele>3003.483</ele></trkpt>
   <trkpt lat="41.7186116733" lon="70.2871071664"><ele>3006.166</ele></trkpt>
   <trkpt lat="41.7185836778" lon="70.2870970243"><ele>3004.608</ele></trkpt>
   <trkpt lat="41.718502499" lon="70.287121248"><ele>3007.038</ele></trkpt>
   <trkpt lat="41.7184391738" lon="70.2871637442"><ele>3010.692</ele></trkpt>
   <trkpt lat="41.7182476892" lon="70.2871506685"><ele>3011.575</ele></trkpt>
   <trkpt lat="41.7181712881" lon="70.2871677675"><ele>3012.015</ele></trkpt>
   <trkpt lat="41.7181261935" lon="70.2871878841"><ele>3018.718</ele></trkpt>
   <trkpt lat="41.7180838649" lon="70.2872489882"><ele>3019.658</ele></trkpt>
   <trkpt lat="41.7180376806" lon="70.287212024"><ele>3016.185</ele></trkpt>
   <trkpt lat="41.7179247764" lon="70.287288886"><ele>3031.329</ele></trkpt>
   <trkpt lat="41.7178820706" lon="70.2872716193"><ele>3030.19</ele></trkpt>
   <trkpt lat="41.7178259956" lon="70.2873090864"><ele>3034.308</ele></trkpt>
   <trkpt lat="41.7177129657" lon="70.2872852818"><ele>3036.944</ele></trkpt>
   <trkpt lat="41.7176527836" lon="70.2873116848"><ele>3046.761</ele></trkpt>
   <trkpt lat="41.717613682" lon="70.2873628983"><ele>3040.558</ele></trkpt>
   <trkpt lat="41.7175852674" lon="70.2873581206"><ele>3041.156</ele></trkpt>
   <trkpt lat="41.7175565594" lon="70.2873888822"><ele>3045.074</ele></trkpt>
   <trkpt lat="41.7173318825" lon="70.2874235832"><ele>3048.853</ele></trkpt>
   <trkpt lat="41.7172773582" lon="70.2874592901"><ele>3056.385</ele></trkpt>
   <trkpt lat="41.7172155835" lon="70.2875435283"><ele>3059.2</ele></trkpt>
   <trkpt lat="41.7171672619" lon="70.2875688416"><ele>3059.63</ele></trkpt>
   <trkpt lat="41.7171774878" lon="70.2875566879"><ele>3058.239</ele></trkpt>
   <trkpt lat="41.717184361" lon="70.2875763853"><ele>3056.234</ele></trkpt>
   <trkpt lat="41.7171656693" lon="70.2875808277"><ele>3058.517</ele></trkpt>
   <trkpt lat="41.7171646635" lon="70.2876004414"><ele>3061.572</ele></trkpt>
   <trkpt lat="41.7171505819" lon="70.287593233"><ele>3059.67</ele></trkpt>
   <trkpt lat="41.7171553596" lon="70.2876076498"><ele>3059.826</ele></trkpt>
   <trkpt lat="41.717167681" lon="70.2875883714"><ele>3050.305</ele></trkpt>
   <trkpt lat="41.7171337762" lon="70.2875805763"><ele>3058.835</ele></trkpt>
   <trkpt lat="41.7169489971" lon="70.2875928977"><ele>3061.37</ele></trkpt>
   <trkpt lat="41.7169384778" lon="70.2876118408"><ele>3064.251</ele></trkpt>
   <trkpt lat="41.7168873901" lon="70.2875909698"><ele>3062.823</ele></trkpt>
   <trkpt lat="41.7167451911" lon="70.2876285208"><ele>3067.166</ele></trkpt>
   <trkpt lat="41.7166482963" lon="70.2876150259"><ele>3067.95</ele></trkpt>
   <trkpt lat="41.7165507729" lon="70.2875065641"><ele>3067.152</ele></trkpt>
   <trkpt lat="41.7164656966" lon="70.2874967572"><ele>3071.685</ele></trkpt>
   <trkpt lat="41.7163608809" lon="70.2875521616"><ele>3073.733</ele></trkpt>
   <trkpt lat="41.7163670835" lon="70.2875338891"><ele>3072.754</ele></trkpt>
   <trkpt lat="41.716269099" lon="70.2874625591"><ele>3073.238</ele></trkpt>
   <trkpt lat="41.7162392595" lon="70.2874720306"><ele>3081.811</ele></trkpt>
   <trkpt lat="41.7162319672" lon="70.2874332224"><ele>3079.913</ele></trkpt>
   <trkpt lat="41.7162087912" lon="70.2874271874"><ele>3074.336</ele></trkpt>
   <trkpt lat="41.7161780716" lon="70.2873735433"><ele>3083.104</ele></trkpt>
   <trkpt lat="41.7161783649" lon="70.2871672646"><ele>3081.053</ele></trkpt>
   <trkpt lat="41.7161593799" lon="70.2871585475"><ele>3086.893</ele></trkpt>
   <trkpt lat="41.7161604696" lon="70.2871781611"><ele>3086.21</ele></trkpt>
   <trkpt lat="41.7161471843" lon="70.2871365869"><ele>3084.179</ele></trkpt>
   <trkpt lat="41.7161439991" lon="70.2871493274"><ele>3087.03</ele></trkpt>
   <trkpt lat="41.7161293727" lon="70.2871374251"><ele>3089.739</ele></trkpt>
   <trkpt lat="41.7161123994" lon="70.2870129538"><ele>3085.779</ele></trkpt>
   <trkpt lat="41.7160536841" lon="70.2869843715"><ele>3088.781</ele></trkpt>
   <trkpt lat="41.7160175581" lon="70.2869272907"><ele>3098.154</ele></trkpt>
   <trkpt lat="41.7160182706" lon="70.2869499219"><ele>3083.542</ele></trkpt>
   <trkpt lat="41.715980091" lon="70.2869369299"><ele>3100.274</ele></trkpt>
   <trkpt lat="41.7159907779" lon="70.2869455633"><ele>3095.32</ele></trkpt>
   <trkpt lat="41.7159751876" lon="70.2869760734"><ele>3098.938</ele></trkpt>
   <trkpt lat="41.7159611898" lon="70.2869460662"><ele>3102.571</ele></trkpt>
   <trkpt lat="41.7159590943" lon="70.287020749"><ele>3096.774</ele></trkpt>
   <trkpt lat="41.7159329847" lon="70.2870118641"><ele>3101.465</ele></trkpt>
   <trkpt lat="41.7159267821" lon="70.2869816893"><ele>3097.862</ele></trkpt>
   <trkpt lat="41.7159011754" lon="70.2869667695"><ele>3102.581</ele></trkpt>
   <trkpt lat="41.7158435917" lon="70.286878089"><ele>3108.181</ele></trkpt>
   <trkpt lat="41.7158236847" lon="70.2868853812"><ele>3105.408</ele></trkpt>
   <trkpt lat="41.7157978684" lon="70.2868546196"><ele>3117.66</ele></trkpt>
   <trkpt lat="41.7157820686" lon="70.286904492"><ele>3115.191</ele></trkpt>
   <trkpt lat="41.7157191624" lon="70.2867194195"><ele>3119.127</ele></trkpt>
   <trkpt lat="41.7156540769" lon="70.2866764204"><ele>3121.02</ele></trkpt>
   <trkpt lat="41.7155734849" lon="70.2864341834"><ele>3126.483</ele></trkpt>
   <trkpt lat="41.7155154821" lon="70.286426472"><ele>3128.088</ele></trkpt>
   <trkpt lat="41.7155039989" lon="70.2863892564"><ele>3131.738</ele></trkpt>
   <trkpt lat="41.7154355607" lon="70.2863598359"><ele>3133.959</ele></trkpt>
   <trkpt lat="41.7153597883" lon="70.2862769389"><ele>3136.431</ele></trkpt>
   <trkpt lat="41.7153526637" lon="70.2862401423"><ele>3135.107</ele></trkpt>
   <trkpt lat="41.7152503625" lon="70.2861010865"><ele>3141.034</ele></trkpt>
   <trkpt lat="41.7152333892" lon="70.286048532"><ele>3145.611</ele></trkpt>
   <trkpt lat="41.7151680941" lon="70.286057333"><ele>3143.145</ele></trkpt>
   <trkpt lat="41.7150916931" lon="70.2859669761"><ele>3148.969</ele></trkpt>
   <trkpt lat="41.7150976862" lon="70.285860945"><ele>3152.416</ele></trkpt>
   <trkpt lat="41.7150374622" lon="70.2858172753"><ele>3154.688</ele></trkpt>
   <trkpt lat="41.7150329779" lon="70.2858376433"><ele>3152.333</ele></trkpt>
   <trkpt lat="41.7150455926" lon="70.285845187"><ele>3151.333</ele></trkpt>
   <trkpt lat="41.715023171" lon="70.2858389844"><ele>3151.84</ele></trkpt>
   <trkpt lat="41.7150340675" lon="70.2858292614"><ele>3149.948</ele></trkpt>
   <trkpt lat="41.714997271" lon="70.2855957416"><ele>3157.793</ele></trkpt>
   <trkpt lat="41.7149593848" lon="70.285526088"><ele>3157.758</ele></trkpt>
   <trkpt lat="41.7148662618" lon="70.2854286903"><ele>3154.664</ele></trkpt>
   <trkpt lat="41.7148774936" lon="70.2854169556"><ele>3154.036</ele></trkpt>
   <trkpt lat="41.7148792957" lon="70.2854676661"><ele>3155.075</ele></trkpt>
   <trkpt lat="41.7148644597" lon="70.2854638943"><ele>3155.762</ele></trkpt>
   <trkpt lat="41.7148764877" lon="70.2854443644"><ele>3156.397</ele></trkpt>
   <trkpt lat="41.7148599754" lon="70.2854668279"><ele>3156.738</ele></trkpt>
   <trkpt lat="41.7148813911" lon="70.2854448673"><ele>3154.808</ele></trkpt>
   <trkpt lat="41.7148752724" lon="70.2854666603"><ele>3158.911</ele></trkpt>
   <trkpt lat="41.7148818941" lon="70.2854454541"><ele>3160.947</ele></trkpt>
   <trkpt lat="41.7148896892" lon="70.2854676661"><ele>3159.438</ele></trkpt>
   <trkpt lat="41.7148887672" lon="70.2854443644"><ele>3152.339</ele></trkpt>
   <trkpt lat="41.7148767811" lon="70.2854643972"><ele>3156.585</ele></trkpt>
   <trkpt lat="41.7148356679" lon="70.2854693425"><ele>3161.425</ele></trkpt>
   <trkpt lat="41.714863873" lon="70.285481161"><ele>3155.981</ele></trkpt>
   <trkpt lat="41.7148897731" lon="70.2854578593"><ele>3158.466</ele></trkpt>
   <trkpt lat="41.7148759848" lon="70.2854482201"><ele>3155.04</ele></trkpt>
   <trkpt lat="41.7148410742" lon="70.2854826697"><ele>3161.632</ele></trkpt>
   <trkpt lat="41.714750382" lon="70.2854622179"><ele>3163.838</ele></trkpt>
   <trkpt lat="41.7147143817" lon="70.2854211466"><ele>3163.147</ele></trkpt>
   <trkpt lat="41.7146496734" lon="70.2854439453"><ele>3164.333</ele></trkpt>
   <trkpt lat="41.7145713865" lon="70.2854401735"><ele>3169.719</ele></trkpt>
   <trkpt lat="41.7145637589" lon="70.2853897982"><ele>3169.468</ele></trkpt>
   <trkpt lat="41.7145015652" lon="70.2853136906"><ele>3176.273</ele></trkpt>
   <trkpt lat="41.7143959951" lon="70.2853195579"><ele>3175.286</ele></trkpt>
   <trkpt lat="41.7143649821" lon="70.2853056439"><ele>3176.991</ele></trkpt>
   <trkpt lat="41.7142906765" lon="70.2853537561"><ele>3178.765</ele></trkpt>
   <trkpt lat="41.7142425644" lon="70.2853602939"><ele>3179.521</ele></trkpt>
   <trkpt lat="41.7141050593" lon="70.2854711865"><ele>3185.525</ele></trkpt>
   <trkpt lat="41.7139440848" lon="70.2854650677"><ele>3185.728</ele></trkpt>
   <trkpt lat="41.7139043965" lon="70.2855125931"><ele>3185.411</ele></trkpt>
   <trkpt lat="41.7138431667" lon="70.2854856872"><ele>3187.475</ele></trkpt>
   <trkpt lat="41.7138090943" lon="70.2854967513"><ele>3190.306</ele></trkpt>
   <trkpt lat="41.7136514726" lon="70.2857101546"><ele>3194.363</ele></trkpt>
   <trkpt lat="41.7136154723" lon="70.2857260802"><ele>3198.174</ele></trkpt>
   <trkpt lat="41.7135550807" lon="70.2858584305"><ele>3204.751</ele></trkpt>
   <trkpt lat="41.7133734868" lon="70.2860255656"><ele>3206.708</ele></trkpt>
   <trkpt lat="41.7133157774" lon="70.2860562434"><ele>3209.333</ele></trkpt>
   <trkpt lat="41.713273784" lon="70.2861436666"><ele>3205.527</ele></trkpt>
   <trkpt lat="41.7131300763" lon="70.2862882544"><ele>3206.622</ele></trkpt>
   <trkpt lat="41.7130723669" lon="70.286422784"><ele>3208.634</ele></trkpt>
   <trkpt lat="41.7130099636" lon="70.2865071898"><ele>3214.38</ele></trkpt>
   <trkpt lat="41.7129512903" lon="70.2865476743"><ele>3217.934</ele></trkpt>
   <trkpt lat="41.7129071596" lon="70.2866044198"><ele>3213.685</ele></trkpt>
   <trkpt lat="41.7128654596" lon="70.28662286"><ele>3216.716</ele></trkpt>
   <trkpt lat="41.7127624879" lon="70.2867355966"><ele>3220.812</ele></trkpt>
   <trkpt lat="41.7127024735" lon="70.2867367701"><ele>3220.182</ele></trkpt>
   <trkpt lat="41.7126385615" lon="70.2867885702"><ele>3218.891</ele></trkpt>
   <trkpt lat="41.7126018907" lon="70.2867938508"><ele>3217.226</ele></trkpt>
   <trkpt lat="41.7125089773" lon="70.2869032347"><ele>3220.569</ele></trkpt>
   <trkpt lat="41.7123982942" lon="70.286937349"><ele>3219.425</ele></trkpt>
   <trkpt lat="41.7123455721" lon="70.2870121994"><ele>3227.842</ele></trkpt>
   <trkpt lat="41.7122307819" lon="70.2870858764"><ele>3227.04</ele></trkpt>
   <trkpt lat="41.7121943625" lon="70.2871942544"><ele>3230.024</ele></trkpt>
   <trkpt lat="41.7121520758" lon="70.2872566995"><ele>3229.319</ele></trkpt>
   <trkpt lat="41.7120387944" lon="70.2873595455"><ele>3237.408</ele></trkpt>
   <trkpt lat="41.7120541752" lon="70.2873864514"><ele>3235.648</ele></trkpt>
   <trkpt lat="41.7119675901" lon="70.2875511558"><ele>3240.025</ele></trkpt>
   <trkpt lat="41.711975092" lon="70.2876490564"><ele>3243.535</ele></trkpt>
   <trkpt lat="41.7119441627" lon="70.2876927261"><ele>3239.159</ele></trkpt>
   <trkpt lat="41.7119349845" lon="70.2877613739"><ele>3248.362</ele></trkpt>
   <trkpt lat="41.7119097969" lon="70.2877748688"><ele>3249.67</ele></trkpt>
   <trkpt lat="41.7119131916" lon="70.2878049598"><ele>3248.395</ele></trkpt>
   <trkpt lat="41.7118919854" lon="70.2877991763"><ele>3247.028</ele></trkpt>
   <trkpt lat="41.7119091683" lon="70.2878184547"><ele>3252.502</ele></trkpt>
   <trkpt lat="41.7119055641" lon="70.2878606995"><ele>3255.649</ele></trkpt>
   <trkpt lat="41.7118526743" lon="70.2878726856"><ele>3253.114</ele></trkpt>
   <trkpt lat="41.711871785" lon="70.2879087278"><ele>3256.994</ele></trkpt>
   <trkpt lat="41.7118075796" lon="70.2880352945"><ele>3263.209</ele></trkpt>
   <trkpt lat="41.7118222899" lon="70.2880754438"><ele>3268.103</ele></trkpt>
   <trkpt lat="41.7118288697" lon="70.2880316903"><ele>3263.55</ele></trkpt>
   <trkpt lat="41.7118786582" lon="70.2880668943"><ele>3267.413</ele></trkpt>
   <trkpt lat="41.7119189751" lon="70.2880211291"><ele>3266.637</ele></trkpt>
   <trkpt lat="41.7119371638" lon="70.2880261582"><ele>3271.491</ele></trkpt>
   <trkpt lat="41.7119548916" lon="70.2880474483"><ele>3267.192</ele></trkpt>
   <trkpt lat="41.7119383792" lon="70.2880527289"><ele>3265.672</ele></trkpt>
   <trkpt lat="41.7119451686" lon="70.2880611946"><ele>3267.768</ele></trkpt>
   <trkpt lat="41.7119792829" lon="70.2880764497"><ele>3269.202</ele></trkpt>
   <trkpt lat="41.7119372896" lon="70.2881206223"><ele>3270.318</ele></trkpt>
   <trkpt lat="41.7119286981" lon="70.2881609393"><ele>3272.532</ele></trkpt>
   <trkpt lat="41.7119525865" lon="70.2881857497"><ele>3274.726</ele></trkpt>
   <trkpt lat="41.7119462582" lon="70.2882057824"><ele>3275.967</ele></trkpt>
   <trkpt lat="41.7120003634" lon="70.2882590913"><ele>3278.733</ele></trkpt>
   <trkpt lat="41.7119870781" lon="70.2883012523"><ele>3281.203</ele></trkpt>
   <trkpt lat="41.712007488" lon="70.2883123164"><ele>3282.038</ele></trkpt>
   <trkpt lat="41.7120007825" lon="70.2882910264"><ele>3283.651</ele></trkpt>
   <trkpt lat="41.7120481821" lon="70.2883265657"><ele>3283.951</ele></trkpt>
   <trkpt lat="41.7120997728" lon="70.2883873345"><ele>3287.646</ele></trkpt>
   <trkpt lat="41.7120952884" lon="70.2884115582"><ele>3287.754</ele></trkpt>
   <trkpt lat="41.7121150697" lon="70.2884335187"><ele>3289.147</ele></trkpt>
   <trkpt lat="41.712145999" lon="70.2884503664"><ele>3292.75</ele></trkpt>
   <trkpt lat="41.7122123836" lon="70.2884424874"><ele>3299.269</ele></trkpt>
   <trkpt lat="41.7121868607" lon="70.2885162481"><ele>3298.738</ele></trkpt>
   <trkpt lat="41.7122189634" lon="70.2885327605"><ele>3299.869</ele></trkpt>
   <trkpt lat="41.7122257947" lon="70.2885609237"><ele>3304.035</ele></trkpt>
   <trkpt lat="41.7122283931" lon="70.2885487699"><ele>3298.933</ele></trkpt>
   <trkpt lat="41.7122074802" lon="70.2885929425"><ele>3301.338</ele></trkpt>
   <trkpt lat="41.7122257947" lon="70.2886073594"><ele>3304.814</ele></trkpt>
   <trkpt lat="41.7122312848" lon="70.28859596"><ele>3303.04</ele></trkpt>
   <trkpt lat="41.7122385771" lon="70.288666368"><ele>3305.181</ele></trkpt>
   <trkpt lat="41.7122632618" lon="70.2886989736"><ele>3309.938</ele></trkpt>
   <trkpt lat="41.7122433967" lon="70.2887482592"><ele>3313.049</ele></trkpt>
   <trkpt lat="41.7122507727" lon="70.2888223552"><ele>3310.764</ele></trkpt>
   <trkpt lat="41.7122749964" lon="70.288828474"><ele>3310.686</ele></trkpt>
   <trkpt lat="41.7122822887" lon="70.2888604929"><ele>3314.908</ele></trkpt>
   <trkpt lat="41.7123035787" lon="70.2888598223"><ele>3312.412</ele></trkpt>
   <trkpt lat="41.712308566" lon="70.2888761671"><ele>3319.511</ele></trkpt>
   <trkpt lat="41.7123487991" lon="70.2888574754"><ele>3319.893</ele></trkpt>
   <trkpt lat="41.7123690833" lon="70.2888858901"><ele>3319.9</ele></trkpt>
   <trkpt lat="41.7123994677" lon="70.2888748259"><ele>3322.687</ele></trkpt>
   <trkpt lat="41.7124581829" lon="70.2889680327"><ele>3328.821</ele></trkpt>
   <trkpt lat="41.7124564647" lon="70.2889888198"><ele>3335.22</ele></trkpt>
   <trkpt lat="41.7124961949" lon="70.2889587288"><ele>3331.492</ele></trkpt>
   <trkpt lat="41.7125482884" lon="70.2889621654"><ele>3335.169</ele></trkpt>
   <trkpt lat="41.7124554588" lon="70.2891906561"><ele>3343.014</ele></trkpt>
   <trkpt lat="41.7124470769" lon="70.2892313921"><ele>3344.882</ele></trkpt>
   <trkpt lat="41.7124649723" lon="70.2892334876"><ele>3346.611</ele></trkpt>
   <trkpt lat="41.7124669839" lon="70.289253688"><ele>3346.733</ele></trkpt>
   <trkpt lat="41.7124475798" lon="70.2892692783"><ele>3348.23</ele></trkpt>
   <trkpt lat="41.7124410839" lon="70.2892489941"><ele>3348.019</ele></trkpt>
   <trkpt lat="41.7124144713" lon="70.2893341542"><ele>3349.653</ele></trkpt>
   <trkpt lat="41.712415561" lon="70.2893521753"><ele>3350.056</ele></trkpt>
   <trkpt lat="41.7124417963" lon="70.2893654187"><ele>3352.71</ele></trkpt>
   <trkpt lat="41.7124173631" lon="70.2893939172"><ele>3353.652</ele></trkpt>
   <trkpt lat="41.7123822848" lon="70.2893825178"><ele>3354.835</ele></trkpt>
   <trkpt lat="41.712335891" lon="70.2894357429"><ele>3356.557</ele></trkpt>
   <trkpt lat="41.7124134655" lon="70.289467678"><ele>3358.686</ele></trkpt>
   <trkpt lat="41.7124388627" lon="70.2894468908"><ele>3359.648</ele></trkpt>
   <trkpt lat="41.7124285948" lon="70.2894382575"><ele>3359.038</ele></trkpt>
   <trkpt lat="41.7124466997" lon="70.289469522"><ele>3359.433</ele></trkpt>
   <trkpt lat="41.7124294749" lon="70.2894635708"><ele>3361.113</ele></trkpt>
   <trkpt lat="41.7124151838" lon="70.2895230823"><ele>3367.4</ele></trkpt>
   <trkpt lat="41.712358564" lon="70.289567255"><ele>3368.877</ele></trkpt>
   <trkpt lat="41.712367365" lon="70.2896073205"><ele>3374.454</ele></trkpt>
   <trkpt lat="41.7123472904" lon="70.2896557679"><ele>3367.628</ele></trkpt>
   <trkpt lat="41.7123606595" lon="70.2896515769"><ele>3370.288</ele></trkpt>
   <trkpt lat="41.7123545826" lon="70.2896415186"><ele>3366.908</ele></trkpt>
   <trkpt lat="41.7123202587" lon="70.2896842663"><ele>3370.526</ele></trkpt>
   <trkpt lat="41.7123007708" lon="70.2897314564"><ele>3378.314</ele></trkpt>
   <trkpt lat="41.7123385732" lon="70.2897970868"><ele>3378.172</ele></trkpt>
   <trkpt lat="41.7123930975" lon="70.2898059716"><ele>3389.1</ele></trkpt>
   <trkpt lat="41.7124515612" lon="70.2899070573"><ele>3391.482</ele></trkpt>
   <trkpt lat="41.7125235618" lon="70.2899222286"><ele>3393.959</ele></trkpt>
   <trkpt lat="41.7125240647" lon="70.2899538283"><ele>3388.261</ele></trkpt>
   <trkpt lat="41.7125790919" lon="70.2900138428"><ele>3403.078</ele></trkpt>
   <trkpt lat="41.7126057883" lon="70.2900778805"><ele>3398.615</ele></trkpt>
   <trkpt lat="41.7126932953" lon="70.2900686604"><ele>3390.408</ele></trkpt>
   <trkpt lat="41.7127348696" lon="70.2901155991"><ele>3405.303</ele></trkpt>
   <trkpt lat="41.7128145815" lon="70.2901211311"><ele>3413.357</ele></trkpt>
   <trkpt lat="41.7128183952" lon="70.2901644656"><ele>3415.862</ele></trkpt>
   <trkpt lat="41.7128157968" lon="70.2901501325"><ele>3411.04</ele></trkpt>
   <trkpt lat="41.7128022601" lon="70.2901862585"><ele>3410.572</ele></trkpt>
   <trkpt lat="41.7128520905" lon="70.2902782918"><ele>3419.018</ele></trkpt>
   <trkpt lat="41.7128551918" lon="70.2903347858"><ele>3417.923</ele></trkpt>
   <trkpt lat="41.7128664654" lon="70.2903139987"><ele>3419.701</ele></trkpt>
   <trkpt lat="41.7128407749" lon="70.2902934631"><ele>3415.826</ele></trkpt>
   <trkpt lat="41.7128628612" lon="70.2902959776"><ele>3419.358</ele></trkpt>
   <trkpt lat="41.7128417807" lon="70.2902938822"><ele>3406.684</ele></trkpt>
   <trkpt lat="41.7128583769" lon="70.290280052"><ele>3416.004</ele></trkpt>
   <trkpt lat="41.7128595923" lon="70.2902955585"><ele>3420.763</ele></trkpt>
   <trkpt lat="41.7128372964" lon="70.2903076285"><ele>3419.049</ele></trkpt>
   <trkpt lat="41.7128685609" lon="70.2903283318"><ele>3416.48</ele></trkpt>
   <trkpt lat="41.7128698601" lon="70.2902982407"><ele>3412.112</ele></trkpt>
   <trkpt lat="41.7128557785" lon="70.2902829857"><ele>3414.511</ele></trkpt>
   <trkpt lat="41.7128640766" lon="70.2902737656"><ele>3408.155</ele></trkpt>
   <trkpt lat="41.7128589636" lon="70.2903288347"><ele>3422.12</ele></trkpt>
   <trkpt lat="41.7128692734" lon="70.2903195308"><ele>3417.533</ele></trkpt>
   <trkpt lat="41.7128599695" lon="70.2902835724"><ele>3420.302</ele></trkpt>
   <trkpt lat="41.712857874" lon="70.2903199499"><ele>3423.309</ele></trkpt>
   <trkpt lat="41.7128665912" lon="70.2903079638"><ele>3420.338</ele></trkpt>
   <trkpt lat="41.7130154957" lon="70.2904070378"><ele>3421.716</ele></trkpt>
   <trkpt lat="41.7130475984" lon="70.2904104744"><ele>3418.676</ele></trkpt>
   <trkpt lat="41.7131382906" lon="70.290494964"><ele>3423.14</ele></trkpt>
   <trkpt lat="41.7132381609" lon="70.2904905216"><ele>3426.907</ele></trkpt>
   <trkpt lat="41.7133402944" lon="70.2905289945"><ele>3430.184</ele></trkpt>
   <trkpt lat="41.713392388" lon="70.2905841475"><ele>3429.947</ele></trkpt>
   <trkpt lat="41.7134398714" lon="70.2905727481"><ele>3435.725</ele></trkpt>
   <trkpt lat="41.7134495944" lon="70.2905492787"><ele>3432.197</ele></trkpt>
   <trkpt lat="41.7134898695" lon="70.2905626898"><ele>3441.843</ele></trkpt>
   <trkpt lat="41.7135254926" lon="70.2906126459"><ele>3434.621</ele></trkpt>
   <trkpt lat="41.713545693" lon="70.2905710717"><ele>3437.128</ele></trkpt>
   <trkpt lat="41.7135689947" lon="70.2905734186"><ele>3437.641</ele></trkpt>
   <trkpt lat="41.7135733952" lon="70.2905549784"><ele>3449.247</ele></trkpt>
   <trkpt lat="41.7135919611" lon="70.2906723251"><ele>3445.191</ele></trkpt>
   <trkpt lat="41.7136734751" lon="70.2907235385"><ele>3441.099</ele></trkpt>
   <trkpt lat="41.713817099" lon="70.2909692959"><ele>3446.509</ele></trkpt>
   <trkpt lat="41.7138996607" lon="70.2910090261"><ele>3441.2</ele></trkpt>
   <trkpt lat="41.7139622736" lon="70.2911394485"><ele>3445.903</ele></trkpt>
   <trkpt lat="41.7140456735" lon="70.2912274585"><ele>3448.206</ele></trkpt>
   <trkpt lat="41.7140738786" lon="70.2913010516"><ele>3450.767</ele></trkpt>
   <trkpt lat="41.7141035924" lon="70.2913181507"><ele>3452.839</ele></trkpt>
   <trkpt lat="41.7141850645" lon="70.2914233436"><ele>3449.657</ele></trkpt>
   <trkpt lat="41.7142513654" lon="70.2914198232"><ele>3453.923</ele></trkpt>
   <trkpt lat="41.7142419777" lon="70.2914599725"><ele>3455.796</ele></trkpt>
   <trkpt lat="41.7142694703" lon="70.2914608945"><ele>3461.237</ele></trkpt>
   <trkpt lat="41.7142578614" lon="70.291475982"><ele>3459.285</ele></trkpt>
   <trkpt lat="41.7143790637" lon="70.2916979348"><ele>3455.168</ele></trkpt>
   <trkpt lat="41.7143628866" lon="70.2916656644"><ele>3456.884</ele></trkpt>
   <trkpt lat="41.7143939835" lon="70.2917767246"><ele>3454.549</ele></trkpt>
   <trkpt lat="41.7144315763" lon="70.2921765414"><ele>3459.562</ele></trkpt>
   <trkpt lat="41.7145638847" lon="70.2924525575"><ele>3457.819</ele></trkpt>
   <trkpt lat="41.7145973704" lon="70.2925646235"><ele>3456.287</ele></trkpt>
   <trkpt lat="41.7146315685" lon="70.2925668867"><ele>3460.243</ele></trkpt>
   <trkpt lat="41.7147347917" lon="70.2926902683"><ele>3455.185</ele></trkpt>
   <trkpt lat="41.7147603984" lon="70.2926854906"><ele>3459.161</ele></trkpt>
   <trkpt lat="41.7148011763" lon="70.2928512846"><ele>3451.559</ele></trkpt>
   <trkpt lat="41.714869866" lon="70.29286545"><ele>3450.214</ele></trkpt>
   <trkpt lat="41.7148544852" lon="70.292962261"><ele>3449.268</ele></trkpt>
   <trkpt lat="41.7148816845" lon="70.2930043382"><ele>3445.856</ele></trkpt>
   <trkpt lat="41.7148778707" lon="70.2933095233"><ele>3439.056</ele></trkpt>
   <trkpt lat="41.7149026812" lon="70.2934811847"><ele>3436.502</ele></trkpt>
   <trkpt lat="41.7149763581" lon="70.2935609804"><ele>3438.05</ele></trkpt>
   <trkpt lat="41.7150540584" lon="70.2935927478"><ele>3437.055</ele></trkpt>
   <trkpt lat="41.7151865762" lon="70.2936945879"><ele>3435.792</ele></trkpt>
   <trkpt lat="41.7153532923" lon="70.293767259"><ele>3438.413</ele></trkpt>
   <trkpt lat="41.7154244966" lon="70.2937613917"><ele>3441.965</ele></trkpt>
   <trkpt lat="41.7154904621" lon="70.2938867849"><ele>3441.295</ele></trkpt>
   <trkpt lat="41.7155313658" lon="70.2939190553"><ele>3440.552</ele></trkpt>
   <trkpt lat="41.715552572" lon="70.2939162892"><ele>3442.316</ele></trkpt>
   <trkpt lat="41.7155425976" lon="70.293894161"><ele>3435.848</ele></trkpt>
   <trkpt lat="41.7155600738" lon="70.293867758"><ele>3443.371</ele></trkpt>
   <trkpt lat="41.7155750775" lon="70.2938758885"><ele>3440.243</ele></trkpt>
   <trkpt lat="41.7155408793" lon="70.2939800755"><ele>3441.027</ele></trkpt>
   <trkpt lat="41.7155658993" lon="70.2940185485"><ele>3438.769</ele></trkpt>
   <trkpt lat="41.7155892848" lon="70.2940047183"><ele>3442.573</ele></trkpt>
   <trkpt lat="41.715567869" lon="70.294034055"><ele>3439.067</ele></trkpt>
   <trkpt lat="41.7155806933" lon="70.2940805745"><ele>3438.558</ele></trkpt>
   <trkpt lat="41.715526169" lon="70.2941208915"><ele>3437.49</ele></trkpt>
   <trkpt lat="41.7155384904" lon="70.2941616276"><ele>3434.043</ele></trkpt>
   <trkpt lat="41.7156454854" lon="70.2942501405"><ele>3431.294</ele></trkpt>
   <trkpt lat="41.7156778815" lon="70.2942469553"><ele>3439.649</ele></trkpt>
   <trkpt lat="41.7157113672" lon="70.2943168604"><ele>3435.218</ele></trkpt>
   <trkpt lat="41.7157640894" lon="70.2943512262"><ele>3436.139</ele></trkpt>
   <trkpt lat="41.7158201643" lon="70.2944960655"><ele>3433.557</ele></trkpt>
   <trkpt lat="41.7158669772" lon="70.2945299284"><ele>3440.177</ele></trkpt>
   <trkpt lat="41.715885166" lon="70.2945684851"><ele>3438.722</ele></trkpt>
   <trkpt lat="41.7159376786" lon="70.2945737657"><ele>3445.702</ele></trkpt>
   <trkpt lat="41.7159458929" lon="70.2946125739"><ele>3448.448</ele></trkpt>
   <trkpt lat="41.7159637882" lon="70.2946000849"><ele>3449.87</ele></trkpt>
   <trkpt lat="41.7160684782" lon="70.2947832295"><ele>3450.543</ele></trkpt>
   <trkpt lat="41.7161098848" lon="70.2949289908"><ele>3457.916</ele></trkpt>
   <trkpt lat="41.716137587" lon="70.2949223691"><ele>3459.104</ele></trkpt>
   <trkpt lat="41.7161461784" lon="70.2948777774"><ele>3460.42</ele></trkpt>
   <trkpt lat="41.7161979786" lon="70.2948880871"><ele>3463.027</ele></trkpt>
   <trkpt lat="41.716196386" lon="70.294908958"><ele>3458.67</ele></trkpt>
   <trkpt lat="41.7162062767" lon="70.2949027554"><ele>3461.667</ele></trkpt>
   <trkpt lat="41.7162336855" lon="70.2949641948"><ele>3464.703</ele></trkpt>
   <trkpt lat="41.7162522933" lon="70.2950848942"><ele>3469.294</ele></trkpt>
   <trkpt lat="41.7163046802" lon="70.2951968764"><ele>3478.017</ele></trkpt>
   <trkpt lat="41.7163948695" lon="70.2951811184"><ele>3482.136</ele></trkpt>
   <trkpt lat="41.7164423949" lon="70.2951988881"><ele>3481.2</ele></trkpt>
   <trkpt lat="41.7164573985" lon="70.2951651928"><ele>3482.994</ele></trkpt>
   <trkpt lat="41.7164794848" lon="70.2951616724"><ele>3478.478</ele></trkpt>
   <trkpt lat="41.7164621762" lon="70.2952278895"><ele>3474.927</ele></trkpt>
   <trkpt lat="41.7164841787" lon="70.2952130535"><ele>3479.577</ele></trkpt>
   <trkpt lat="41.7165302791" lon="70.2952237823"><ele>3471.97</ele></trkpt>
   <trkpt lat="41.716581283" lon="70.295180867"><ele>3474.882</ele></trkpt>
   <trkpt lat="41.7166608692" lon="70.295169719"><ele>3472.87</ele></trkpt>
   <trkpt lat="41.7166770882" lon="70.2951134765"><ele>3472.294</ele></trkpt>
   <trkpt lat="41.7168376854" lon="70.2951923502"><ele>3470.029</ele></trkpt>
   <trkpt lat="41.7169218817" lon="70.2951850579"><ele>3473.897</ele></trkpt>
   <trkpt lat="41.716967563" lon="70.2951398795"><ele>3474.77</ele></trkpt>
   <trkpt lat="41.7170085924" lon="70.295151698"><ele>3475.384</ele></trkpt>
   <trkpt lat="41.7170834847" lon="70.2951188409"><ele>3478.91</ele></trkpt>
   <trkpt lat="41.7171139949" lon="70.2951257979"><ele>3482.701</ele></trkpt>
   <trkpt lat="41.7172696887" lon="70.2950819605"><ele>3486.156</ele></trkpt>
   <trkpt lat="41.717390891" lon="70.2950862353"><ele>3489.857</ele></trkpt>
   <trkpt lat="41.717536359" lon="70.2950227843"><ele>3495.588</ele></trkpt>
   <trkpt lat="41.7175852674" lon="70.2950218623"><ele>3501.049</ele></trkpt>
   <trkpt lat="41.7176082757" lon="70.2949988959"><ele>3498.004</ele></trkpt>
   <trkpt lat="41.7176578966" lon="70.2950056852"><ele>3504.318</ele></trkpt>
   <trkpt lat="41.7176839643" lon="70.2949837246"><ele>3499.348</ele></trkpt>
   <trkpt lat="41.7177583956" lon="70.2949779411"><ele>3502.198</ele></trkpt>
   <trkpt lat="41.7177958627" lon="70.2949944535"><ele>3505.58</ele></trkpt>
   <trkpt lat="41.7178597747" lon="70.2949769353"><ele>3508.93</ele></trkpt>
   <trkpt lat="41.7179265785" lon="70.2949205251"><ele>3508.604</ele></trkpt>
   <trkpt lat="41.7179943881" lon="70.2949179267"><ele>3509.648</ele></trkpt>
   <trkpt lat="41.7180524747" lon="70.2948841476"><ele>3508.112</ele></trkpt>
   <trkpt lat="41.7181232598" lon="70.2948909369"><ele>3516.249</ele></trkpt>
   <trkpt lat="41.718159763" lon="70.2949145739"><ele>3515.691</ele></trkpt>
   <trkpt lat="41.7181895607" lon="70.2948935353"><ele>3528.676</ele></trkpt>
   <trkpt lat="41.718191279" lon="70.2948725806"><ele>3522.935</ele></trkpt>
   <trkpt lat="41.7182419895" lon="70.2949239616"><ele>3527.161</ele></trkpt>
   <trkpt lat="41.7182693983" lon="70.2949155797"><ele>3524.95</ele></trkpt>
   <trkpt lat="41.7182795823" lon="70.2948870813"><ele>3533.809</ele></trkpt>
   <trkpt lat="41.7183913969" lon="70.2948664618"><ele>3534.646</ele></trkpt>
   <trkpt lat="41.7184571949" lon="70.2949574893"><ele>3532.25</ele></trkpt>
   <trkpt lat="41.7185054746" lon="70.2949916874"><ele>3533.273</ele></trkpt>
   <trkpt lat="41.7185402595" lon="70.2949542203"><ele>3531.689</ele></trkpt>
   <trkpt lat="41.7185601665" lon="70.2949662903"><ele>3529.722</ele></trkpt>
   <trkpt lat="41.7186125953" lon="70.2949394682"><ele>3528.437</ele></trkpt>
   <trkpt lat="41.7186557621" lon="70.2949471795"><ele>3536.308</ele></trkpt>
   <trkpt lat="41.7186857694" lon="70.2949759294"><ele>3530.253</ele></trkpt>
   <trkpt lat="41.7187170758" lon="70.2949211956"><ele>3537.577</ele></trkpt>
   <trkpt lat="41.718704461" lon="70.2949393843"><ele>3534.232</ele></trkpt>
   <trkpt lat="41.7187193808" lon="70.2949403902"><ele>3537.785</ele></trkpt>
   <trkpt lat="41.7186938998" lon="70.294906192"><ele>3535.205</ele></trkpt>
   <trkpt lat="41.7186954924" lon="70.2949305834"><ele>3535.276</ele></trkpt>
   <trkpt lat="41.7187216858" lon="70.2949396358"><ele>3535.698</ele></trkpt>
   <trkpt lat="41.7187009825" lon="70.2949230396"><ele>3527.955</ele></trkpt>
   <trkpt lat="41.7186916786" lon="70.2949434915"><ele>3532.173</ele></trkpt>
   <trkpt lat="41.7187039581" lon="70.2949519572"><ele>3539.956</ele></trkpt>
   <trkpt lat="41.7186973783" lon="70.2949352772"><ele>3540.11</ele></trkpt>
   <trkpt lat="41.7186842606" lon="70.2949497779"><ele>3532.344</ele></trkpt>
   <trkpt lat="41.718700773" lon="70.2949326788"><ele>3535.243</ele></trkpt>
   <trkpt lat="41.718684093" lon="70.2949190163"><ele>3535.981</ele></trkpt>
   <trkpt lat="41.7186879906" lon="70.294940474"><ele>3536.855</ele></trkpt>
   <trkpt lat="41.7187142678" lon="70.2949184296"><ele>3534.737</ele></trkpt>
   <trkpt lat="41.7186850988" lon="70.2949163341"><ele>3534.008</ele></trkpt>
   <trkpt lat="41.7186873619" lon="70.2949315892"><ele>3533.803</ele></trkpt>
   <trkpt lat="41.7187152737" lon="70.2949095448"><ele>3534.263</ele></trkpt>
   <trkpt lat="41.7187012759" lon="70.2948932839"><ele>3534.221</ele></trkpt>
   <trkpt lat="41.7187110827" lon="70.2949415636"><ele>3535.685</ele></trkpt>
   <trkpt lat="41.7187117952" lon="70.2949155797"><ele>3536.279</ele></trkpt>
   <trkpt lat="41.7187011921" lon="70.2949150768"><ele>3535.554</ele></trkpt>
   <trkpt lat="41.7187057602" lon="70.2949360316"><ele>3537.795</ele></trkpt>
   <trkpt lat="41.7186909661" lon="70.2949261409"><ele>3534.717</ele></trkpt>
   <trkpt lat="41.7186964982" lon="70.2949070302"><ele>3533.04</ele></trkpt>
   <trkpt lat="41.7186874877" lon="70.2949194354"><ele>3534.057</ele></trkpt>
   <trkpt lat="41.7187085681" lon="70.2949329303"><ele>3531.613</ele></trkpt>
   <trkpt lat="41.7187006891" lon="70.2949124784"><ele>3534.115</ele></trkpt>
   <trkpt lat="41.7187018626" lon="70.2949402225"><ele>3537.611</ele></trkpt>
   <trkpt lat="41.7187114599" lon="70.2949293261"><ele>3536.432</ele></trkpt>
   <trkpt lat="41.7186997671" lon="70.2949385462"><ele>3534.11</ele></trkpt>
   <trkpt lat="41.7187269664" lon="70.2949524601"><ele>3535.303</ele></trkpt>
   <trkpt lat="41.7187111665" lon="70.2949623508"><ele>3533.079</ele></trkpt>
   <trkpt lat="41.7186881582" lon="70.2949410607"><ele>3528.878</ele></trkpt>
   <trkpt lat="41.7186862723" lon="70.2949572378"><ele>3531.515</ele></trkpt>
   <trkpt lat="41.7186869847" lon="70.2949239616"><ele>3530.242</ele></trkpt>
   <trkpt lat="41.7186947799" lon="70.2949527954"><ele>3531.657</ele></trkpt>
   <trkpt lat="41.7186753758" lon="70.2949723252"><ele>3530.081</ele></trkpt>
   <trkpt lat="41.718686859" lon="70.29493863"><ele>3539.695</ele></trkpt>
   <trkpt lat="41.718668796" lon="70.2949691401"><ele>3524.866</ele></trkpt>
   <trkpt lat="41.7186005673" lon="70.2949091257"><ele>3526.379</ele></trkpt>
   <trkpt lat="41.7185750863" lon="70.2949472633"><ele>3528.248</ele></trkpt>
   <trkpt lat="41.7185891679" lon="70.2950065234"><ele>3526.54</ele></trkpt>
   <trkpt lat="41.718571063" lon="70.2950558928"><ele>3524.76</ele></trkpt>
   <trkpt lat="41.7185401757" lon="70.2950533782"><ele>3528.923</ele></trkpt>
   <trkpt lat="41.7184902615" lon="70.2950854809"><ele>3526.401</ele></trkpt>
   <trkpt lat="41.7184431971" lon="70.2951474232"><ele>3525.96</ele></trkpt>
   <trkpt lat="41.7183090866" lon="70.2950906777"><ele>3512.728</ele></trkpt>
   <trkpt lat="41.7182870841" lon="70.2951049269"><ele>3513.755</ele></trkpt>
   <trkpt lat="41.7182930772" lon="70.2951491834"><ele>3512.542</ele></trkpt>
   <trkpt lat="41.7182809653" lon="70.2951677912"><ele>3510.297</ele></trkpt>
   <trkpt lat="41.7181386825" lon="70.2950864867"><ele>3507.637</ele></trkpt>
   <trkpt lat="41.7179507603" lon="70.2950713993"><ele>3500.636</ele></trkpt>
   <trkpt lat="41.7177690825" lon="70.295017839"><ele>3503.89</ele></trkpt>
   <trkpt lat="41.7177126723" lon="70.2950276458"><ele>3496.047</ele></trkpt>
   <trkpt lat="41.7176658594" lon="70.2949901787"><ele>3494.772</ele></trkpt>
   <trkpt lat="41.7176196751" lon="70.2950327588"><ele>3491.159</ele></trkpt>
   <trkpt lat="41.7173866582" lon="70.2950647776"><ele>3484.778</ele></trkpt>
   <trkpt lat="41.7173507836" lon="70.295084056"><ele>3481.407</ele></trkpt>
   <trkpt lat="41.7172999893" lon="70.2950722375"><ele>3478.696</ele></trkpt>
   <trkpt lat="41.7172647853" lon="70.2950291545"><ele>3479.802</ele></trkpt>
   <trkpt lat="41.7172364964" lon="70.2950368659"><ele>3479.491</ele></trkpt>
   <trkpt lat="41.7172421961" lon="70.2950092894"><ele>3472.519</ele></trkpt>
   <trkpt lat="41.7172647853" lon="70.2949929447"><ele>3468.921</ele></trkpt>
   <trkpt lat="41.7172341914" lon="70.2950125584"><ele>3476.76</ele></trkpt>
   <trkpt lat="41.7172458841" lon="70.2950422303"><ele>3480.05</ele></trkpt>
   <trkpt lat="41.71726818" lon="70.2950027515"><ele>3477.171</ele></trkpt>
   <trkpt lat="41.7172507875" lon="70.2950091218"><ele>3482.516</ele></trkpt>
   <trkpt lat="41.7172100934" lon="70.2949790308"><ele>3477.885</ele></trkpt>
   <trkpt lat="41.717244082" lon="70.2949991473"><ele>3473.958</ele></trkpt>
   <trkpt lat="41.7172217862" lon="70.2950357762"><ele>3480.328</ele></trkpt>
   <trkpt lat="41.7172524639" lon="70.2950838884"><ele>3475.714</ele></trkpt>
   <trkpt lat="41.7172896796" lon="70.295072489"><ele>3474.667</ele></trkpt>
   <trkpt lat="41.717285782" lon="70.295051618"><ele>3476.732</ele></trkpt>
   <trkpt lat="41.7173007856" lon="70.2950419788"><ele>3478.12</ele></trkpt>
   <trkpt lat="41.7172587923" lon="70.2950430685"><ele>3478.302</ele></trkpt>
   <trkpt lat="41.7172560681" lon="70.2950635203"><ele>3478.764</ele></trkpt>
   <trkpt lat="41.7172480634" lon="70.2950508637"><ele>3476.773</ele></trkpt>
   <trkpt lat="41.7172350715" lon="70.2950742492"><ele>3481.918</ele></trkpt>
   <trkpt lat="41.7172436629" lon="70.2949905978"><ele>3479.575</ele></trkpt>
   <trkpt lat="41.717271868" lon="70.2949151606"><ele>3477.694</ele></trkpt>
   <trkpt lat="41.7172642824" lon="70.2948852373"><ele>3476.399</ele></trkpt>
   <trkpt lat="41.717280669" lon="70.2948442497"><ele>3474.179</ele></trkpt>
   <trkpt lat="41.7173189743" lon="70.294818182"><ele>3473.749</ele></trkpt>
   <trkpt lat="41.7173059824" lon="70.2947934554"><ele>3474.537</ele></trkpt>
   <trkpt lat="41.7173069882" lon="70.2948373766"><ele>3474.258</ele></trkpt>
   <trkpt lat="41.7173661644" lon="70.2948673838"><ele>3475.685</ele></trkpt>
   <trkpt lat="41.7173491911" lon="70.2948878356"><ele>3476.13</ele></trkpt>
   <trkpt lat="41.7173113887" lon="70.294776524"><ele>3475.336</ele></trkpt>
   <trkpt lat="41.717312185" lon="70.2947997418"><ele>3475.989</ele></trkpt>
   <trkpt lat="41.7173373726" lon="70.294795048"><ele>3474.864</ele></trkpt>
   <trkpt lat="41.7173153701" lon="70.2947788709"><ele>3474.956</ele></trkpt>
   <trkpt lat="41.7173338941" lon="70.2948261448"><ele>3475.639</ele></trkpt>
   <trkpt lat="41.7173187648" lon="70.2948224568"><ele>3476.856</ele></trkpt>
   <trkpt lat="41.7173044736" lon="70.2947729198"><ele>3474.562</ele></trkpt>
   <trkpt lat="41.7173179685" lon="70.2948082914"><ele>3474.598</ele></trkpt>
   <trkpt lat="41.7172944992" lon="70.2948375442"><ele>3478.188</ele></trkpt>
   <trkpt lat="41.7172671742" lon="70.2949329303"><ele>3479.074</ele></trkpt>
   <trkpt lat="41.7172093809" lon="70.2950164979"><ele>3476.347</ele></trkpt>
   <trkpt lat="41.7171770687" lon="70.2950319206"><ele>3479.505</ele></trkpt>
   <trkpt lat="41.7171784936" lon="70.2950593294"><ele>3478.11</ele></trkpt>
   <trkpt lat="41.7172543918" lon="70.2950591617"><ele>3490.261</ele></trkpt>
   <trkpt lat="41.7172533859" lon="70.29502664"><ele>3481.815</ele></trkpt>
   <trkpt lat="41.7172432857" lon="70.2950709802"><ele>3483.009</ele></trkpt>
   <trkpt lat="41.7172140748" lon="70.2950819605"><ele>3482.432</ele></trkpt>
   <trkpt lat="41.7172285755" lon="70.2950510313"><ele>3481.925</ele></trkpt>
   <trkpt lat="41.7172942896" lon="70.2950683818"><ele>3486.293</ele></trkpt>
   <trkpt lat="41.7172984806" lon="70.2950514504"><ele>3487.009</ele></trkpt>
   <trkpt lat="41.7173565672" lon="70.2950658673"><ele>3485.92</ele></trkpt>
   <trkpt lat="41.7175123867" lon="70.295057653"><ele>3496.459</ele></trkpt>
   <trkpt lat="41.7175221936" lon="70.2949989797"><ele>3502.193</ele></trkpt>
   <trkpt lat="41.7175763826" lon="70.2950159949"><ele>3498.866</ele></trkpt>
   <trkpt lat="41.7176740736" lon="70.2950062719"><ele>3506.805</ele></trkpt>
   <trkpt lat="41.7177621674" lon="70.2949718223"><ele>3510.669</ele></trkpt>
   <trkpt lat="41.7177387819" lon="70.2949584951"><ele>3508.593</ele></trkpt>
   <trkpt lat="41.7178042865" lon="70.2950012428"><ele>3509.145</ele></trkpt>
   <trkpt lat="41.717947198" lon="70.2950538811"><ele>3505.149</ele></trkpt>
   <trkpt lat="41.7180625749" lon="70.295078943"><ele>3503.602</ele></trkpt>
   <trkpt lat="41.7181660914" lon="70.2950694715"><ele>3516.208</ele></trkpt>
   <trkpt lat="41.7182082942" lon="70.2951093693"><ele>3515.318</ele></trkpt>
   <trkpt lat="41.7182658779" lon="70.2951042564"><ele>3517.667</ele></trkpt>
   <trkpt lat="41.7183074941" lon="70.2951381193"><ele>3523.861</ele></trkpt>
   <trkpt lat="41.7183189773" lon="70.2951138956"><ele>3526.75</ele></trkpt>
   <trkpt lat="41.7183645748" lon="70.2951122192"><ele>3518.83</ele></trkpt>
   <trkpt lat="41.7184472623" lon="70.2951554698"><ele>3524.776</ele></trkpt>
   <trkpt lat="41.7184708993" lon="70.2951402986"><ele>3521.603</ele></trkpt>
   <trkpt lat="41.718475174" lon="70.2950856486"><ele>3529.975</ele></trkpt>
   <trkpt lat="41.7184982662" lon="70.2950719861"><ele>3532.874</ele></trkpt>
   <trkpt lat="41.7184894652" lon="70.2950649453"><ele>3529.295</ele></trkpt>
   <trkpt lat="41.7184996911" lon="70.2950754226"><ele>3526.757</ele></trkpt>
   <trkpt lat="41.7185679617" lon="70.2950227843"><ele>3536.38</ele></trkpt>
   <trkpt lat="41.718599771" lon="70.2950565634"><ele>3529.662</ele></trkpt>
   <trkpt lat="41.7186044649" lon="70.2950244607"><ele>3529.461</ele></trkpt>
   <trkpt lat="41.718589587" lon="70.2949907654"><ele>3530.036</ele></trkpt>
   <trkpt lat="41.7186132659" lon="70.2949247998"><ele>3529.691</ele></trkpt>
   <trkpt lat="41.7186657785" lon="70.2949197707"><ele>3536.727</ele></trkpt>
   <trkpt lat="41.7186662814" lon="70.2949449164"><ele>3530.762</ele></trkpt>
   <trkpt lat="41.7186955762" lon="70.2949867421"><ele>3535.98</ele></trkpt>
   <trkpt lat="41.7187193808" lon="70.2948795376"><ele>3540.031</ele></trkpt>
   <trkpt lat="41.7187096997" lon="70.2949046833"><ele>3538.777</ele></trkpt>
   <trkpt lat="41.7187004796" lon="70.2948928648"><ele>3540.225</ele></trkpt>
   <trkpt lat="41.718714184" lon="70.294896469"><ele>3539.854</ele></trkpt>
   <trkpt lat="41.7187014854" lon="70.2949212794"><ele>3537.99</ele></trkpt>
   <trkpt lat="41.7186894993" lon="70.2949172561"><ele>3537.395</ele></trkpt>
   <trkpt lat="41.7187283913" lon="70.2949030907"><ele>3539.66</ele></trkpt>
   <trkpt lat="41.7187251643" lon="70.2949170885"><ele>3539.792</ele></trkpt>
   <trkpt lat="41.7187039581" lon="70.294901582"><ele>3540.764</ele></trkpt>
   <trkpt lat="41.7187003958" lon="70.2949248837"><ele>3535.093</ele></trkpt>
   <trkpt lat="41.7187135973" lon="70.2949176752"><ele>3534.081</ele></trkpt>
   <trkpt lat="41.7186980908" lon="70.294917759"><ele>3534.989</ele></trkpt>
   <trkpt lat="41.7186990966" lon="70.2949378756"><ele>3540.402</ele></trkpt>
   <trkpt lat="41.7186702628" lon="70.2949688886"><ele>3530.528</ele></trkpt>
   <trkpt lat="41.7186231985" lon="70.2949264762"><ele>3527.395</ele></trkpt>
   <trkpt lat="41.7185931912" lon="70.2949358639"><ele>3525.495</ele></trkpt>
   <trkpt lat="41.7185880783" lon="70.2951022447"><ele>3528.698</ele></trkpt>
   <trkpt lat="41.7185727813" lon="70.2951298212"><ele>3513.425</ele></trkpt>
   <trkpt lat="41.7185834682" lon="70.2951379516"><ele>3527.598</ele></trkpt>
   <trkpt lat="41.7185606695" lon="70.2951442381"><ele>3524.387</ele></trkpt>
   <trkpt lat="41.7185331768" lon="70.2951884945"><ele>3526.79</ele></trkpt>
   <trkpt lat="41.7185008646" lon="70.2951500216"><ele>3525.979</ele></trkpt>
   <trkpt lat="41.7184595837" lon="70.2951479261"><ele>3521.803</ele></trkpt>
   <trkpt lat="41.7183490683" lon="70.2950890851"><ele>3516.835</ele></trkpt>
   <trkpt lat="41.7182924905" lon="70.2950931923"><ele>3514.901</ele></trkpt>
   <trkpt lat="41.7183046861" lon="70.2951383707"><ele>3512.542</ele></trkpt>
   <trkpt lat="41.7182842762" lon="70.2951545478"><ele>3508.429</ele></trkpt>
   <trkpt lat="41.7181867947" lon="70.295074333"><ele>3508.996</ele></trkpt>
   <trkpt lat="41.7180375968" lon="70.2950764285"><ele>3504.106</ele></trkpt>
   <trkpt lat="41.7178676956" lon="70.2949755942"><ele>3504.004</ele></trkpt>
   <trkpt lat="41.7175638935" lon="70.2950013266"><ele>3494.222</ele></trkpt>
   <trkpt lat="41.7173730795" lon="70.2950906777"><ele>3482.234</ele></trkpt>
   <trkpt lat="41.7172726643" lon="70.2950857324"><ele>3480.059</ele></trkpt>
   <trkpt lat="41.7172485663" lon="70.2950648614"><ele>3488.385</ele></trkpt>
   <trkpt lat="41.7172487759" lon="70.2950415597"><ele>3478.738</ele></trkpt>
   <trkpt lat="41.7172217862" lon="70.2950276458"><ele>3477.588</ele></trkpt>
   <trkpt lat="41.7172363707" lon="70.295063688"><ele>3476.518</ele></trkpt>
   <trkpt lat="41.7172589599" lon="70.2950643585"><ele>3484.767</ele></trkpt>
   <trkpt lat="41.717232976" lon="70.2949981415"><ele>3474.167</ele></trkpt>
   <trkpt lat="41.7172428666" lon="70.2949247998"><ele>3471.929</ele></trkpt>
   <trkpt lat="41.7172297909" lon="70.2947801282"><ele>3468.812</ele></trkpt>
   <trkpt lat="41.7172006638" lon="70.2946692356"><ele>3461.425</ele></trkpt>
   <trkpt lat="41.7171762724" lon="70.2946436708"><ele>3461.435</ele></trkpt>
   <trkpt lat="41.7171199879" lon="70.2944366378"><ele>3454.756</ele></trkpt>
   <trkpt lat="41.7171556948" lon="70.2943070536"><ele>3437.665</ele></trkpt>
   <trkpt lat="41.7171098877" lon="70.2941949875"><ele>3431.333</ele></trkpt>
   <trkpt lat="41.7171126957" lon="70.2941476298"><ele>3425.614</ele></trkpt>
   <trkpt lat="41.7170726721" lon="70.2939231624"><ele>3418.133</ele></trkpt>
   <trkpt lat="41.7169926668" lon="70.2938213223"><ele>3408.083</ele></trkpt>
   <trkpt lat="41.7169933793" lon="70.2937682648"><ele>3394.745</ele></trkpt>
   <trkpt lat="41.7169459796" lon="70.2936510858"><ele>3396.275</ele></trkpt>
   <trkpt lat="41.7169402799" lon="70.2935794206"><ele>3391.336</ele></trkpt>
   <trkpt lat="41.7169034834" lon="70.2935161372"><ele>3391.26</ele></trkpt>
   <trkpt lat="41.7169091831" lon="70.2934776643"><ele>3387.501</ele></trkpt>
   <trkpt lat="41.7168664773" lon="70.2933986229"><ele>3384.584</ele></trkpt>
   <trkpt lat="41.7168441814" lon="70.2931227745"><ele>3370.099</ele></trkpt>
   <trkpt lat="41.7168196643" lon="70.2930805297"><ele>3368.522</ele></trkpt>
   <trkpt lat="41.716839278" lon="70.2930027456"><ele>3364.849</ele></trkpt>
   <trkpt lat="41.7168238972" lon="70.2929695533"><ele>3366.929</ele></trkpt>
   <trkpt lat="41.7168271662" lon="70.2929260512"><ele>3366.128</ele></trkpt>
   <trkpt lat="41.7168053732" lon="70.2929022466"><ele>3363.849</ele></trkpt>
   <trkpt lat="41.7168030682" lon="70.2928544698"><ele>3359.399</ele></trkpt>
   <trkpt lat="41.7167668584" lon="70.2928202716"><ele>3358.767</ele></trkpt>
   <trkpt lat="41.7167556685" lon="70.2927806252"><ele>3356.163</ele></trkpt>
   <trkpt lat="41.7167112863" lon="70.2927636937"><ele>3354.081</ele></trkpt>
   <trkpt lat="41.7166839613" lon="70.2927312558"><ele>3351.655</ele></trkpt>
   <trkpt lat="41.7166697959" lon="70.2926720795"><ele>3347.305</ele></trkpt>
   <trkpt lat="41.7166139724" lon="70.2926755999"><ele>3346.23</ele></trkpt>
   <trkpt lat="41.7166015672" lon="70.292611646"><ele>3340.947</ele></trkpt>
   <trkpt lat="41.716523867" lon="70.2925508772"><ele>3334.319</ele></trkpt>
   <trkpt lat="41.7165000624" lon="70.2924893541"><ele>3332.3</ele></trkpt>
   <trkpt lat="41.7163857751" lon="70.2923375578"><ele>3321.743</ele></trkpt>
   <trkpt lat="41.7163823805" lon="70.2922683233"><ele>3319.72</ele></trkpt>
   <trkpt lat="41.7163895889" lon="70.2922849194"><ele>3317.222</ele></trkpt>
   <trkpt lat="41.7163687599" lon="70.2922851709"><ele>3316.188</ele></trkpt>
   <trkpt lat="41.7163566899" lon="70.2922421717"><ele>3312.699</ele></trkpt>
   <trkpt lat="41.7163690951" lon="70.2922260785"><ele>3313.626</ele></trkpt>
   <trkpt lat="41.7163528762" lon="70.2922162716"><ele>3312.224</ele></trkpt>
   <trkpt lat="41.7163764712" lon="70.2921928861"><ele>3308.961</ele></trkpt>
   <trkpt lat="41.7163549716" lon="70.2921247413"><ele>3307.568</ele></trkpt>
   <trkpt lat="41.7163719869" lon="70.2921188739"><ele>3303.709</ele></trkpt>
   <trkpt lat="41.7163897984" lon="70.2920759586"><ele>3304.083</ele></trkpt>
   <trkpt lat="41.7163483918" lon="70.2919991804"><ele>3300.112</ele></trkpt>
   <trkpt lat="41.7163511998" lon="70.2919769683"><ele>3295.722</ele></trkpt>
   <trkpt lat="41.7163089969" lon="70.2919503977"><ele>3293.312</ele></trkpt>
   <trkpt lat="41.7163389622" lon="70.2918911376"><ele>3295.018</ele></trkpt>
   <trkpt lat="41.7163188875" lon="70.2918726974"><ele>3287.067</ele></trkpt>
   <trkpt lat="41.7163041773" lon="70.2918092464"><ele>3283.328</ele></trkpt>
   <trkpt lat="41.7162801631" lon="70.291793237"><ele>3282.154</ele></trkpt>
   <trkpt lat="41.7162799955" lon="70.2917503216"><ele>3280.101</ele></trkpt>
   <trkpt lat="41.7162634832" lon="70.2917202306"><ele>3281.342</ele></trkpt>
   <trkpt lat="41.7162702725" lon="70.2916486492"><ele>3274.529</ele></trkpt>
   <trkpt lat="41.7162457973" lon="70.2916140319"><ele>3277.347</ele></trkpt>
   <trkpt lat="41.7162344818" lon="70.2915383433"><ele>3269.798</ele></trkpt>
   <trkpt lat="41.71624366" lon="70.2914944221"><ele>3267.831</ele></trkpt>
   <trkpt lat="41.7160955936" lon="70.2914022212"><ele>3259.748</ele></trkpt>
   <trkpt lat="41.7160641615" lon="70.2913586353"><ele>3258.981</ele></trkpt>
   <trkpt lat="41.7160968928" lon="70.2912938432"><ele>3253.044</ele></trkpt>
   <trkpt lat="41.7161038917" lon="70.2912570466"><ele>3241.093</ele></trkpt>
   <trkpt lat="41.7160879661" lon="70.2912494191"><ele>3256.586</ele></trkpt>
   <trkpt lat="41.7161155845" lon="70.2911726409"><ele>3245.902</ele></trkpt>
   <trkpt lat="41.7161010838" lon="70.2911115368"><ele>3243.049</ele></trkpt>
   <trkpt lat="41.7161230863" lon="70.2910709684"><ele>3235.071</ele></trkpt>
   <trkpt lat="41.7161065739" lon="70.2910411288"><ele>3240.277</ele></trkpt>
   <trkpt lat="41.7161374612" lon="70.2909957827"><ele>3239.12</ele></trkpt>
   <trkpt lat="41.7161560691" lon="70.2909129695"><ele>3229.114</ele></trkpt>
   <trkpt lat="41.7161740902" lon="70.2909051744"><ele>3225.899</ele></trkpt>
   <trkpt lat="41.7162174665" lon="70.2906707325"><ele>3216.031</ele></trkpt>
   <trkpt lat="41.7162660816" lon="70.2905600914"><ele>3205.084</ele></trkpt>
   <trkpt lat="41.716266794" lon="70.2905186848"><ele>3210.364</ele></trkpt>
   <trkpt lat="41.7162512875" lon="70.2904920303"><ele>3204.353</ele></trkpt>
   <trkpt lat="41.7162604657" lon="70.2904508752"><ele>3199.6</ele></trkpt>
   <trkpt lat="41.7162435761" lon="70.2904442535"><ele>3205.305</ele></trkpt>
   <trkpt lat="41.7162934904" lon="70.2904001647"><ele>3195.63</ele></trkpt>
   <trkpt lat="41.7162773971" lon="70.2903644578"><ele>3203.012</ele></trkpt>
   <trkpt lat="41.716313565" lon="70.2903672238"><ele>3200.77</ele></trkpt>
   <trkpt lat="41.7163498587" lon="70.290303689"><ele>3193.715</ele></trkpt>
   <trkpt lat="41.716356187" lon="70.2902043634"><ele>3186.696</ele></trkpt>
   <trkpt lat="41.7163653652" lon="70.2902099793"><ele>3188.499</ele></trkpt>
   <trkpt lat="41.7163730765" lon="70.2901691594"><ele>3185.958</ele></trkpt>
   <trkpt lat="41.7164349769" lon="70.2901305189"><ele>3174.796</ele></trkpt>
   <trkpt lat="41.7164564765" lon="70.2900267509"><ele>3177.562</ele></trkpt>
   <trkpt lat="41.7164376591" lon="70.2900099871"><ele>3174.898</ele></trkpt>
   <trkpt lat="41.7164351864" lon="70.2899594442"><ele>3177.764</ele></trkpt>
   <trkpt lat="41.7165099949" lon="70.2898365655"><ele>3164.581</ele></trkpt>
   <trkpt lat="41.7165365656" lon="70.2897304506"><ele>3160.884</ele></trkpt>
   <trkpt lat="41.7165868989" lon="70.2896395908"><ele>3149.47</ele></trkpt>
   <trkpt lat="41.7165813668" lon="70.2896499844"><ele>3147.847</ele></trkpt>
   <trkpt lat="41.7165896649" lon="70.2895721165"><ele>3146.656</ele></trkpt>
   <trkpt lat="41.7166398725" lon="70.2895063185"><ele>3138.687</ele></trkpt>
   <trkpt lat="41.7166388667" lon="70.289419482"><ele>3139.153</ele></trkpt>
   <trkpt lat="41.7166874817" lon="70.2893278678"><ele>3132.84</ele></trkpt>
   <trkpt lat="41.7166989649" lon="70.2893324779"><ele>3130.756</ele></trkpt>
   <trkpt lat="41.7166911698" lon="70.2893085894"><ele>3131.54</ele></trkpt>
   <trkpt lat="41.7167186624" lon="70.289262489"><ele>3129.459</ele></trkpt>
   <trkpt lat="41.7167217637" lon="70.2892767382"><ele>3129.093</ele></trkpt>
   <trkpt lat="41.7167179919" lon="70.2892613993"><ele>3126.659</ele></trkpt>
   <trkpt lat="41.7167539921" lon="70.289236086"><ele>3127.231</ele></trkpt>
   <trkpt lat="41.7167214704" lon="70.2891636663"><ele>3126.87</ele></trkpt>
   <trkpt lat="41.7167222666" lon="70.2891125367"><ele>3120.503</ele></trkpt>
   <trkpt lat="41.7167829935" lon="70.2890631673"><ele>3113.941</ele></trkpt>
   <trkpt lat="41.7167825744" lon="70.2889967826"><ele>3112.726</ele></trkpt>
   <trkpt lat="41.7168710873" lon="70.2888940205"><ele>3102.407</ele></trkpt>
   <trkpt lat="41.7168797626" lon="70.2888138895"><ele>3101.336</ele></trkpt>
   <trkpt lat="41.7169748972" lon="70.28880995"><ele>3099.838</ele></trkpt>
   <trkpt lat="41.7170263621" lon="70.2887856425"><ele>3094.27</ele></trkpt>
   <trkpt lat="41.7170455985" lon="70.2887961199"><ele>3094.325</ele></trkpt>
   <trkpt lat="41.717082898" lon="70.2886946988"><ele>3090.575</ele></trkpt>
   <trkpt lat="41.717112067" lon="70.2886850597"><ele>3081.885</ele></trkpt>
   <trkpt lat="41.7171558625" lon="70.288628398"><ele>3083.531</ele></trkpt>
   <trkpt lat="41.7171618975" lon="70.2885975526"><ele>3081.736</ele></trkpt>
   <trkpt lat="41.7171947964" lon="70.2885809564"><ele>3078.239</ele></trkpt>
   <trkpt lat="41.7172701916" lon="70.2884385479"><ele>3070.056</ele></trkpt>
   <trkpt lat="41.7173062757" lon="70.2883174294"><ele>3065.876</ele></trkpt>
   <trkpt lat="41.7173985605" lon="70.2882739273"><ele>3059.835</ele></trkpt>
   <trkpt lat="41.7174343931" lon="70.2882312634"><ele>3058.538</ele></trkpt>
   <trkpt lat="41.7175635583" lon="70.288172171"><ele>3048.549</ele></trkpt>
   <trkpt lat="41.7176125924" lon="70.288100841"><ele>3045.42</ele></trkpt>
   <trkpt lat="41.7176917595" lon="70.2880484541"><ele>3042.596</ele></trkpt>
   <trkpt lat="41.7176960761" lon="70.2880284214"><ele>3036.487</ele></trkpt>
   <trkpt lat="41.7177164861" lon="70.2880162676"><ele>3036.044</ele></trkpt>
   <trkpt lat="41.7178207989" lon="70.2880306845"><ele>3031.441</ele></trkpt>
   <trkpt lat="41.7178412926" lon="70.2879803931"><ele>3030.623</ele></trkpt>
   <trkpt lat="41.7178777958" lon="70.2880121605"><ele>3024.344</ele></trkpt>
   <trkpt lat="41.7179582621" lon="70.2879321971"><ele>3021.515</ele></trkpt>
   <trkpt lat="41.7179615729" lon="70.2878939756"><ele>3021.342</ele></trkpt>
   <trkpt lat="41.7180257783" lon="70.287905375"><ele>3013.291</ele></trkpt>
   <trkpt lat="41.7181680611" lon="70.2878782177"><ele>3013.439</ele></trkpt>
   <trkpt lat="41.7182096773" lon="70.2878982504"><ele>3009.165</ele></trkpt>
   <trkpt lat="41.7182409837" lon="70.2878626273"><ele>3011.519</ele></trkpt>
   <trkpt lat="41.7182990703" lon="70.2878540778"><ele>3007.95</ele></trkpt>
   <trkpt lat="41.7183322626" lon="70.2877807361"><ele>3004.789</ele></trkpt>
   <trkpt lat="41.7184261818" lon="70.2877649781"><ele>3004.55</ele></trkpt>
   <trkpt lat="41.7184912673" lon="70.2876698435"><ele>3006.933</ele></trkpt>
   <trkpt lat="41.7184702706" lon="70.2875914728"><ele>3002.263</ele></trkpt>
   <trkpt lat="41.7184740844" lon="70.2875636448"><ele>2998.366</ele></trkpt>
   <trkpt lat="41.7184926922" lon="70.2875526645"><ele>3001.885</ele></trkpt>
   <trkpt lat="41.7184853581" lon="70.2875377448"><ele>3000.245</ele></trkpt>
   <trkpt lat="41.7184902615" lon="70.287566327"><ele>3002.524</ele></trkpt>
   <trkpt lat="41.7184767666" lon="70.2875509882"><ele>2998.311</ele></trkpt>
   <trkpt lat="41.7184698934" lon="70.2875656565"><ele>3002.572</ele></trkpt>
   <trkpt lat="41.7184851904" lon="70.2875248366"><ele>2999.822</ele></trkpt>
   <trkpt lat="41.718473791" lon="70.287527435"><ele>3000.646</ele></trkpt>
   <trkpt lat="41.718521987" lon="70.2874937398"><ele>2997.505</ele></trkpt>
   <trkpt lat="41.7185550955" lon="70.2874302888"><ele>2994.925</ele></trkpt>
   <trkpt lat="41.718565992" lon="70.2873535943"><ele>3001.613</ele></trkpt>
   <trkpt lat="41.7185810794" lon="70.2873381716"><ele>2995.664</ele></trkpt>
   <trkpt lat="41.71856968" lon="70.2872957592"><ele>2998.966</ele></trkpt>
   <trkpt lat="41.7185887907" lon="70.287275475"><ele>2996.66</ele></trkpt>
   <trkpt lat="41.7186679997" lon="70.2872601361"><ele>2994.196</ele></trkpt>
   <trkpt lat="41.7186862723" lon="70.2872266923"><ele>2993.474</ele></trkpt>
   <trkpt lat="41.7187222725" lon="70.2872311347"><ele>2993.052</ele></trkpt>
   <trkpt lat="41.718784592" lon="70.2870820207"><ele>2991.266</ele></trkpt>
   <trkpt lat="41.7188541618" lon="70.2869807673"><ele>2990.734</ele></trkpt>
   <trkpt lat="41.7188778826" lon="70.2869825275"><ele>2991.083</ele></trkpt>
  </trkseg>
 </trk>
</gpx>