<?xml version='1.0' encoding='utf-8'?>
<gpx xmlns="http://www.topografix.com/GPX/1/1" xmlns:ns2="https://gurumaps.app/gpx/v3" xmlns:xsi="http://www.w3.org/2001/XMLSchema-instance" version="1.1" creator="com.bodunov.galileo/v5.5.1" xsi:schemaLocation="http://www.topografix.com/GPX/1/1 http://www.topografix.com/GPX/1/1/gpx.xsd https://gurumaps.app/gpx/v3 https://gurumaps.app/gpx/v3/schema.xsd">
 <trk>
  <name>Кичкинкуль</name>
  <type>TrackStyle_E53935C8</type>
  <extensions>
   <ns2:time>2024-05-18T21:09:44.000Z</ns2:time>
  </extensions>
  <trkseg>
   <trkpt lat="41.6145399938" lon="70.1128609781"><ele>899.599</ele></trkpt>
   <trkpt lat="41.6145899918" lon="70.1128459745"><ele>899.399</ele></trkpt>
   <trkpt lat="41.6146989985" lon="70.1129059889"><ele>898.799</ele></trkpt>
   <trkpt lat="41.6148769882" lon="70.1131729525"><ele>899.699</ele></trkpt>
   <trkpt lat="41.6150089613" lon="70.1132939872"><ele>903.399</ele></trkpt>
   <trkpt lat="41.6152129768" lon="70.1135519822"><ele>908.999</ele></trkpt>
   <trkpt lat="41.6153009868" lon="70.1136289281"><ele>911.099</ele></trkpt>
   <trkpt lat="41.6154299843" lon="70.1137009286"><ele>913.799</ele></trkpt>
   <trkpt lat="41.6155829959" lon="70.1139389747"><ele>917.699</ele></trkpt>
   <trkpt lat="41.6156569662" lon="70.1140269846"><ele>918.999</ele></trkpt>
   <trkpt lat="41.6158949703" lon="70.1141639449"><ele>922.499</ele></trkpt>
   <trkpt lat="41.6161319687" lon="70.1144179166"><ele>927.399</ele></trkpt>
   <trkpt lat="41.6162019995" lon="70.1145359338"><ele>929.199</ele></trkpt>
   <trkpt lat="41.6161949587" lon="70.1147329923"><ele>930.799</ele></trkpt>
   <trkpt lat="41.6162459625" lon="70.1147699565"><ele>930.699</ele></trkpt>
   <trkpt lat="41.616267965" lon="70.1147319865"><ele>930.699</ele></trkpt>
   <trkpt lat="41.6162939908" lon="70.1147909951"><ele>930.799</ele></trkpt>
   <trkpt lat="41.6162499859" lon="70.1146949385"><ele>930.999</ele></trkpt>
   <trkpt lat="41.6162879978" lon="70.114691921"><ele>931.099</ele></trkpt>
   <trkpt lat="41.6164429792" lon="70.1148519316"><ele>931.199</ele></trkpt>
   <trkpt lat="41.6164789794" lon="70.1149689429"><ele>930.799</ele></trkpt>
   <trkpt lat="41.6164829609" lon="70.1151089207"><ele>930.099</ele></trkpt>
   <trkpt lat="41.6165249961" lon="70.1151639898"><ele>930.299</ele></trkpt>
   <trkpt lat="41.6165149797" lon="70.1156419259"><ele>930.899</ele></trkpt>
   <trkpt lat="41.6165659836" lon="70.1158249867"><ele>931.199</ele></trkpt>
   <trkpt lat="41.6166379842" lon="70.1161939581"><ele>931.799</ele></trkpt>
   <trkpt lat="41.6167339989" lon="70.1163709839"><ele>931.999</ele></trkpt>
   <trkpt lat="41.6167839969" lon="70.1163969678"><ele>931.799</ele></trkpt>
   <trkpt lat="41.6168959791" lon="70.116539963"><ele>930.499</ele></trkpt>
   <trkpt lat="41.6169389783" lon="70.11668497"><ele>929.399</ele></trkpt>
   <trkpt lat="41.6169619866" lon="70.1168599841"><ele>928.299</ele></trkpt>
   <trkpt lat="41.6170309697" lon="70.1169849583"><ele>927.499</ele></trkpt>
   <trkpt lat="41.6170639944" lon="70.1169939269"><ele>927.299</ele></trkpt>
   <trkpt lat="41.6171549799" lon="70.1169359241"><ele>927.099</ele></trkpt>
   <trkpt lat="41.617248983" lon="70.1169089344"><ele>927.299</ele></trkpt>
   <trkpt lat="41.6172899705" lon="70.1169439708"><ele>927.499</ele></trkpt>
   <trkpt lat="41.6172949996" lon="70.1170039852"><ele>927.599</ele></trkpt>
   <trkpt lat="41.6172659982" lon="70.1171079208"><ele>927.599</ele></trkpt>
   <trkpt lat="41.6172809599" lon="70.1171829388"><ele>927.499</ele></trkpt>
   <trkpt lat="41.6172739611" lon="70.1172909816"><ele>927.199</ele></trkpt>
   <trkpt lat="41.6172449597" lon="70.1173729566"><ele>926.799</ele></trkpt>
   <trkpt lat="41.6172469713" lon="70.1174149499"><ele>926.499</ele></trkpt>
   <trkpt lat="41.6172859891" lon="70.1175109227"><ele>925.699</ele></trkpt>
   <trkpt lat="41.6173269766" lon="70.1177369826"><ele>922.999</ele></trkpt>
   <trkpt lat="41.6173669583" lon="70.1178359729"><ele>921.599</ele></trkpt>
   <trkpt lat="41.6173929841" lon="70.118017944"><ele>919.699</ele></trkpt>
   <trkpt lat="41.617399983" lon="70.1182159246"><ele>918.499</ele></trkpt>
   <trkpt lat="41.6174649846" lon="70.1183769409"><ele>917.799</ele></trkpt>
   <trkpt lat="41.6174419763" lon="70.1184759312"><ele>917.499</ele></trkpt>
   <trkpt lat="41.6175299863" lon="70.1188339223"><ele>917.499</ele></trkpt>
   <trkpt lat="41.6175319979" lon="70.1189279672"><ele>917.599</ele></trkpt>
   <trkpt lat="41.617512971" lon="70.1190059189"><ele>917.699</ele></trkpt>
   <trkpt lat="41.6175229874" lon="70.1191699528"><ele>917.899</ele></trkpt>
   <trkpt lat="41.6174839696" lon="70.1193009619"><ele>918.499</ele></trkpt>
   <trkpt lat="41.6175089896" lon="70.1193879661"><ele>919.299</ele></trkpt>
   <trkpt lat="41.6175099954" lon="70.1194659178"><ele>919.999</ele></trkpt>
   <trkpt lat="41.6174789824" lon="70.1195169636"><ele>920.699</ele></trkpt>
   <trkpt lat="41.6174389588" lon="70.1197459572"><ele>923.499</ele></trkpt>
   <trkpt lat="41.6175049663" lon="70.1199879427"><ele>927.299</ele></trkpt>
   <trkpt lat="41.6174899627" lon="70.1201169402"><ele>928.999</ele></trkpt>
   <trkpt lat="41.6175249991" lon="70.1202069619"><ele>930.199</ele></trkpt>
   <trkpt lat="41.6175309921" lon="70.1202669763"><ele>930.799</ele></trkpt>
   <trkpt lat="41.6175849716" lon="70.1203409885"><ele>931.599</ele></trkpt>
   <trkpt lat="41.6176169904" lon="70.1204189402"><ele>932.299</ele></trkpt>
   <trkpt lat="41.6176039985" lon="70.1206119754"><ele>933.999</ele></trkpt>
   <trkpt lat="41.6175729855" lon="70.1206889213"><ele>934.799</ele></trkpt>
   <trkpt lat="41.6175579818" lon="70.1207989757"><ele>935.999</ele></trkpt>
   <trkpt lat="41.6175159885" lon="70.1208769274"><ele>936.999</ele></trkpt>
   <trkpt lat="41.6174449938" lon="70.1209299848"><ele>937.899</ele></trkpt>
   <trkpt lat="41.6174209796" lon="70.1209899992"><ele>938.299</ele></trkpt>
   <trkpt lat="41.6174139807" lon="70.1210399554"><ele>938.499</ele></trkpt>
   <trkpt lat="41.6174299902" lon="70.1211389457"><ele>938.899</ele></trkpt>
   <trkpt lat="41.6174849755" lon="70.1213099365"><ele>939.099</ele></trkpt>
   <trkpt lat="41.6175349735" lon="70.1213649218"><ele>939.299</ele></trkpt>
   <trkpt lat="41.617569968" lon="70.1215109345"><ele>939.599</ele></trkpt>
   <trkpt lat="41.6176279707" lon="70.12158897"><ele>940.099</ele></trkpt>
   <trkpt lat="41.6176489674" lon="70.1216639881"><ele>940.399</ele></trkpt>
   <trkpt lat="41.6177469938" lon="70.1216999464"><ele>941.199</ele></trkpt>
   <trkpt lat="41.6178189943" lon="70.1217799936"><ele>941.899</ele></trkpt>
   <trkpt lat="41.6178239815" lon="70.1218699314"><ele>942.299</ele></trkpt>
   <trkpt lat="41.6178929646" lon="70.1219959953"><ele>942.699</ele></trkpt>
   <trkpt lat="41.6178849599" lon="70.1220839214"><ele>942.699</ele></trkpt>
   <trkpt lat="41.617933994" lon="70.1222559181"><ele>942.799</ele></trkpt>
   <trkpt lat="41.6179229718" lon="70.1223299303"><ele>943.099</ele></trkpt>
   <trkpt lat="41.6179729699" lon="70.122362955"><ele>943.599</ele></trkpt>
   <trkpt lat="41.6180079643" lon="70.122413917"><ele>944.299</ele></trkpt>
   <trkpt lat="41.6180579624" lon="70.1224219636"><ele>944.999</ele></trkpt>
   <trkpt lat="41.6180799649" lon="70.1225829799"><ele>946.799</ele></trkpt>
   <trkpt lat="41.6181659632" lon="70.1226559863"><ele>947.999</ele></trkpt>
   <trkpt lat="41.6182009995" lon="70.1227089599"><ele>948.499</ele></trkpt>
   <trkpt lat="41.6182559848" lon="70.1227199402"><ele>948.999</ele></trkpt>
   <trkpt lat="41.618273964" lon="70.1227669627"><ele>949.399</ele></trkpt>
   <trkpt lat="41.6183019596" lon="70.1227899291"><ele>949.499</ele></trkpt>
   <trkpt lat="41.6182999898" lon="70.1229319186"><ele>949.799</ele></trkpt>
   <trkpt lat="41.6183149934" lon="70.1230369438"><ele>949.599</ele></trkpt>
   <trkpt lat="41.6183639857" lon="70.1230739918"><ele>949.299</ele></trkpt>
   <trkpt lat="41.6184459607" lon="70.1230809488"><ele>948.999</ele></trkpt>
   <trkpt lat="41.6184889598" lon="70.1231289771"><ele>948.799</ele></trkpt>
   <trkpt lat="41.6185229904" lon="70.1231319946"><ele>948.699</ele></trkpt>
   <trkpt lat="41.6185339706" lon="70.1231579785"><ele>948.699</ele></trkpt>
   <trkpt lat="41.6185209787" lon="70.1232599863"><ele>948.499</ele></trkpt>
   <trkpt lat="41.6185309951" lon="70.1232859702"><ele>948.399</ele></trkpt>
   <trkpt lat="41.6186579809" lon="70.1233659335"><ele>948.399</ele></trkpt>
   <trkpt lat="41.6187039976" lon="70.1234519318"><ele>948.699</ele></trkpt>
   <trkpt lat="41.618751984" lon="70.1234409516"><ele>949.099</ele></trkpt>
   <trkpt lat="41.618770969" lon="70.123456961"><ele>949.299</ele></trkpt>
   <trkpt lat="41.6187889901" lon="70.1235649199"><ele>950.099</ele></trkpt>
   <trkpt lat="41.6188589789" lon="70.1236949232"><ele>950.999</ele></trkpt>
   <trkpt lat="41.6189409959" lon="70.1237509982"><ele>951.299</ele></trkpt>
   <trkpt lat="41.6189519762" lon="70.1238069893"><ele>951.299</ele></trkpt>
   <trkpt lat="41.6189409959" lon="70.1238299557"><ele>951.199</ele></trkpt>
   <trkpt lat="41.6189869706" lon="70.1238919818"><ele>950.999</ele></trkpt>
   <trkpt lat="41.6190019742" lon="70.1239499845"><ele>950.899</ele></trkpt>
   <trkpt lat="41.6189779601" lon="70.1240429398"><ele>950.699</ele></trkpt>
   <trkpt lat="41.618996987" lon="70.1241319557"><ele>950.799</ele></trkpt>
   <trkpt lat="41.6191219612" lon="70.1242749509"><ele>951.699</ele></trkpt>
   <trkpt lat="41.6191239728" lon="70.1242979173"><ele>951.799</ele></trkpt>
   <trkpt lat="41.6191999967" lon="70.1243479573"><ele>952.499</ele></trkpt>
   <trkpt lat="41.6192199875" lon="70.1244839956"><ele>953.499</ele></trkpt>
   <trkpt lat="41.6193399745" lon="70.1245499612"><ele>954.799</ele></trkpt>
   <trkpt lat="41.6194289903" lon="70.1246539806"><ele>955.799</ele></trkpt>
   <trkpt lat="41.6193919842" lon="70.1247939584"><ele>956.499</ele></trkpt>
   <trkpt lat="41.6194269786" lon="70.1248609298"><ele>956.799</ele></trkpt>
   <trkpt lat="41.6195119711" lon="70.1249229559"><ele>957.199</ele></trkpt>
   <trkpt lat="41.6195479714" lon="70.125003925"><ele>957.599</ele></trkpt>
   <trkpt lat="41.6194579917" lon="70.1251589902"><ele>958.299</ele></trkpt>
   <trkpt lat="41.619612973" lon="70.1254459866"><ele>958.499</ele></trkpt>
   <trkpt lat="41.6196789805" lon="70.1258059894"><ele>958.999</ele></trkpt>
   <trkpt lat="41.6198899949" lon="70.1260819216"><ele>960.699</ele></trkpt>
   <trkpt lat="41.6198919647" lon="70.1261249208"><ele>960.699</ele></trkpt>
   <trkpt lat="41.619851983" lon="70.126191976"><ele>960.499</ele></trkpt>
   <trkpt lat="41.6198779669" lon="70.1263299421"><ele>959.899</ele></trkpt>
   <trkpt lat="41.6198829961" lon="70.1265209657"><ele>958.999</ele></trkpt>
   <trkpt lat="41.6199239836" lon="70.1266469457"><ele>958.599</ele></trkpt>
   <trkpt lat="41.6199139672" lon="70.1268049446"><ele>958.399</ele></trkpt>
   <trkpt lat="41.619939993" lon="70.1269309246"><ele>958.599</ele></trkpt>
   <trkpt lat="41.6199249894" lon="70.127021952"><ele>958.799</ele></trkpt>
   <trkpt lat="41.61988396" lon="70.1271089562"><ele>959.099</ele></trkpt>
   <trkpt lat="41.6198639691" lon="70.1272229501"><ele>959.499</ele></trkpt>
   <trkpt lat="41.6198579761" lon="70.1272969623"><ele>959.799</ele></trkpt>
   <trkpt lat="41.6198789727" lon="70.1274049212"><ele>960.199</ele></trkpt>
   <trkpt lat="41.619895988" lon="70.1274399576"><ele>960.399</ele></trkpt>
   <trkpt lat="41.6199299766" lon="70.1274589845"><ele>960.699</ele></trkpt>
   <trkpt lat="41.6199869736" lon="70.1274439809"><ele>961.299</ele></trkpt>
   <trkpt lat="41.620033996" lon="70.1274029934"><ele>961.799</ele></trkpt>
   <trkpt lat="41.6201449724" lon="70.1274819509"><ele>962.899</ele></trkpt>
   <trkpt lat="41.6201819785" lon="70.1275929273"><ele>963.399</ele></trkpt>
   <trkpt lat="41.6202739699" lon="70.1276739803"><ele>963.499</ele></trkpt>
   <trkpt lat="41.6202809688" lon="70.1277509262"><ele>963.499</ele></trkpt>
   <trkpt lat="41.6202319766" lon="70.1278739725"><ele>963.499</ele></trkpt>
   <trkpt lat="41.6202449685" lon="70.1279239286"><ele>963.499</ele></trkpt>
   <trkpt lat="41.6203819708" lon="70.1280579553"><ele>964.599</ele></trkpt>
   <trkpt lat="41.6204359921" lon="70.1280629844"><ele>964.999</ele></trkpt>
   <trkpt lat="41.6204779855" lon="70.1281199814"><ele>965.299</ele></trkpt>
   <trkpt lat="41.6204359921" lon="70.1283999369"><ele>964.599</ele></trkpt>
   <trkpt lat="41.6204359921" lon="70.1285149366"><ele>964.199</ele></trkpt>
   <trkpt lat="41.6205129799" lon="70.1286869333"><ele>963.899</ele></trkpt>
   <trkpt lat="41.6205209846" lon="70.1287719258"><ele>963.999</ele></trkpt>
   <trkpt lat="41.6206149877" lon="70.1288719219"><ele>964.399</ele></trkpt>
   <trkpt lat="41.6206229924" lon="70.1289399829"><ele>964.699</ele></trkpt>
   <trkpt lat="41.6205979724" lon="70.1290189405"><ele>965.099</ele></trkpt>
   <trkpt lat="41.6206089946" lon="70.1290449244"><ele>965.299</ele></trkpt>
   <trkpt lat="41.6206609624" lon="70.1290809666"><ele>965.699</ele></trkpt>
   <trkpt lat="41.6207769679" lon="70.1290999935"><ele>966.899</ele></trkpt>
   <trkpt lat="41.6208529918" lon="70.1291869976"><ele>967.899</ele></trkpt>
   <trkpt lat="41.6209279679" lon="70.1292089582"><ele>968.599</ele></trkpt>
   <trkpt lat="41.620977966" lon="70.1293709804"><ele>969.399</ele></trkpt>
   <trkpt lat="41.6210539898" lon="70.1294349343"><ele>969.799</ele></trkpt>
   <trkpt lat="41.6211109868" lon="70.1295359363"><ele>970.199</ele></trkpt>
   <trkpt lat="41.6211699954" lon="70.1295929332"><ele>970.199</ele></trkpt>
   <trkpt lat="41.6212409901" lon="70.1295919274"><ele>970.099</ele></trkpt>
   <trkpt lat="41.6212749787" lon="70.1296119601"><ele>969.999</ele></trkpt>
   <trkpt lat="41.6213199895" lon="70.1296889898"><ele>969.899</ele></trkpt>
   <trkpt lat="41.6213459734" lon="70.1297979546"><ele>969.499</ele></trkpt>
   <trkpt lat="41.6214259787" lon="70.129857969"><ele>968.799</ele></trkpt>
   <trkpt lat="41.6214629848" lon="70.1299739745"><ele>967.599</ele></trkpt>
   <trkpt lat="41.6215679681" lon="70.130071959"><ele>965.199</ele></trkpt>
   <trkpt lat="41.6216069859" lon="70.1302119368"><ele>962.499</ele></trkpt>
   <trkpt lat="41.6218099956" lon="70.130486947"><ele>956.399</ele></trkpt>
   <trkpt lat="41.6218919706" lon="70.1305399206"><ele>955.699</ele></trkpt>
   <trkpt lat="41.6219679945" lon="70.1305389986"><ele>955.599</ele></trkpt>
   <trkpt lat="41.6220579742" lon="70.1305929781"><ele>955.499</ele></trkpt>
   <trkpt lat="41.6221769972" lon="70.1306219795"><ele>955.499</ele></trkpt>
   <trkpt lat="41.6222699944" lon="70.1306869392"><ele>955.399</ele></trkpt>
   <trkpt lat="41.6223459764" lon="70.1307129231"><ele>955.299</ele></trkpt>
   <trkpt lat="41.6224529714" lon="70.130825995"><ele>955.399</ele></trkpt>
   <trkpt lat="41.6225639897" lon="70.1308819861"><ele>955.899</ele></trkpt>
   <trkpt lat="41.6226289914" lon="70.1308819861"><ele>956.599</ele></trkpt>
   <trkpt lat="41.6226949988" lon="70.1309119933"><ele>957.299</ele></trkpt>
   <trkpt lat="41.6227289875" lon="70.1310319383"><ele>958.399</ele></trkpt>
   <trkpt lat="41.6229009841" lon="70.1311629475"><ele>959.899</ele></trkpt>
   <trkpt lat="41.6230029919" lon="70.1313129836"><ele>960.999</ele></trkpt>
   <trkpt lat="41.6230509783" lon="70.1314289891"><ele>961.699</ele></trkpt>
   <trkpt lat="41.6231179916" lon="70.1314899255"><ele>962.099</ele></trkpt>
   <trkpt lat="41.6231609907" lon="70.1315829647"><ele>962.299</ele></trkpt>
   <trkpt lat="41.6232779602" lon="70.1316889957"><ele>962.699</ele></trkpt>
   <trkpt lat="41.6234329835" lon="70.1317529497"><ele>963.399</ele></trkpt>
   <trkpt lat="41.6234379707" lon="70.1317929313"><ele>963.599</ele></trkpt>
   <trkpt lat="41.6234069996" lon="70.1319779199"><ele>964.899</ele></trkpt>
   <trkpt lat="41.6234369649" lon="70.1320339949"><ele>965.499</ele></trkpt>
   <trkpt lat="41.623486963" lon="70.1322529302"><ele>967.799</ele></trkpt>
   <trkpt lat="41.6235919882" lon="70.1323439576"><ele>969.499</ele></trkpt>
   <trkpt lat="41.6235759788" lon="70.1324389246"><ele>970.299</ele></trkpt>
   <trkpt lat="41.6235919882" lon="70.1325729512"><ele>971.399</ele></trkpt>
   <trkpt lat="41.6236869971" lon="70.1328269229"><ele>973.799</ele></trkpt>
   <trkpt lat="41.6236529666" lon="70.1329789706"><ele>974.999</ele></trkpt>
   <trkpt lat="41.6237089996" lon="70.1331189484"><ele>975.999</ele></trkpt>
   <trkpt lat="41.623718974" lon="70.1332869218"><ele>976.599</ele></trkpt>
   <trkpt lat="41.6237659965" lon="70.1334169251"><ele>976.699</ele></trkpt>
   <trkpt lat="41.6237989793" lon="70.1337469206"><ele>976.699</ele></trkpt>
   <trkpt lat="41.6238419785" lon="70.1338809472"><ele>976.799</ele></trkpt>
   <trkpt lat="41.6239059743" lon="70.1340249483"><ele>976.799</ele></trkpt>
   <trkpt lat="41.623957984" lon="70.1340829511"><ele>976.799</ele></trkpt>
   <trkpt lat="41.6239849737" lon="70.1341649261"><ele>976.699</ele></trkpt>
   <trkpt lat="41.6241709682" lon="70.1343969372"><ele>976.199</ele></trkpt>
   <trkpt lat="41.6242149732" lon="70.1344269444"><ele>975.899</ele></trkpt>
   <trkpt lat="41.6242339582" lon="70.1345109311"><ele>975.299</ele></trkpt>
   <trkpt lat="41.6243629976" lon="70.1345559419"><ele>973.999</ele></trkpt>
   <trkpt lat="41.6245019695" lon="70.1348029566"><ele>971.999</ele></trkpt>
   <trkpt lat="41.6245389756" lon="70.1348409266"><ele>971.699</ele></trkpt>
   <trkpt lat="41.6246189809" lon="70.1348679163"><ele>971.399</ele></trkpt>
   <trkpt lat="41.6246599684" lon="70.1349039585"><ele>971.399</ele></trkpt>
   <trkpt lat="41.6246789953" lon="70.1349549205"><ele>971.399</ele></trkpt>
   <trkpt lat="41.6246969745" lon="70.1351009332"><ele>971.899</ele></trkpt>
   <trkpt lat="41.6248469687" lon="70.1354259834"><ele>973.899</ele></trkpt>
   <trkpt lat="41.6249349786" lon="70.1355389715"><ele>974.599</ele></trkpt>
   <trkpt lat="41.6249739964" lon="70.1359299873"><ele>975.699</ele></trkpt>
   <trkpt lat="41.6248929853" lon="70.1360729825"><ele>975.199</ele></trkpt>
   <trkpt lat="41.6248809992" lon="70.136214972"><ele>973.999</ele></trkpt>
   <trkpt lat="41.6248489803" lon="70.1363539439"><ele>972.199</ele></trkpt>
   <trkpt lat="41.6248119742" lon="70.1364439656"><ele>970.799</ele></trkpt>
   <trkpt lat="41.6247989823" lon="70.1365449675"><ele>969.199</ele></trkpt>
   <trkpt lat="41.6247339806" lon="70.1366619789"><ele>966.999</ele></trkpt>
   <trkpt lat="41.6246509998" lon="70.1367359911"><ele>965.399</ele></trkpt>
   <trkpt lat="41.6246069948" lon="70.136799945"><ele>964.799</ele></trkpt>
   <trkpt lat="41.6245299651" lon="70.1369969197"><ele>965.699</ele></trkpt>
   <trkpt lat="41.6245149615" lon="70.1370729436"><ele>966.799</ele></trkpt>
   <trkpt lat="41.624517979" lon="70.1371549186"><ele>968.099</ele></trkpt>
   <trkpt lat="41.6244809729" lon="70.1372029469"><ele>969.399</ele></trkpt>
   <trkpt lat="41.6244039851" lon="70.1371759572"><ele>971.399</ele></trkpt>
   <trkpt lat="41.6243779593" lon="70.1371919666"><ele>972.099</ele></trkpt>
   <trkpt lat="41.6243809768" lon="70.1373059605"><ele>973.999</ele></trkpt>
   <trkpt lat="41.6243379776" lon="70.1373799727"><ele>975.099</ele></trkpt>
   <trkpt lat="41.6243129995" lon="70.1375069585"><ele>975.799</ele></trkpt>
   <trkpt lat="41.6243059587" lon="70.1378779416"><ele>974.599</ele></trkpt>
   <trkpt lat="41.6242419629" lon="70.1380149857"><ele>973.199</ele></trkpt>
   <trkpt lat="41.6242119976" lon="70.1382459909"><ele>969.999</ele></trkpt>
   <trkpt lat="41.6242199604" lon="70.1383439754"><ele>968.299</ele></trkpt>
   <trkpt lat="41.6242489618" lon="70.1384509285"><ele>966.399</ele></trkpt>
   <trkpt lat="41.6243309787" lon="70.138572969"><ele>963.999</ele></trkpt>
   <trkpt lat="41.6244329865" lon="70.1386509207"><ele>964.299</ele></trkpt>
   <trkpt lat="41.6245649595" lon="70.1387909823"><ele>964.899</ele></trkpt>
   <trkpt lat="41.6248119742" lon="70.1389519987"><ele>965.499</ele></trkpt>
   <trkpt lat="41.6249729906" lon="70.1390879531"><ele>966.799</ele></trkpt>
   <trkpt lat="41.6250809914" lon="70.139119972"><ele>968.099</ele></trkpt>
   <trkpt lat="41.6252189994" lon="70.1392439403"><ele>969.999</ele></trkpt>
   <trkpt lat="41.6252909581" lon="70.1393419248"><ele>971.099</ele></trkpt>
   <trkpt lat="41.6254349592" lon="70.1394689944"><ele>972.899</ele></trkpt>
   <trkpt lat="41.6255349972" lon="70.1396479481"><ele>974.099</ele></trkpt>
   <trkpt lat="41.6256299641" lon="70.1396929589"><ele>974.599</ele></trkpt>
   <trkpt lat="41.6256799622" lon="70.1397379697"><ele>974.699</ele></trkpt>
   <trkpt lat="41.6257699838" lon="70.1398949628"><ele>974.099</ele></trkpt>
   <trkpt lat="41.6258009969" lon="70.1399649517"><ele>973.499</ele></trkpt>
   <trkpt lat="41.6258519589" lon="70.140213978"><ele>971.799</ele></trkpt>
   <trkpt lat="41.6259039686" lon="70.1403649361"><ele>971.099</ele></trkpt>
   <trkpt lat="41.6259169605" lon="70.1405479968"><ele>970.899</ele></trkpt>
   <trkpt lat="41.625994996" lon="70.1407149643"><ele>971.199</ele></trkpt>
   <trkpt lat="41.6260129752" lon="70.1408399385"><ele>971.799</ele></trkpt>
   <trkpt lat="41.6260889991" lon="70.1409699418"><ele>972.899</ele></trkpt>
   <trkpt lat="41.6261169946" lon="70.1410979335"><ele>973.799</ele></trkpt>
   <trkpt lat="41.6261199702" lon="70.1413179585"><ele>974.799</ele></trkpt>
   <trkpt lat="41.6261739916" lon="70.1415439346"><ele>975.599</ele></trkpt>
   <trkpt lat="41.6261599938" lon="70.1416839962"><ele>975.899</ele></trkpt>
   <trkpt lat="41.6262599899" lon="70.1419979823"><ele>976.899</ele></trkpt>
   <trkpt lat="41.6262389932" lon="70.1422709809"><ele>977.599</ele></trkpt>
   <trkpt lat="41.6262519852" lon="70.1422439911"><ele>977.699</ele></trkpt>
   <trkpt lat="41.6262339641" lon="70.1422869903"><ele>977.799</ele></trkpt>
   <trkpt lat="41.6262049627" lon="70.1422949531"><ele>977.899</ele></trkpt>
   <trkpt lat="41.6262099918" lon="70.1423549675"><ele>977.999</ele></trkpt>
   <trkpt lat="41.6263189985" lon="70.1426969492"><ele>978.999</ele></trkpt>
   <trkpt lat="41.6264249877" lon="70.1428819378"><ele>979.699</ele></trkpt>
   <trkpt lat="41.6264449785" lon="70.1429449697"><ele>979.899</ele></trkpt>
   <trkpt lat="41.6265529793" lon="70.1431229175"><ele>980.599</ele></trkpt>
   <trkpt lat="41.6266609801" lon="70.1431789924"><ele>981.199</ele></trkpt>
   <trkpt lat="41.6267659635" lon="70.1433219877"><ele>981.899</ele></trkpt>
   <trkpt lat="41.6269129821" lon="70.1434429386"><ele>982.599</ele></trkpt>
   <trkpt lat="41.6270159957" lon="70.1435799827"><ele>983.099</ele></trkpt>
   <trkpt lat="41.627145999" lon="70.1436449424"><ele>983.599</ele></trkpt>
   <trkpt lat="41.6273139723" lon="70.143665981"><ele>984.099</ele></trkpt>
   <trkpt lat="41.6274149742" lon="70.1437749457"><ele>984.399</ele></trkpt>
   <trkpt lat="41.6274649723" lon="70.143798918"><ele>984.499</ele></trkpt>
   <trkpt lat="41.627485969" lon="70.1437829924"><ele>984.599</ele></trkpt>
   <trkpt lat="41.6274829934" lon="70.1437279233"><ele>984.699</ele></trkpt>
   <trkpt lat="41.6275029842" lon="70.1437109918"><ele>984.799</ele></trkpt>
   <trkpt lat="41.6275229751" lon="70.1437109918"><ele>984.899</ele></trkpt>
   <trkpt lat="41.6275089773" lon="70.1437129197"><ele>984.899</ele></trkpt>
   <trkpt lat="41.6275189937" lon="70.1437219721"><ele>984.999</ele></trkpt>
   <trkpt lat="41.6275629987" lon="70.1435989258"><ele>985.199</ele></trkpt>
   <trkpt lat="41.6276249828" lon="70.1435519871"><ele>985.399</ele></trkpt>
   <trkpt lat="41.627698995" lon="70.1435619616"><ele>985.299</ele></trkpt>
   <trkpt lat="41.6277409884" lon="70.1434879494"><ele>985.199</ele></trkpt>
   <trkpt lat="41.627818982" lon="70.1434239955"><ele>984.799</ele></trkpt>
   <trkpt lat="41.6279869972" lon="70.1432379172"><ele>984.999</ele></trkpt>
   <trkpt lat="41.6280499872" lon="70.1432269369"><ele>984.999</ele></trkpt>
   <trkpt lat="41.6281289867" lon="70.1433159527"><ele>986.199</ele></trkpt>
   <trkpt lat="41.6281499833" lon="70.1433149469"><ele>986.699</ele></trkpt>
   <trkpt lat="41.6282129733" lon="70.1432899688"><ele>988.499</ele></trkpt>
   <trkpt lat="41.6283379894" lon="70.1431799983"><ele>993.099</ele></trkpt>
   <trkpt lat="41.6285979961" lon="70.1431149547"><ele>1002.599</ele></trkpt>
   <trkpt lat="41.6286699966" lon="70.1432089996"><ele>1005.099</ele></trkpt>
   <trkpt lat="41.6287859602" lon="70.1434979238"><ele>1003.799</ele></trkpt>
   <trkpt lat="41.6288989902" lon="70.1436709263"><ele>1000.199</ele></trkpt>
   <trkpt lat="41.6289419894" lon="70.1437909552"><ele>998.099</ele></trkpt>
   <trkpt lat="41.6290059852" lon="70.1441079588"><ele>992.699</ele></trkpt>
   <trkpt lat="41.6290029677" lon="70.1442349446"><ele>990.899</ele></trkpt>
   <trkpt lat="41.6290359924" lon="70.144338964"><ele>989.199</ele></trkpt>
   <trkpt lat="41.6289959688" lon="70.144539962"><ele>986.599</ele></trkpt>
   <trkpt lat="41.6289539755" lon="70.1446229429"><ele>985.999</ele></trkpt>
   <trkpt lat="41.6290059852" lon="70.1448199176"><ele>985.999</ele></trkpt>
   <trkpt lat="41.6290989824" lon="70.145275977"><ele>987.699</ele></trkpt>
   <trkpt lat="41.6291019999" lon="70.145351917"><ele>987.799</ele></trkpt>
   <trkpt lat="41.6291439932" lon="70.1455129334"><ele>987.899</ele></trkpt>
   <trkpt lat="41.6291989785" lon="70.1456499775"><ele>987.999</ele></trkpt>
   <trkpt lat="41.6292719849" lon="70.1457779691"><ele>988.399</ele></trkpt>
   <trkpt lat="41.629352996" lon="70.145816945"><ele>988.799</ele></trkpt>
   <trkpt lat="41.6296189957" lon="70.1458509755"><ele>989.899</ele></trkpt>
   <trkpt lat="41.6297689898" lon="70.1459409972"><ele>989.399</ele></trkpt>
   <trkpt lat="41.6298209996" lon="70.1460069627"><ele>989.199</ele></trkpt>
   <trkpt lat="41.6298799662" lon="70.1460229722"><ele>988.999</ele></trkpt>
   <trkpt lat="41.6299969776" lon="70.1459729322"><ele>988.899</ele></trkpt>
   <trkpt lat="41.6300859934" lon="70.1459849183"><ele>988.899</ele></trkpt>
   <trkpt lat="41.6301739615" lon="70.145942925"><ele>989.299</ele></trkpt>
   <trkpt lat="41.6303569804" lon="70.1459019375"><ele>990.899</ele></trkpt>
   <trkpt lat="41.6304809906" lon="70.1458999258"><ele>991.999</ele></trkpt>
   <trkpt lat="41.6305989659" lon="70.1458339603"><ele>993.599</ele></trkpt>
   <trkpt lat="41.6306309848" lon="70.1457989239"><ele>994.299</ele></trkpt>
   <trkpt lat="41.6306979981" lon="70.1457749517"><ele>995.599</ele></trkpt>
   <trkpt lat="41.6308349584" lon="70.14577294"><ele>997.999</ele></trkpt>
   <trkpt lat="41.6309179811" lon="70.1458029472"><ele>999.299</ele></trkpt>
   <trkpt lat="41.6309829828" lon="70.1458019414"><ele>1000.399</ele></trkpt>
   <trkpt lat="41.6310719986" lon="70.1458429289"><ele>1002.299</ele></trkpt>
   <trkpt lat="41.6311629842" lon="70.1458499697"><ele>1004.099</ele></trkpt>
   <trkpt lat="41.6312279858" lon="70.1458869339"><ele>1004.999</ele></trkpt>
   <trkpt lat="41.6313669997" lon="70.1460249838"><ele>1006.299</ele></trkpt>
   <trkpt lat="41.6314389583" lon="70.1461589266"><ele>1007.399</ele></trkpt>
   <trkpt lat="41.6315369847" lon="70.1462669694"><ele>1007.999</ele></trkpt>
   <trkpt lat="41.6315859769" lon="70.1463549794"><ele>1007.699</ele></trkpt>
   <trkpt lat="41.6316259586" lon="70.1463739225"><ele>1007.299</ele></trkpt>
   <trkpt lat="41.6317079755" lon="70.1463469327"><ele>1005.899</ele></trkpt>
   <trkpt lat="41.6317819877" lon="70.1463959669"><ele>1004.499</ele></trkpt>
   <trkpt lat="41.6318599813" lon="70.146394961"><ele>1003.499</ele></trkpt>
   <trkpt lat="41.6319349994" lon="70.1464209449"><ele>1002.699</ele></trkpt>
   <trkpt lat="41.6319719635" lon="70.1464659558"><ele>1001.999</ele></trkpt>
   <trkpt lat="41.6321039785" lon="70.1468629227"><ele>994.699</ele></trkpt>
   <trkpt lat="41.6321099716" lon="70.1470879768"><ele>991.599</ele></trkpt>
   <trkpt lat="41.632144966" lon="70.147331974"><ele>990.999</ele></trkpt>
   <trkpt lat="41.6322039746" lon="70.1474329759"><ele>990.899</ele></trkpt>
   <trkpt lat="41.6322309644" lon="70.1475389232"><ele>990.899</ele></trkpt>
   <trkpt lat="41.6322879613" lon="70.1476469659"><ele>991.099</ele></trkpt>
   <trkpt lat="41.6322189782" lon="70.1477999356"><ele>991.599</ele></trkpt>
   <trkpt lat="41.6322159607" lon="70.1478459523"><ele>991.699</ele></trkpt>
   <trkpt lat="41.6323479757" lon="70.1483939611"><ele>993.299</ele></trkpt>
   <trkpt lat="41.6323539688" lon="70.1485089608"><ele>993.699</ele></trkpt>
   <trkpt lat="41.6324059785" lon="70.1486969669"><ele>993.999</ele></trkpt>
   <trkpt lat="41.6323389652" lon="70.1488339272"><ele>994.199</ele></trkpt>
   <trkpt lat="41.6323799946" lon="70.1490209275"><ele>994.799</ele></trkpt>
   <trkpt lat="41.6323039707" lon="70.1493419544"><ele>995.599</ele></trkpt>
   <trkpt lat="41.6323169627" lon="70.1494559483"><ele>995.899</ele></trkpt>
   <trkpt lat="41.6321929943" lon="70.1497069863"><ele>996.799</ele></trkpt>
   <trkpt lat="41.6321689802" lon="70.1498209801"><ele>996.999</ele></trkpt>
   <trkpt lat="41.6321659627" lon="70.1499259216"><ele>996.799</ele></trkpt>
   <trkpt lat="41.6321099716" lon="70.1500969962"><ele>996.599</ele></trkpt>
   <trkpt lat="41.6319669763" lon="70.1502819848"><ele>996.799</ele></trkpt>
   <trkpt lat="41.6319089735" lon="70.1504149218"><ele>997.099</ele></trkpt>
   <trkpt lat="41.6318779605" lon="70.1506009162"><ele>997.499</ele></trkpt>
   <trkpt lat="41.6318989991" lon="70.1507479348"><ele>997.699</ele></trkpt>
   <trkpt lat="41.6318579697" lon="70.1508729928"><ele>997.699</ele></trkpt>
   <trkpt lat="41.6318039902" lon="70.1509759226"><ele>997.499</ele></trkpt>
   <trkpt lat="41.6317799761" lon="70.1511909184"><ele>996.999</ele></trkpt>
   <trkpt lat="41.6316789741" lon="70.1513859653"><ele>996.399</ele></trkpt>
   <trkpt lat="41.6315219811" lon="70.1520729461"><ele>995.599</ele></trkpt>
   <trkpt lat="41.63150396" lon="70.1522339624"><ele>995.299</ele></trkpt>
   <trkpt lat="41.6315219811" lon="70.1523529854"><ele>995.099</ele></trkpt>
   <trkpt lat="41.6314869866" lon="70.1525439252"><ele>994.699</ele></trkpt>
   <trkpt lat="41.6314769703" lon="70.1527019241"><ele>994.299</ele></trkpt>
   <trkpt lat="41.6314949913" lon="70.1528859907"><ele>994.199</ele></trkpt>
   <trkpt lat="41.6315929758" lon="70.1531809498"><ele>995.899</ele></trkpt>
   <trkpt lat="41.6316949836" lon="70.1533609931"><ele>999.299</ele></trkpt>
   <trkpt lat="41.6317659783" lon="70.153562997"><ele>1002.999</ele></trkpt>
   <trkpt lat="41.631930976" lon="70.1537259412"><ele>1007.599</ele></trkpt>
   <trkpt lat="41.6319599774" lon="70.1538729598"><ele>1009.599</ele></trkpt>
   <trkpt lat="41.632075983" lon="70.1539139473"><ele>1011.599</ele></trkpt>
   <trkpt lat="41.6321759791" lon="70.1540149492"><ele>1013.099</ele></trkpt>
   <trkpt lat="41.6324619696" lon="70.1544099883"><ele>1014.099</ele></trkpt>
   <trkpt lat="41.6325009874" lon="70.154524988"><ele>1013.799</ele></trkpt>
   <trkpt lat="41.6325189665" lon="70.1549059455"><ele>1013.499</ele></trkpt>
   <trkpt lat="41.6325469621" lon="70.1550809597"><ele>1013.399</ele></trkpt>
   <trkpt lat="41.6326949865" lon="70.1555679482"><ele>1014.699</ele></trkpt>
   <trkpt lat="41.632760994" lon="70.1557349996"><ele>1014.599</ele></trkpt>
   <trkpt lat="41.6328149735" lon="70.1559769851"><ele>1014.999</ele></trkpt>
   <trkpt lat="41.6328809809" lon="70.1561239199"><ele>1015.299</ele></trkpt>
   <trkpt lat="41.632911994" lon="70.1563469623"><ele>1014.399</ele></trkpt>
   <trkpt lat="41.632980977" lon="70.1564459526"><ele>1013.599</ele></trkpt>
   <trkpt lat="41.6330759859" lon="70.1566869323"><ele>1015.499</ele></trkpt>
   <trkpt lat="41.6332189812" lon="70.1568969828"><ele>1019.399</ele></trkpt>
   <trkpt lat="41.6332539756" lon="70.1571539719"><ele>1021.099</ele></trkpt>
   <trkpt lat="41.6333329751" lon="70.1573919342"><ele>1023.299</ele></trkpt>
   <trkpt lat="41.6333539717" lon="70.1577729755"><ele>1025.399</ele></trkpt>
   <trkpt lat="41.6333989826" lon="70.157970956"><ele>1023.899</ele></trkpt>
   <trkpt lat="41.6333779859" lon="70.1580269472"><ele>1023.599</ele></trkpt>
   <trkpt lat="41.6334229967" lon="70.158190981"><ele>1023.599</ele></trkpt>
   <trkpt lat="41.6335029601" lon="70.1583859441"><ele>1024.199</ele></trkpt>
   <trkpt lat="41.6336409681" lon="70.1588019379"><ele>1019.899</ele></trkpt>
   <trkpt lat="41.6336799859" lon="70.1588269998"><ele>1019.299</ele></trkpt>
   <trkpt lat="41.6337749947" lon="70.1588349626"><ele>1018.199</ele></trkpt>
   <trkpt lat="41.6338159822" lon="70.158876956"><ele>1017.699</ele></trkpt>
   <trkpt lat="41.6338529883" lon="70.1589689893"><ele>1016.999</ele></trkpt>
   <trkpt lat="41.6338909584" lon="70.1591369626"><ele>1016.699</ele></trkpt>
   <trkpt lat="41.6339359692" lon="70.1592059457"><ele>1016.899</ele></trkpt>
   <trkpt lat="41.6340139628" lon="70.1594219473"><ele>1017.299</ele></trkpt>
   <trkpt lat="41.6341109833" lon="70.1596019906"><ele>1017.799</ele></trkpt>
   <trkpt lat="41.6341769908" lon="70.1597979595"><ele>1018.399</ele></trkpt>
   <trkpt lat="41.634263995" lon="70.15986996"><ele>1018.699</ele></trkpt>
   <trkpt lat="41.634395968" lon="70.1600659289"><ele>1019.199</ele></trkpt>
   <trkpt lat="41.6344359916" lon="70.1603089203"><ele>1019.899</ele></trkpt>
   <trkpt lat="41.6344979758" lon="70.1604539272"><ele>1020.199</ele></trkpt>
   <trkpt lat="41.6345269772" lon="70.1605719444"><ele>1020.299</ele></trkpt>
   <trkpt lat="41.6345059805" lon="70.1607919694"><ele>1020.399</ele></trkpt>
   <trkpt lat="41.6345119736" lon="70.161020963"><ele>1020.599</ele></trkpt>
   <trkpt lat="41.6345299947" lon="70.1611379743"><ele>1020.799</ele></trkpt>
   <trkpt lat="41.6345759694" lon="70.1612609369"><ele>1020.999</ele></trkpt>
   <trkpt lat="41.6345679647" lon="70.161303936"><ele>1020.999</ele></trkpt>
   <trkpt lat="41.6346169988" lon="70.1617179182"><ele>1021.399</ele></trkpt>
   <trkpt lat="41.6346229919" lon="70.1619989634"><ele>1021.399</ele></trkpt>
   <trkpt lat="41.634653963" lon="70.1621339959"><ele>1021.499</ele></trkpt>
   <trkpt lat="41.6346339722" lon="70.1622889773"><ele>1021.699</ele></trkpt>
   <trkpt lat="41.6346729899" lon="70.1624199864"><ele>1021.899</ele></trkpt>
   <trkpt lat="41.6346609619" lon="70.162542949"><ele>1021.999</ele></trkpt>
   <trkpt lat="41.6346919749" lon="70.1627209806"><ele>1022.199</ele></trkpt>
   <trkpt lat="41.6346969622" lon="70.1628359803"><ele>1022.399</ele></trkpt>
   <trkpt lat="41.6347959944" lon="70.1630789717"><ele>1023.099</ele></trkpt>
   <trkpt lat="41.6348589844" lon="70.163151978"><ele>1023.799</ele></trkpt>
   <trkpt lat="41.6348899974" lon="70.1632189494"><ele>1024.699</ele></trkpt>
   <trkpt lat="41.6349379838" lon="70.1632699952"><ele>1026.099</ele></trkpt>
   <trkpt lat="41.6350529835" lon="70.163453978"><ele>1031.999</ele></trkpt>
   <trkpt lat="41.6351339946" lon="70.1637889189"><ele>1036.299</ele></trkpt>
   <trkpt lat="41.635225986" lon="70.1640339219"><ele>1032.999</ele></trkpt>
   <trkpt lat="41.6352319791" lon="70.1642199163"><ele>1029.599</ele></trkpt>
   <trkpt lat="41.6351999602" lon="70.1644649194"><ele>1026.399</ele></trkpt>
   <trkpt lat="41.6352109824" lon="70.1645889715"><ele>1025.999</ele></trkpt>
   <trkpt lat="41.6352559932" lon="70.1646349882"><ele>1025.899</ele></trkpt>
   <trkpt lat="41.635307961" lon="70.1647269376"><ele>1025.999</ele></trkpt>
   <trkpt lat="41.6355479768" lon="70.1649669954"><ele>1027.699</ele></trkpt>
   <trkpt lat="41.6357329654" lon="70.1652479567"><ele>1031.799</ele></trkpt>
   <trkpt lat="41.6358119648" lon="70.165277964"><ele>1033.499</ele></trkpt>
   <trkpt lat="41.6358879887" lon="70.1652699173"><ele>1034.999</ele></trkpt>
   <trkpt lat="41.6359409623" lon="70.1651799795"><ele>1036.599</ele></trkpt>
   <trkpt lat="41.6359949837" lon="70.1651309454"><ele>1037.799</ele></trkpt>
   <trkpt lat="41.6360979973" lon="70.1651209709"><ele>1039.499</ele></trkpt>
   <trkpt lat="41.6361729734" lon="70.1652059634"><ele>1040.599</ele></trkpt>
   <trkpt lat="41.6362539845" lon="70.1652449393"><ele>1040.999</ele></trkpt>
   <trkpt lat="41.6364789967" lon="70.1654439256"><ele>1040.099</ele></trkpt>
   <trkpt lat="41.6365949603" lon="70.1656059478"><ele>1038.599</ele></trkpt>
   <trkpt lat="41.6366979739" lon="70.1656949636"><ele>1036.599</ele></trkpt>
   <trkpt lat="41.6367459603" lon="70.165818932"><ele>1034.499</ele></trkpt>
   <trkpt lat="41.6367609639" lon="70.1659489353"><ele>1032.699</ele></trkpt>
   <trkpt lat="41.6368289831" lon="70.1661299844"><ele>1030.699</ele></trkpt>
   <trkpt lat="41.6368409692" lon="70.1663229358"><ele>1029.399</ele></trkpt>
   <trkpt lat="41.6368789811" lon="70.1664149691"><ele>1028.999</ele></trkpt>
   <trkpt lat="41.6368999778" lon="70.1666419511"><ele>1028.699</ele></trkpt>
   <trkpt lat="41.6369409653" lon="70.1667699427"><ele>1028.799</ele></trkpt>
   <trkpt lat="41.6368649833" lon="70.1671369863"><ele>1029.099</ele></trkpt>
   <trkpt lat="41.6368619659" lon="70.167384923"><ele>1029.199</ele></trkpt>
   <trkpt lat="41.6368389994" lon="70.1675969851"><ele>1029.399</ele></trkpt>
   <trkpt lat="41.6368039631" lon="70.1677599293"><ele>1029.599</ele></trkpt>
   <trkpt lat="41.6368309947" lon="70.1678219554"><ele>1029.699</ele></trkpt>
   <trkpt lat="41.6368509856" lon="70.167968974"><ele>1029.899</ele></trkpt>
   <trkpt lat="41.6368159911" lon="70.1680639409"><ele>1030.099</ele></trkpt>
   <trkpt lat="41.6367549709" lon="70.1681319182"><ele>1030.299</ele></trkpt>
   <trkpt lat="41.6367389614" lon="70.1682479237"><ele>1030.599</ele></trkpt>
   <trkpt lat="41.6366039709" lon="70.1685169828"><ele>1031.399</ele></trkpt>
   <trkpt lat="41.6365269831" lon="70.168729967"><ele>1031.899</ele></trkpt>
   <trkpt lat="41.6364389731" lon="70.1688619819"><ele>1032.099</ele></trkpt>
   <trkpt lat="41.6363849937" lon="70.1689999481"><ele>1032.799</ele></trkpt>
   <trkpt lat="41.6362919964" lon="70.1693309494"><ele>1035.899</ele></trkpt>
   <trkpt lat="41.6362749812" lon="70.1694939774"><ele>1036.699</ele></trkpt>
   <trkpt lat="41.6362959778" lon="70.1696989988"><ele>1036.199</ele></trkpt>
   <trkpt lat="41.6363229676" lon="70.1697619469"><ele>1036.499</ele></trkpt>
   <trkpt lat="41.63652099" lon="70.170075933"><ele>1043.399</ele></trkpt>
   <trkpt lat="41.6365929906" lon="70.1701409765"><ele>1044.899</ele></trkpt>
   <trkpt lat="41.636627985" lon="70.1702079479"><ele>1044.299</ele></trkpt>
   <trkpt lat="41.6366799947" lon="70.1704939385"><ele>1040.599</ele></trkpt>
   <trkpt lat="41.6367489778" lon="70.1706809387"><ele>1039.599</ele></trkpt>
   <trkpt lat="41.6367609639" lon="70.1707639196"><ele>1040.099</ele></trkpt>
   <trkpt lat="41.6368209784" lon="70.1709549432"><ele>1042.399</ele></trkpt>
   <trkpt lat="41.6368219842" lon="70.1710619801"><ele>1043.799</ele></trkpt>
   <trkpt lat="41.6368579845" lon="70.1712089986"><ele>1045.699</ele></trkpt>
   <trkpt lat="41.6368699706" lon="70.1713809953"><ele>1046.399</ele></trkpt>
   <trkpt lat="41.6368939847" lon="70.1714499784"><ele>1045.699</ele></trkpt>
   <trkpt lat="41.6368869858" lon="70.1716139284"><ele>1043.199</ele></trkpt>
   <trkpt lat="41.6369079825" lon="70.1717809797"><ele>1041.399</ele></trkpt>
   <trkpt lat="41.63694897" lon="70.1719369669"><ele>1041.199</ele></trkpt>
   <trkpt lat="41.6370299811" lon="70.1721309242"><ele>1041.699</ele></trkpt>
   <trkpt lat="41.6370689989" lon="70.1723859855"><ele>1042.899</ele></trkpt>
   <trkpt lat="41.6370449847" lon="70.1725119655"><ele>1043.599</ele></trkpt>
   <trkpt lat="41.6370459905" lon="70.1726059266"><ele>1044.099</ele></trkpt>
   <trkpt lat="41.6370989642" lon="70.1730219205"><ele>1047.199</ele></trkpt>
   <trkpt lat="41.6370329986" lon="70.1733059832"><ele>1047.299</ele></trkpt>
   <trkpt lat="41.6370229822" lon="70.1734249224"><ele>1046.999</ele></trkpt>
   <trkpt lat="41.6369419711" lon="70.1737599471"><ele>1046.799</ele></trkpt>
   <trkpt lat="41.636992975" lon="70.1740099792"><ele>1046.999</ele></trkpt>
   <trkpt lat="41.6369689609" lon="70.1741179381"><ele>1046.899</ele></trkpt>
   <trkpt lat="41.6369699667" lon="70.1741979853"><ele>1046.699</ele></trkpt>
   <trkpt lat="41.6370289753" lon="70.1744679664"><ele>1046.199</ele></trkpt>
   <trkpt lat="41.6370299811" lon="70.1745879953"><ele>1046.199</ele></trkpt>
   <trkpt lat="41.6370219764" lon="70.1746579842"><ele>1046.199</ele></trkpt>
   <trkpt lat="41.6369319967" lon="70.1748959464"><ele>1046.599</ele></trkpt>
   <trkpt lat="41.636904965" lon="70.1750159752"><ele>1046.799</ele></trkpt>
   <trkpt lat="41.636835982" lon="70.1751009677"><ele>1047.199</ele></trkpt>
   <trkpt lat="41.6368219842" lon="70.1752109383"><ele>1047.799</ele></trkpt>
   <trkpt lat="41.6368559728" lon="70.1753149577"><ele>1048.699</ele></trkpt>
   <trkpt lat="41.6368619659" lon="70.1754249283"><ele>1049.699</ele></trkpt>
   <trkpt lat="41.6368999778" lon="70.1755739585"><ele>1051.499</ele></trkpt>
   <trkpt lat="41.6368309947" lon="70.175834971"><ele>1055.299</ele></trkpt>
   <trkpt lat="41.6368899614" lon="70.1759849233"><ele>1057.499</ele></trkpt>
   <trkpt lat="41.6370019855" lon="70.1761219674"><ele>1059.399</ele></trkpt>
   <trkpt lat="41.6370199647" lon="70.1761969854"><ele>1059.799</ele></trkpt>
   <trkpt lat="41.6370109961" lon="70.1762519707"><ele>1059.899</ele></trkpt>
   <trkpt lat="41.6370269636" lon="70.1763479435"><ele>1059.599</ele></trkpt>
   <trkpt lat="41.6370209706" lon="70.1763979834"><ele>1059.299</ele></trkpt>
   <trkpt lat="41.6369379897" lon="70.1765619335"><ele>1058.799</ele></trkpt>
   <trkpt lat="41.6369159872" lon="70.1765819662"><ele>1058.899</ele></trkpt>
   <trkpt lat="41.6368979661" lon="70.1765679684"><ele>1059.299</ele></trkpt>
   <trkpt lat="41.636960998" lon="70.1765819662"><ele>1059.999</ele></trkpt>
   <trkpt lat="41.6369379897" lon="70.1765739196"><ele>1060.299</ele></trkpt>
   <trkpt lat="41.6370009797" lon="70.1766589959"><ele>1061.799</ele></trkpt>
   <trkpt lat="41.6369949867" lon="70.1767159928"><ele>1062.599</ele></trkpt>
   <trkpt lat="41.6369519875" lon="70.1767799468"><ele>1063.699</ele></trkpt>
   <trkpt lat="41.6369549631" lon="70.1768279751"><ele>1064.299</ele></trkpt>
   <trkpt lat="41.6372419594" lon="70.1770599862"><ele>1067.099</ele></trkpt>
   <trkpt lat="41.6373079669" lon="70.1771599823"><ele>1067.299</ele></trkpt>
   <trkpt lat="41.6373419975" lon="70.1774299634"><ele>1068.199</ele></trkpt>
   <trkpt lat="41.637445975" lon="70.1775909797"><ele>1068.999</ele></trkpt>
   <trkpt lat="41.6374999963" lon="70.1777879544"><ele>1070.499</ele></trkpt>
   <trkpt lat="41.6375539758" lon="70.1778949913"><ele>1071.399</ele></trkpt>
   <trkpt lat="41.6375559874" lon="70.1780049619"><ele>1071.699</ele></trkpt>
   <trkpt lat="41.6375859947" lon="70.178142928"><ele>1071.699</ele></trkpt>
   <trkpt lat="41.6375489886" lon="70.178230938"><ele>1071.499</ele></trkpt>
   <trkpt lat="41.6375419897" lon="70.1783669763"><ele>1071.099</ele></trkpt>
   <trkpt lat="41.6375889702" lon="70.1785289985"><ele>1070.499</ele></trkpt>
   <trkpt lat="41.6375959691" lon="70.1786559843"><ele>1069.799</ele></trkpt>
   <trkpt lat="41.6376209891" lon="70.1786929485"><ele>1069.499</ele></trkpt>
   <trkpt lat="41.6376239647" lon="70.1787569863"><ele>1069.099</ele></trkpt>
   <trkpt lat="41.6376699813" lon="70.1787869935"><ele>1068.799</ele></trkpt>
   <trkpt lat="41.6376869966" lon="70.1789069385"><ele>1068.199</ele></trkpt>
   <trkpt lat="41.6376439974" lon="70.1791629218"><ele>1067.499</ele></trkpt>
   <trkpt lat="41.6375949633" lon="70.1792979543"><ele>1067.599</ele></trkpt>
   <trkpt lat="41.6375789958" lon="70.1793959387"><ele>1067.699</ele></trkpt>
   <trkpt lat="41.6375199872" lon="70.1795329829"><ele>1068.399</ele></trkpt>
   <trkpt lat="41.6375139941" lon="70.1797939953"><ele>1069.999</ele></trkpt>
   <trkpt lat="41.6374799636" lon="70.1799479709"><ele>1070.199</ele></trkpt>
   <trkpt lat="41.6375019661" lon="70.1800999348"><ele>1070.299</ele></trkpt>
   <trkpt lat="41.6374979847" lon="70.1801939798"><ele>1070.599</ele></trkpt>
   <trkpt lat="41.637476988" lon="70.1802879409"><ele>1071.099</ele></trkpt>
   <trkpt lat="41.6374839869" lon="70.1803929661"><ele>1071.899</ele></trkpt>
   <trkpt lat="41.6374619844" lon="70.1804619492"><ele>1072.599</ele></trkpt>
   <trkpt lat="41.6374469808" lon="70.1805959758"><ele>1073.799</ele></trkpt>
   <trkpt lat="41.6373229705" lon="70.1807419886"><ele>1074.799</ele></trkpt>
   <trkpt lat="41.6372529816" lon="70.1809339342"><ele>1073.899</ele></trkpt>
   <trkpt lat="41.6371199608" lon="70.1810749178"><ele>1072.599</ele></trkpt>
   <trkpt lat="41.6370629639" lon="70.1813369361"><ele>1072.699</ele></trkpt>
   <trkpt lat="41.6370189589" lon="70.1814669394"><ele>1073.099</ele></trkpt>
   <trkpt lat="41.6369389955" lon="70.1816479885"><ele>1073.699</ele></trkpt>
   <trkpt lat="41.6368189667" lon="70.1818449632"><ele>1074.299</ele></trkpt>
   <trkpt lat="41.6368079864" lon="70.1819069893"><ele>1074.499</ele></trkpt>
   <trkpt lat="41.6368279772" lon="70.1820059796"><ele>1074.999</ele></trkpt>
   <trkpt lat="41.636810962" lon="70.1820449554"><ele>1075.199</ele></trkpt>
   <trkpt lat="41.6367299928" lon="70.1821289421"><ele>1075.899</ele></trkpt>
   <trkpt lat="41.6366639853" lon="70.1823029504"><ele>1076.699</ele></trkpt>
   <trkpt lat="41.6366639853" lon="70.1823669881"><ele>1076.899</ele></trkpt>
   <trkpt lat="41.636602965" lon="70.1823919662"><ele>1077.199</ele></trkpt>
   <trkpt lat="41.6365939964" lon="70.1823769626"><ele>1077.299</ele></trkpt>
   <trkpt lat="41.6366079942" lon="70.1823849254"><ele>1077.399</ele></trkpt>
   <trkpt lat="41.6365979778" lon="70.1823609532"><ele>1077.399</ele></trkpt>
   <trkpt lat="41.6366079942" lon="70.1823569299"><ele>1077.599</ele></trkpt>
   <trkpt lat="41.6366229978" lon="70.1823799801"><ele>1077.699</ele></trkpt>
   <trkpt lat="41.6365389692" lon="70.182399929"><ele>1078.199</ele></trkpt>
   <trkpt lat="41.6365669648" lon="70.1823799801"><ele>1078.499</ele></trkpt>
   <trkpt lat="41.6365799986" lon="70.1824159385"><ele>1078.799</ele></trkpt>
   <trkpt lat="41.6365849859" lon="70.1823979174"><ele>1078.899</ele></trkpt>
   <trkpt lat="41.636621992" lon="70.1824009349"><ele>1079.299</ele></trkpt>
   <trkpt lat="41.6366239617" lon="70.1823879429"><ele>1079.399</ele></trkpt>
   <trkpt lat="41.636596972" lon="70.1823789743"><ele>1079.599</ele></trkpt>
   <trkpt lat="41.6366139873" lon="70.1824109931"><ele>1079.899</ele></trkpt>
   <trkpt lat="41.6366139873" lon="70.1823869371"><ele>1080.199</ele></trkpt>
   <trkpt lat="41.6365769811" lon="70.1823639707"><ele>1080.599</ele></trkpt>
   <trkpt lat="41.6365729997" lon="70.1823389926"><ele>1080.799</ele></trkpt>
   <trkpt lat="41.6365629834" lon="70.1823869371"><ele>1081.099</ele></trkpt>
   <trkpt lat="41.6365519612" lon="70.1823889487"><ele>1081.299</ele></trkpt>
   <trkpt lat="41.6365629834" lon="70.1823659823"><ele>1081.699</ele></trkpt>
   <trkpt lat="41.6365459681" lon="70.1823759568"><ele>1081.899</ele></trkpt>
   <trkpt lat="41.6365489856" lon="70.1824039523"><ele>1082.199</ele></trkpt>
   <trkpt lat="41.6365889673" lon="70.1823899546"><ele>1082.799</ele></trkpt>
   <trkpt lat="41.6365679706" lon="70.1823799801"><ele>1083.199</ele></trkpt>
   <trkpt lat="41.6365669648" lon="70.1824249909"><ele>1084.299</ele></trkpt>
   <trkpt lat="41.636564995" lon="70.1823939779"><ele>1084.999</ele></trkpt>
   <trkpt lat="41.6366859878" lon="70.1824239851"><ele>1087.899</ele></trkpt>
   <trkpt lat="41.6368139795" lon="70.1826219656"><ele>1090.399</ele></trkpt>
   <trkpt lat="41.6369239919" lon="70.1826609415"><ele>1090.999</ele></trkpt>
   <trkpt lat="41.6369799831" lon="70.1827159268"><ele>1091.199</ele></trkpt>
   <trkpt lat="41.63709997" lon="70.1827759412"><ele>1091.399</ele></trkpt>
   <trkpt lat="41.6371589786" lon="70.1829169248"><ele>1090.599</ele></trkpt>
   <trkpt lat="41.63718798" lon="70.183047934"><ele>1089.499</ele></trkpt>
   <trkpt lat="41.63727599" lon="70.1831839723"><ele>1087.799</ele></trkpt>
   <trkpt lat="41.6372799714" lon="70.1832259656"><ele>1087.399</ele></trkpt>
   <trkpt lat="41.6372539875" lon="70.1833439828"><ele>1086.499</ele></trkpt>
   <trkpt lat="41.6373179833" lon="70.1835289714"><ele>1085.599</ele></trkpt>
   <trkpt lat="41.6373319811" lon="70.1836619922"><ele>1085.499</ele></trkpt>
   <trkpt lat="41.6373089728" lon="70.1841189735"><ele>1086.499</ele></trkpt>
   <trkpt lat="41.6373289636" lon="70.1842379966"><ele>1087.199</ele></trkpt>
   <trkpt lat="41.6373029797" lon="70.1845119172"><ele>1088.599</ele></trkpt>
   <trkpt lat="41.6373169775" lon="70.1847899449"><ele>1089.599</ele></trkpt>
   <trkpt lat="41.6373549894" lon="70.184926989"><ele>1090.099</ele></trkpt>
   <trkpt lat="41.6373929594" lon="70.1851889235"><ele>1091.199</ele></trkpt>
   <trkpt lat="41.6374989905" lon="70.185429987"><ele>1092.299</ele></trkpt>
   <trkpt lat="41.6375109766" lon="70.1855069329"><ele>1092.399</ele></trkpt>
   <trkpt lat="41.6374919916" lon="70.185637942"><ele>1092.399</ele></trkpt>
   <trkpt lat="41.6374979847" lon="70.1857369323"><ele>1092.499</ele></trkpt>
   <trkpt lat="41.6375679736" lon="70.1861199853"><ele>1092.499</ele></trkpt>
   <trkpt lat="41.6376019622" lon="70.1861969312"><ele>1092.599</ele></trkpt>
   <trkpt lat="41.6377279841" lon="70.1863869489"><ele>1093.599</ele></trkpt>
   <trkpt lat="41.6377619727" lon="70.1866439381"><ele>1094.999</ele></trkpt>
   <trkpt lat="41.6378469652" lon="70.1867649727"><ele>1095.899</ele></trkpt>
   <trkpt lat="41.6380079816" lon="70.1869139192"><ele>1097.399</ele></trkpt>
   <trkpt lat="41.638061961" lon="70.1870209561"><ele>1096.899</ele></trkpt>
   <trkpt lat="41.6381169882" lon="70.1870799647"><ele>1095.299</ele></trkpt>
   <trkpt lat="41.6381599874" lon="70.1872389694"><ele>1091.899</ele></trkpt>
   <trkpt lat="41.638256966" lon="70.1873309188"><ele>1088.799</ele></trkpt>
   <trkpt lat="41.6383219677" lon="70.1874639396"><ele>1086.399</ele></trkpt>
   <trkpt lat="41.6384919946" lon="70.1876809471"><ele>1082.799</ele></trkpt>
   <trkpt lat="41.638514961" lon="70.1877969527"><ele>1081.899</ele></trkpt>
   <trkpt lat="41.6385939604" lon="70.1879869704"><ele>1080.999</ele></trkpt>
   <trkpt lat="41.6386669668" lon="70.1880599768"><ele>1081.199</ele></trkpt>
   <trkpt lat="41.6386909809" lon="70.1881459751"><ele>1081.399</ele></trkpt>
   <trkpt lat="41.6387549768" lon="70.1882479829"><ele>1081.999</ele></trkpt>
   <trkpt lat="41.6388069865" lon="70.1884399285"><ele>1082.599</ele></trkpt>
   <trkpt lat="41.6388889615" lon="70.1885339734"><ele>1082.499</ele></trkpt>
   <trkpt lat="41.6389119698" lon="70.1886169542"><ele>1082.199</ele></trkpt>
   <trkpt lat="41.6389939867" lon="70.1887839218"><ele>1080.599</ele></trkpt>
   <trkpt lat="41.6389279793" lon="70.1889149309"><ele>1078.699</ele></trkpt>
   <trkpt lat="41.6389209804" lon="70.1889719278"><ele>1077.999</ele></trkpt>
   <trkpt lat="41.6389279793" lon="70.1891139173"><ele>1076.799</ele></trkpt>
   <trkpt lat="41.6389559748" lon="70.1892139972"><ele>1076.299</ele></trkpt>
   <trkpt lat="41.6389259676" lon="70.1894409792"><ele>1075.499</ele></trkpt>
   <trkpt lat="41.6389279793" lon="70.1896469225"><ele>1075.199</ele></trkpt>
   <trkpt lat="41.6389519934" lon="70.1897649397"><ele>1075.299</ele></trkpt>
   <trkpt lat="41.6389199745" lon="70.1898799394"><ele>1074.999</ele></trkpt>
   <trkpt lat="41.6389259676" lon="70.1900069253"><ele>1074.499</ele></trkpt>
   <trkpt lat="41.6388579904" lon="70.1901279599"><ele>1073.799</ele></trkpt>
   <trkpt lat="41.6388469682" lon="70.1901939255"><ele>1073.599</ele></trkpt>
   <trkpt lat="41.6388099621" lon="70.1902649202"><ele>1073.299</ele></trkpt>
   <trkpt lat="41.6388839743" lon="70.1904999488"><ele>1072.699</ele></trkpt>
   <trkpt lat="41.6388549729" lon="70.1907229912"><ele>1072.099</ele></trkpt>
   <trkpt lat="41.6387929887" lon="70.1909899549"><ele>1071.699</ele></trkpt>
   <trkpt lat="41.6388109679" lon="70.1912959781"><ele>1072.999</ele></trkpt>
   <trkpt lat="41.6387899712" lon="70.1914039371"><ele>1073.699</ele></trkpt>
   <trkpt lat="41.6387919829" lon="70.1915409812"><ele>1074.799</ele></trkpt>
   <trkpt lat="41.6387579943" lon="70.191837952"><ele>1077.499</ele></trkpt>
   <trkpt lat="41.638815997" lon="70.1920359326"><ele>1079.099</ele></trkpt>
   <trkpt lat="41.6388589962" lon="70.1920909178"><ele>1080.099</ele></trkpt>
   <trkpt lat="41.6389659912" lon="70.1921629184"><ele>1081.899</ele></trkpt>
   <trkpt lat="41.6389699726" lon="70.1922329911"><ele>1082.799</ele></trkpt>
   <trkpt lat="41.6389449945" lon="70.1923689456"><ele>1084.999</ele></trkpt>
   <trkpt lat="41.6388759696" lon="70.1926009566"><ele>1086.999</ele></trkpt>
   <trkpt lat="41.638816961" lon="70.1927109272"><ele>1086.799</ele></trkpt>
   <trkpt lat="41.6387989818" lon="70.1928299502"><ele>1085.899</ele></trkpt>
   <trkpt lat="41.6388629776" lon="70.1931499713"><ele>1081.999</ele></trkpt>
   <trkpt lat="41.6389139815" lon="70.1933069644"><ele>1079.799</ele></trkpt>
   <trkpt lat="41.638941977" lon="70.193597984"><ele>1077.599</ele></trkpt>
   <trkpt lat="41.6389909693" lon="70.1936759357"><ele>1077.599</ele></trkpt>
   <trkpt lat="41.6390219823" lon="70.1939399657"><ele>1078.999</ele></trkpt>
   <trkpt lat="41.6390219823" lon="70.1941459929"><ele>1081.299</ele></trkpt>
   <trkpt lat="41.6390889956" lon="70.1942919218"><ele>1083.899</ele></trkpt>
   <trkpt lat="41.6391189609" lon="70.1944759884"><ele>1086.999</ele></trkpt>
   <trkpt lat="41.6391839626" lon="70.1946319756"><ele>1089.799</ele></trkpt>
   <trkpt lat="41.639199972" lon="70.1947879628"><ele>1092.199</ele></trkpt>
   <trkpt lat="41.6392809831" lon="70.1950189681"><ele>1095.799</ele></trkpt>
   <trkpt lat="41.6392409595" lon="70.1953439345"><ele>1100.299</ele></trkpt>
   <trkpt lat="41.639262962" lon="70.1954919589"><ele>1102.199</ele></trkpt>
   <trkpt lat="41.6392379839" lon="70.195785996"><ele>1105.799</ele></trkpt>
   <trkpt lat="41.6392489642" lon="70.1959309191"><ele>1107.499</ele></trkpt>
   <trkpt lat="41.6392869762" lon="70.1960179233"><ele>1108.699</ele></trkpt>
   <trkpt lat="41.6393129601" lon="70.1961789397"><ele>1110.199</ele></trkpt>
   <trkpt lat="41.6394919975" lon="70.1963869785"><ele>1110.799</ele></trkpt>
   <trkpt lat="41.6394979906" lon="70.1966409502"><ele>1110.799</ele></trkpt>
   <trkpt lat="41.6394779997" lon="70.1967649185"><ele>1110.499</ele></trkpt>
   <trkpt lat="41.6394839928" lon="70.196880924"><ele>1110.299</ele></trkpt>
   <trkpt lat="41.6394279598" lon="70.1971929823"><ele>1108.699</ele></trkpt>
   <trkpt lat="41.6394879742" lon="70.1974619576"><ele>1106.399</ele></trkpt>
   <trkpt lat="41.6395529759" lon="70.1975809806"><ele>1106.799</ele></trkpt>
   <trkpt lat="41.6396519661" lon="70.197678965"><ele>1108.199</ele></trkpt>
   <trkpt lat="41.639696977" lon="70.1978279953"><ele>1109.199</ele></trkpt>
   <trkpt lat="41.6397019642" lon="70.1978969783"><ele>1109.399</ele></trkpt>
   <trkpt lat="41.6396719989" lon="70.1979569928"><ele>1109.699</ele></trkpt>
   <trkpt lat="41.6396619825" lon="70.1980199409"><ele>1109.799</ele></trkpt>
   <trkpt lat="41.6396499964" lon="70.1984549616"><ele>1109.699</ele></trkpt>
   <trkpt lat="41.6395829831" lon="70.1987489988"><ele>1106.799</ele></trkpt>
   <trkpt lat="41.6395599748" lon="70.1987809339"><ele>1106.399</ele></trkpt>
   <trkpt lat="41.639532985" lon="70.1988839474"><ele>1105.499</ele></trkpt>
   <trkpt lat="41.6395499584" lon="70.1992969238"><ele>1105.999</ele></trkpt>
   <trkpt lat="41.6396039798" lon="70.1993949921"><ele>1107.199</ele></trkpt>
   <trkpt lat="41.6396329811" lon="70.1996189565"><ele>1108.699</ele></trkpt>
   <trkpt lat="41.6395679795" lon="70.1999159274"><ele>1108.399</ele></trkpt>
   <trkpt lat="41.6395669736" lon="70.2000739262"><ele>1107.699</ele></trkpt>
   <trkpt lat="41.6395109825" lon="70.2004459989"><ele>1105.899</ele></trkpt>
   <trkpt lat="41.639501972" lon="70.2006289759"><ele>1105.299</ele></trkpt>
   <trkpt lat="41.6394589728" lon="70.2007529442"><ele>1104.799</ele></trkpt>
   <trkpt lat="41.6394629961" lon="70.2008129586"><ele>1104.599</ele></trkpt>
   <trkpt lat="41.6393899898" lon="70.2011449658"><ele>1102.799</ele></trkpt>
   <trkpt lat="41.6393609884" lon="70.2013589558"><ele>1102.399</ele></trkpt>
   <trkpt lat="41.639363964" lon="70.2015359816"><ele>1102.299</ele></trkpt>
   <trkpt lat="41.6393259939" lon="70.2018349641"><ele>1102.999</ele></trkpt>
   <trkpt lat="41.6393479964" lon="70.2021319349"><ele>1103.799</ele></trkpt>
   <trkpt lat="41.6393429673" lon="70.2023359504"><ele>1104.299</ele></trkpt>
   <trkpt lat="41.6393089787" lon="70.2025679615"><ele>1104.499</ele></trkpt>
   <trkpt lat="41.6393239823" lon="70.2026139782"><ele>1104.499</ele></trkpt>
   <trkpt lat="41.6393259939" lon="70.2027189196"><ele>1104.399</ele></trkpt>
   <trkpt lat="41.6393179892" lon="70.2027579793"><ele>1104.299</ele></trkpt>
   <trkpt lat="41.6392729784" lon="70.2028199215"><ele>1104.099</ele></trkpt>
   <trkpt lat="41.6392579748" lon="70.2028849651"><ele>1103.899</ele></trkpt>
   <trkpt lat="41.6392539934" lon="70.2030949318"><ele>1103.399</ele></trkpt>
   <trkpt lat="41.6391859742" lon="70.2032519248"><ele>1102.899</ele></trkpt>
   <trkpt lat="41.6391599903" lon="70.2034719498"><ele>1102.499</ele></trkpt>
   <trkpt lat="41.6391649776" lon="70.2035739575"><ele>1102.299</ele></trkpt>
   <trkpt lat="41.6391429751" lon="70.2036169567"><ele>1102.199</ele></trkpt>
   <trkpt lat="41.6391799812" lon="70.2036399231"><ele>1101.899</ele></trkpt>
   <trkpt lat="41.6391589845" lon="70.20362098"><ele>1101.899</ele></trkpt>
   <trkpt lat="41.6391549612" lon="70.2036949922"><ele>1101.599</ele></trkpt>
   <trkpt lat="41.639092977" lon="70.2037719381"><ele>1101.699</ele></trkpt>
   <trkpt lat="41.6390859781" lon="70.2038159431"><ele>1101.999</ele></trkpt>
   <trkpt lat="41.6390339684" lon="70.2038219781"><ele>1102.299</ele></trkpt>
   <trkpt lat="41.6390719804" lon="70.2038719342"><ele>1102.899</ele></trkpt>
   <trkpt lat="41.6390549651" lon="70.2040229761"><ele>1104.299</ele></trkpt>
   <trkpt lat="41.6391019876" lon="70.2041859203"><ele>1106.399</ele></trkpt>
   <trkpt lat="41.6390399615" lon="70.2042989922"><ele>1108.699</ele></trkpt>
   <trkpt lat="41.639029987" lon="70.2044279897"><ele>1110.899</ele></trkpt>
   <trkpt lat="41.6390129718" lon="70.2044689772"><ele>1111.699</ele></trkpt>
   <trkpt lat="41.639042979" lon="70.2046119724"><ele>1113.899</ele></trkpt>
   <trkpt lat="41.639029987" lon="70.2046249644"><ele>1114.299</ele></trkpt>
   <trkpt lat="41.6390129718" lon="70.2046109666"><ele>1114.799</ele></trkpt>
   <trkpt lat="41.6390339684" lon="70.2046249644"><ele>1115.099</ele></trkpt>
   <trkpt lat="41.6390339684" lon="70.2045999863"><ele>1115.499</ele></trkpt>
   <trkpt lat="41.6390209765" lon="70.2046189294"><ele>1115.699</ele></trkpt>
   <trkpt lat="41.6390419731" lon="70.2046369505"><ele>1115.799</ele></trkpt>
   <trkpt lat="41.639023994" lon="70.2046329272"><ele>1115.899</ele></trkpt>
   <trkpt lat="41.6390349743" lon="70.2046329272"><ele>1115.599</ele></trkpt>
   <trkpt lat="41.6390269695" lon="70.2046129783"><ele>1114.599</ele></trkpt>
   <trkpt lat="41.639029987" lon="70.2046409738"><ele>1113.499</ele></trkpt>
   <trkpt lat="41.6390279754" lon="70.2046069433"><ele>1112.199</ele></trkpt>
   <trkpt lat="41.639042979" lon="70.204639968"><ele>1111.599</ele></trkpt>
   <trkpt lat="41.6390809909" lon="70.204646925"><ele>1110.699</ele></trkpt>
   <trkpt lat="41.639092977" lon="70.2047029999"><ele>1110.199</ele></trkpt>
   <trkpt lat="41.6390039612" lon="70.2048139763"><ele>1109.199</ele></trkpt>
   <trkpt lat="41.6389849762" lon="70.2049159841"><ele>1108.799</ele></trkpt>
   <trkpt lat="41.6389399654" lon="70.2049879846"><ele>1108.499</ele></trkpt>
   <trkpt lat="41.6387729979" lon="70.2050779224"><ele>1108.399</ele></trkpt>
   <trkpt lat="41.6387809607" lon="70.2051579696"><ele>1108.599</ele></trkpt>
   <trkpt lat="41.6387479779" lon="70.2052449738"><ele>1108.999</ele></trkpt>
   <trkpt lat="41.6386999915" lon="70.2052779985"><ele>1109.299</ele></trkpt>
   <trkpt lat="41.6386799587" lon="70.2052699518"><ele>1109.499</ele></trkpt>
   <trkpt lat="41.6386859937" lon="70.2052539424"><ele>1109.599</ele></trkpt>
   <trkpt lat="41.6386719959" lon="70.2052389388"><ele>1109.699</ele></trkpt>
   <trkpt lat="41.6386499934" lon="70.2052349993"><ele>1109.799</ele></trkpt>
   <trkpt lat="41.6386399771" lon="70.2052609832"><ele>1110.099</ele></trkpt>
   <trkpt lat="41.6387029671" lon="70.2052159724"><ele>1110.599</ele></trkpt>
   <trkpt lat="41.6386769832" lon="70.2053559502"><ele>1110.799</ele></trkpt>
   <trkpt lat="41.6386889693" lon="70.2053659246"><ele>1110.799</ele></trkpt>
   <trkpt lat="41.6386959682" lon="70.2053539385"><ele>1110.799</ele></trkpt>
   <trkpt lat="41.6386739657" lon="70.2053559502"><ele>1110.799</ele></trkpt>
   <trkpt lat="41.6386519632" lon="70.2052859613"><ele>1110.999</ele></trkpt>
   <trkpt lat="41.638665961" lon="70.2052919962"><ele>1111.099</ele></trkpt>
   <trkpt lat="41.6386499934" lon="70.2053239313"><ele>1111.199</ele></trkpt>
   <trkpt lat="41.6386819704" lon="70.2054649987"><ele>1111.699</ele></trkpt>
   <trkpt lat="41.6386439585" lon="70.2056649909"><ele>1112.499</ele></trkpt>
   <trkpt lat="41.638652969" lon="70.2057489776"><ele>1112.599</ele></trkpt>
   <trkpt lat="41.6386399771" lon="70.2058239956"><ele>1112.699</ele></trkpt>
   <trkpt lat="41.638652969" lon="70.2059209743"><ele>1112.799</ele></trkpt>
   <trkpt lat="41.6386279909" lon="70.206066987"><ele>1112.799</ele></trkpt>
   <trkpt lat="41.6386329782" lon="70.2061459445"><ele>1112.699</ele></trkpt>
   <trkpt lat="41.6387509954" lon="70.2063649637"><ele>1112.799</ele></trkpt>
   <trkpt lat="41.6388339762" lon="70.2064769459"><ele>1113.599</ele></trkpt>
   <trkpt lat="41.638922992" lon="70.2066699811"><ele>1116.099</ele></trkpt>
   <trkpt lat="41.6389439887" lon="70.2068209392"><ele>1118.099</ele></trkpt>
   <trkpt lat="41.6390039612" lon="70.2069129725"><ele>1119.699</ele></trkpt>
   <trkpt lat="41.639004967" lon="70.2069619228"><ele>1120.199</ele></trkpt>
   <trkpt lat="41.6389619679" lon="70.2070659422"><ele>1120.899</ele></trkpt>
   <trkpt lat="41.6392069709" lon="70.20738194"><ele>1120.199</ele></trkpt>
   <trkpt lat="41.6393339987" lon="70.2076379233"><ele>1118.699</ele></trkpt>
   <trkpt lat="41.6394279598" lon="70.2080499777"><ele>1117.099</ele></trkpt>
   <trkpt lat="41.6393999642" lon="70.208267991"><ele>1118.499</ele></trkpt>
   <trkpt lat="41.6394309773" lon="70.2084639599"><ele>1121.599</ele></trkpt>
   <trkpt lat="41.6393989584" lon="70.208557921"><ele>1123.499</ele></trkpt>
   <trkpt lat="41.6394399878" lon="70.2086249762"><ele>1125.099</ele></trkpt>
   <trkpt lat="41.639438982" lon="70.2086469368"><ele>1125.399</ele></trkpt>
   <trkpt lat="41.6394089748" lon="70.2087089629"><ele>1126.599</ele></trkpt>
   <trkpt lat="41.6393499662" lon="70.2087669657"><ele>1127.999</ele></trkpt>
   <trkpt lat="41.6393279637" lon="70.2088239626"><ele>1128.799</ele></trkpt>
   <trkpt lat="41.6393129601" lon="70.2089529601"><ele>1130.399</ele></trkpt>
   <trkpt lat="41.6393239823" lon="70.2090959554"><ele>1131.899</ele></trkpt>
   <trkpt lat="41.6393049973" lon="70.2091409662"><ele>1132.299</ele></trkpt>
   <trkpt lat="41.6392469945" lon="70.2091989689"><ele>1132.799</ele></trkpt>
   <trkpt lat="41.6391619601" lon="70.2093699598"><ele>1132.899</ele></trkpt>
   <trkpt lat="41.6391109981" lon="70.2094289684"><ele>1132.899</ele></trkpt>
   <trkpt lat="41.6390499779" lon="70.2095899847"><ele>1132.999</ele></trkpt>
   <trkpt lat="41.6389189687" lon="70.2097249334"><ele>1133.099</ele></trkpt>
   <trkpt lat="41.6388249657" lon="70.2097799187"><ele>1133.099</ele></trkpt>
   <trkpt lat="41.6387459662" lon="70.2099249256"><ele>1132.999</ele></trkpt>
   <trkpt lat="41.6387349859" lon="70.2100339741"><ele>1132.899</ele></trkpt>
   <trkpt lat="41.638709966" lon="70.2100609639"><ele>1132.799</ele></trkpt>
   <trkpt lat="41.6386729599" lon="70.2102079825"><ele>1132.699</ele></trkpt>
   <trkpt lat="41.6386599679" lon="70.21041292"><ele>1132.599</ele></trkpt>
   <trkpt lat="41.6386129873" lon="70.210581983"><ele>1132.499</ele></trkpt>
   <trkpt lat="41.6385699882" lon="70.2106449311"><ele>1132.499</ele></trkpt>
   <trkpt lat="41.6385549846" lon="70.2107099746"><ele>1132.599</ele></trkpt>
   <trkpt lat="41.6385539787" lon="70.2107869205"><ele>1132.599</ele></trkpt>
   <trkpt lat="41.6385849918" lon="70.2109399741"><ele>1132.699</ele></trkpt>
   <trkpt lat="41.638589979" lon="70.2110309177"><ele>1132.699</ele></trkpt>
   <trkpt lat="41.6385679765" lon="70.211160921"><ele>1132.599</ele></trkpt>
   <trkpt lat="41.638589979" lon="70.2112299879"><ele>1132.499</ele></trkpt>
   <trkpt lat="41.6385919907" lon="70.211298971"><ele>1132.499</ele></trkpt>
   <trkpt lat="41.6385819743" lon="70.2113289782"><ele>1132.499</ele></trkpt>
   <trkpt lat="41.6385549846" lon="70.2113289782"><ele>1132.499</ele></trkpt>
   <trkpt lat="41.6385329821" lon="70.2114649327"><ele>1132.399</ele></trkpt>
   <trkpt lat="41.638514961" lon="70.2114299801"><ele>1132.299</ele></trkpt>
   <trkpt lat="41.6385239715" lon="70.2114209277"><ele>1132.299</ele></trkpt>
   <trkpt lat="41.6385629893" lon="70.2115119551"><ele>1132.299</ele></trkpt>
   <trkpt lat="41.638564959" lon="70.2115759929"><ele>1132.199</ele></trkpt>
   <trkpt lat="41.6385859976" lon="70.2116269548"><ele>1132.199</ele></trkpt>
   <trkpt lat="41.6386769832" lon="70.2117439662"><ele>1131.999</ele></trkpt>
   <trkpt lat="41.6387469721" lon="70.2120289509"><ele>1131.699</ele></trkpt>
   <trkpt lat="41.6388519973" lon="70.212267919"><ele>1131.399</ele></trkpt>
   <trkpt lat="41.6388819626" lon="70.2123939828"><ele>1131.299</ele></trkpt>
   <trkpt lat="41.6388699765" lon="70.2125899517"><ele>1131.499</ele></trkpt>
   <trkpt lat="41.6389289851" lon="70.2128069592"><ele>1131.499</ele></trkpt>
   <trkpt lat="41.6390229881" lon="70.2129449253"><ele>1131.499</ele></trkpt>
   <trkpt lat="41.6390649815" lon="70.2130509564"><ele>1131.599</ele></trkpt>
   <trkpt lat="41.6391089865" lon="70.2131089591"><ele>1131.799</ele></trkpt>
   <trkpt lat="41.6391019876" lon="70.213222953"><ele>1129.599</ele></trkpt>
   <trkpt lat="41.6391719765" lon="70.2133609192"><ele>1123.099</ele></trkpt>
   <trkpt lat="41.6391549612" lon="70.2134859771"><ele>1125.399</ele></trkpt>
   <trkpt lat="41.6391899976" lon="70.2136139688"><ele>1127.899</ele></trkpt>
   <trkpt lat="41.6391679951" lon="70.2137139649"><ele>1129.799</ele></trkpt>
   <trkpt lat="41.639168959" lon="70.2138379333"><ele>1132.099</ele></trkpt>
   <trkpt lat="41.6391539973" lon="70.2139189863"><ele>1133.699</ele></trkpt>
   <trkpt lat="41.6391819928" lon="70.2139799227"><ele>1134.999</ele></trkpt>
   <trkpt lat="41.6392309851" lon="70.2139709541"><ele>1136.399</ele></trkpt>
   <trkpt lat="41.6392559631" lon="70.2140059904"><ele>1137.199</ele></trkpt>
   <trkpt lat="41.639287982" lon="70.214159966"><ele>1140.099</ele></trkpt>
   <trkpt lat="41.6393369742" lon="70.2142969263"><ele>1139.899</ele></trkpt>
   <trkpt lat="41.6393429673" lon="70.2143459604"><ele>1139.299</ele></trkpt>
   <trkpt lat="41.6393329928" lon="70.214360964"><ele>1139.099</ele></trkpt>
   <trkpt lat="41.6393529837" lon="70.2144309529"><ele>1138.199</ele></trkpt>
   <trkpt lat="41.6393469906" lon="70.2145209746"><ele>1136.999</ele></trkpt>
   <trkpt lat="41.6392969925" lon="70.2145789773"><ele>1135.799</ele></trkpt>
   <trkpt lat="41.6392589806" lon="70.2147119981"><ele>1133.399</ele></trkpt>
   <trkpt lat="41.6392549992" lon="70.2147489623"><ele>1132.699</ele></trkpt>
   <trkpt lat="41.6392839587" lon="70.2148719248"><ele>1129.999</ele></trkpt>
   <trkpt lat="41.6392429712" lon="70.2149409917"><ele>1129.099</ele></trkpt>
   <trkpt lat="41.6392299792" lon="70.2149989945"><ele>1129.399</ele></trkpt>
   <trkpt lat="41.6392529876" lon="70.2151109767"><ele>1130.099</ele></trkpt>
   <trkpt lat="41.6392319909" lon="70.2153019165"><ele>1131.499</ele></trkpt>
   <trkpt lat="41.6392509759" lon="70.2155779325"><ele>1132.699</ele></trkpt>
   <trkpt lat="41.639224992" lon="70.2157279686"><ele>1132.399</ele></trkpt>
   <trkpt lat="41.639268997" lon="70.2158609894"><ele>1131.599</ele></trkpt>
   <trkpt lat="41.6392489642" lon="70.21593299"><ele>1131.099</ele></trkpt>
   <trkpt lat="41.6391679951" lon="70.2160679386"><ele>1129.999</ele></trkpt>
   <trkpt lat="41.6391789754" lon="70.2161749755"><ele>1129.599</ele></trkpt>
   <trkpt lat="41.6391709706" lon="70.2163339802"><ele>1129.799</ele></trkpt>
   <trkpt lat="41.6391299831" lon="70.2164339763"><ele>1130.399</ele></trkpt>
   <trkpt lat="41.6391009817" lon="70.2165589505"><ele>1131.099</ele></trkpt>
   <trkpt lat="41.6391129679" lon="70.2167969965"><ele>1131.699</ele></trkpt>
   <trkpt lat="41.6392229803" lon="70.216976956"><ele>1131.799</ele></trkpt>
   <trkpt lat="41.6392909995" lon="70.2171639563"><ele>1131.999</ele></trkpt>
   <trkpt lat="41.6393349626" lon="70.2172189415"><ele>1132.099</ele></trkpt>
   <trkpt lat="41.6393969887" lon="70.2175269765"><ele>1133.299</ele></trkpt>
   <trkpt lat="41.6394379762" lon="70.2178399567"><ele>1134.799</ele></trkpt>
   <trkpt lat="41.6394379762" lon="70.2179509331"><ele>1134.899</ele></trkpt>
   <trkpt lat="41.6394059992" lon="70.2180539467"><ele>1134.899</ele></trkpt>
   <trkpt lat="41.6393839967" lon="70.2182139573"><ele>1134.899</ele></trkpt>
   <trkpt lat="41.6393839967" lon="70.2183909831"><ele>1135.199</ele></trkpt>
   <trkpt lat="41.6393329928" lon="70.2184839384"><ele>1135.499</ele></trkpt>
   <trkpt lat="41.6393479964" lon="70.2185919811"><ele>1135.799</ele></trkpt>
   <trkpt lat="41.6393399917" lon="70.2186779794"><ele>1136.199</ele></trkpt>
   <trkpt lat="41.6393749862" lon="70.2187829209"><ele>1136.599</ele></trkpt>
   <trkpt lat="41.6393449789" lon="70.2188779716"><ele>1136.799</ele></trkpt>
   <trkpt lat="41.6393299753" lon="70.2190269181"><ele>1136.699</ele></trkpt>
   <trkpt lat="41.6392969925" lon="70.2190189553"><ele>1136.699</ele></trkpt>
   <trkpt lat="41.6393349626" lon="70.2191169397"><ele>1136.799</ele></trkpt>
   <trkpt lat="41.6393209648" lon="70.2191749425"><ele>1136.899</ele></trkpt>
   <trkpt lat="41.6393239823" lon="70.2193799638"><ele>1137.499</ele></trkpt>
   <trkpt lat="41.6393039914" lon="70.2194199455"><ele>1137.599</ele></trkpt>
   <trkpt lat="41.6392759959" lon="70.2196019166"><ele>1137.999</ele></trkpt>
   <trkpt lat="41.6392799773" lon="70.219724963"><ele>1138.399</ele></trkpt>
   <trkpt lat="41.6392589806" lon="70.2198559721"><ele>1138.699</ele></trkpt>
   <trkpt lat="41.6393479964" lon="70.2200259571"><ele>1139.099</ele></trkpt>
   <trkpt lat="41.6394289656" lon="70.2202379354"><ele>1139.299</ele></trkpt>
   <trkpt lat="41.6394399878" lon="70.2203119476"><ele>1139.499</ele></trkpt>
   <trkpt lat="41.6394209609" lon="70.2204959304"><ele>1140.199</ele></trkpt>
   <trkpt lat="41.6394309773" lon="70.2206689329"><ele>1140.499</ele></trkpt>
   <trkpt lat="41.6394649659" lon="70.2207369939"><ele>1140.599</ele></trkpt>
   <trkpt lat="41.6396099728" lon="70.2209169534"><ele>1140.899</ele></trkpt>
   <trkpt lat="41.6396369625" lon="70.2211429295"><ele>1141.499</ele></trkpt>
   <trkpt lat="41.6396259822" lon="70.2212549956"><ele>1141.799</ele></trkpt>
   <trkpt lat="41.639658965" lon="70.221359937"><ele>1141.999</ele></trkpt>
   <trkpt lat="41.6396899781" lon="70.2215589234"><ele>1142.199</ele></trkpt>
   <trkpt lat="41.6396939595" lon="70.2217859891"><ele>1142.699</ele></trkpt>
   <trkpt lat="41.6396689814" lon="70.2219219436"><ele>1142.799</ele></trkpt>
   <trkpt lat="41.6395399839" lon="70.2222939325"><ele>1143.099</ele></trkpt>
   <trkpt lat="41.6395609806" lon="70.2223899891"><ele>1143.299</ele></trkpt>
   <trkpt lat="41.6395659678" lon="70.2225239319"><ele>1143.799</ele></trkpt>
   <trkpt lat="41.6396119845" lon="70.2226089244"><ele>1144.299</ele></trkpt>
   <trkpt lat="41.6396139961" lon="70.2226649993"><ele>1144.499</ele></trkpt>
   <trkpt lat="41.6395969809" lon="70.2227409394"><ele>1144.699</ele></trkpt>
   <trkpt lat="41.6395399839" lon="70.2228039713"><ele>1145.099</ele></trkpt>
   <trkpt lat="41.6394999603" lon="70.2229779796"><ele>1145.399</ele></trkpt>
   <trkpt lat="41.6394979906" lon="70.2230719407"><ele>1145.599</ele></trkpt>
   <trkpt lat="41.6395249803" lon="70.223207979"><ele>1145.799</ele></trkpt>
   <trkpt lat="41.6395299675" lon="70.2233589371"><ele>1145.899</ele></trkpt>
   <trkpt lat="41.6394999603" lon="70.2235059557"><ele>1146.299</ele></trkpt>
   <trkpt lat="41.6395349967" lon="70.223673929"><ele>1146.799</ele></trkpt>
   <trkpt lat="41.6395199931" lon="70.2239399706"><ele>1147.699</ele></trkpt>
   <trkpt lat="41.639564962" lon="70.2241429803"><ele>1148.399</ele></trkpt>
   <trkpt lat="41.6395399839" lon="70.2243299806"><ele>1148.899</ele></trkpt>
   <trkpt lat="41.6395669736" lon="70.2244449803"><ele>1149.199</ele></trkpt>
   <trkpt lat="41.6395629922" lon="70.2245829464"><ele>1149.699</ele></trkpt>
   <trkpt lat="41.6394299714" lon="70.2248899755"><ele>1151.299</ele></trkpt>
   <trkpt lat="41.6394149678" lon="70.2249829308"><ele>1151.399</ele></trkpt>
   <trkpt lat="41.6394179853" lon="70.2251179633"><ele>1151.299</ele></trkpt>
   <trkpt lat="41.6393769978" lon="70.2253779699"><ele>1151.399</ele></trkpt>
   <trkpt lat="41.6394049934" lon="70.225565976"><ele>1151.899</ele></trkpt>
   <trkpt lat="41.6394099806" lon="70.2258789563"><ele>1152.599</ele></trkpt>
   <trkpt lat="41.6394549914" lon="70.226125971"><ele>1152.199</ele></trkpt>
   <trkpt lat="41.6394489984" lon="70.2263019909"><ele>1151.399</ele></trkpt>
   <trkpt lat="41.6394659717" lon="70.2264079382"><ele>1150.799</ele></trkpt>
   <trkpt lat="41.6394749823" lon="70.2266559587"><ele>1149.299</ele></trkpt>
   <trkpt lat="41.6395069592" lon="70.226710944"><ele>1148.899</ele></trkpt>
   <trkpt lat="41.6396139961" lon="70.2270259359"><ele>1148.799</ele></trkpt>
   <trkpt lat="41.6397639903" lon="70.227169937"><ele>1149.499</ele></trkpt>
   <trkpt lat="41.6397919858" lon="70.2272289456"><ele>1149.599</ele></trkpt>
   <trkpt lat="41.6397809636" lon="70.2272779797"><ele>1149.699</ele></trkpt>
   <trkpt lat="41.6398449595" lon="70.2273609606"><ele>1149.899</ele></trkpt>
   <trkpt lat="41.6398819656" lon="70.2274429356"><ele>1150.099</ele></trkpt>
   <trkpt lat="41.6399839733" lon="70.2274669916"><ele>1150.299</ele></trkpt>
   <trkpt lat="41.6400389586" lon="70.2273539198"><ele>1149.999</ele></trkpt>
   <trkpt lat="41.6400479692" lon="70.2273759642"><ele>1149.699</ele></trkpt>
   <trkpt lat="41.6400539622" lon="70.2273549256"><ele>1149.599</ele></trkpt>
   <trkpt lat="41.6400729891" lon="70.2273829212"><ele>1149.399</ele></trkpt>
   <trkpt lat="41.6401049661" lon="70.2273589489"><ele>1148.899</ele></trkpt>
   <trkpt lat="41.6401309919" lon="70.2274159458"><ele>1148.699</ele></trkpt>
   <trkpt lat="41.6401169941" lon="70.2273989306"><ele>1148.599</ele></trkpt>
   <trkpt lat="41.6401109592" lon="70.2274109167"><ele>1148.499</ele></trkpt>
   <trkpt lat="41.6401339675" lon="70.2274339669"><ele>1148.199</ele></trkpt>
   <trkpt lat="41.6401439839" lon="70.2274239925"><ele>1148.199</ele></trkpt>
   <trkpt lat="41.6401399606" lon="70.2274349728"><ele>1148.099</ele></trkpt>
   <trkpt lat="41.6401659864" lon="70.2274419297"><ele>1147.899</ele></trkpt>
   <trkpt lat="41.6402219775" lon="70.22741494"><ele>1147.499</ele></trkpt>
   <trkpt lat="41.6402529905" lon="70.2274269261"><ele>1147.199</ele></trkpt>
   <trkpt lat="41.6402469975" lon="70.2274399181"><ele>1147.099</ele></trkpt>
   <trkpt lat="41.6403339597" lon="70.2275799797"><ele>1145.599</ele></trkpt>
   <trkpt lat="41.6404329919" lon="70.2275839192"><ele>1145.599</ele></trkpt>
   <trkpt lat="41.6404649688" lon="70.2276089811"><ele>1145.799</ele></trkpt>
   <trkpt lat="41.6405069622" lon="70.22776698"><ele>1147.099</ele></trkpt>
   <trkpt lat="41.6405099797" lon="70.2278639586"><ele>1148.899</ele></trkpt>
   <trkpt lat="41.6405369694" lon="70.2279359591"><ele>1151.499</ele></trkpt>
   <trkpt lat="41.640564965" lon="70.2278879308"><ele>1153.699</ele></trkpt>
   <trkpt lat="41.6407129894" lon="70.2277879347"><ele>1162.399</ele></trkpt>
   <trkpt lat="41.6407439605" lon="70.2277419181"><ele>1164.799</ele></trkpt>
   <trkpt lat="41.6407669688" lon="70.2277389844"><ele>1166.099</ele></trkpt>
   <trkpt lat="41.6407419907" lon="70.2280969755"><ele>1176.999</ele></trkpt>
   <trkpt lat="41.6407019672" lon="70.2281549783"><ele>1178.599</ele></trkpt>
   <trkpt lat="41.6405479916" lon="70.2281469316"><ele>1181.399</ele></trkpt>
   <trkpt lat="41.6405729697" lon="70.2281709877"><ele>1181.699</ele></trkpt>
   <trkpt lat="41.6405919966" lon="70.2281619352"><ele>1181.899</ele></trkpt>
   <trkpt lat="41.6405659708" lon="70.2281859913"><ele>1181.999</ele></trkpt>
   <trkpt lat="41.6405539847" lon="70.2282389649"><ele>1181.999</ele></trkpt>
   <trkpt lat="41.6405399869" lon="70.2282209438"><ele>1181.899</ele></trkpt>
   <trkpt lat="41.6405699941" lon="70.228181968"><ele>1181.299</ele></trkpt>
   <trkpt lat="41.6405569602" lon="70.2281979774"><ele>1181.099</ele></trkpt>
   <trkpt lat="41.6405659708" lon="70.2282119752"><ele>1180.799</ele></trkpt>
   <trkpt lat="41.6405809744" lon="70.2281699819"><ele>1180.199</ele></trkpt>
   <trkpt lat="41.6406139991" lon="70.22814492"><ele>1179.499</ele></trkpt>
   <trkpt lat="41.6406679785" lon="70.2281789505"><ele>1178.199</ele></trkpt>
   <trkpt lat="41.6407059905" lon="70.2281609294"><ele>1177.199</ele></trkpt>
   <trkpt lat="41.6407379674" lon="70.2281799563"><ele>1176.399</ele></trkpt>
   <trkpt lat="41.6407299627" lon="70.228294956"><ele>1173.899</ele></trkpt>
   <trkpt lat="41.6407799608" lon="70.2283799485"><ele>1171.799</ele></trkpt>
   <trkpt lat="41.6408669649" lon="70.2286229399"><ele>1166.499</ele></trkpt>
   <trkpt lat="41.6409559807" lon="70.2287579724"><ele>1163.399</ele></trkpt>
   <trkpt lat="41.6410309988" lon="70.2287969482"><ele>1161.799</ele></trkpt>
   <trkpt lat="41.6410839724" lon="70.2288649255"><ele>1160.399</ele></trkpt>
   <trkpt lat="41.6411149854" lon="70.2289579646"><ele>1158.999</ele></trkpt>
   <trkpt lat="41.6410979702" lon="70.2290389338"><ele>1157.899</ele></trkpt>
   <trkpt lat="41.6411069807" lon="70.2290859562"><ele>1157.299</ele></trkpt>
   <trkpt lat="41.6414219726" lon="70.2295019501"><ele>1152.999</ele></trkpt>
   <trkpt lat="41.6414929674" lon="70.2297279262"><ele>1151.499</ele></trkpt>
   <trkpt lat="41.6415449771" lon="70.2298369748"><ele>1150.899</ele></trkpt>
   <trkpt lat="41.6415949751" lon="70.230074937"><ele>1151.099</ele></trkpt>
   <trkpt lat="41.6416309754" lon="70.2301469375"><ele>1151.599</ele></trkpt>
   <trkpt lat="41.6416659698" lon="70.2302919445"><ele>1153.199</ele></trkpt>
   <trkpt lat="41.6416499604" lon="70.2303789486"><ele>1154.299</ele></trkpt>
   <trkpt lat="41.6416829851" lon="70.2305449941"><ele>1156.299</ele></trkpt>
   <trkpt lat="41.641658971" lon="70.2307139733"><ele>1157.499</ele></trkpt>
   <trkpt lat="41.6417379704" lon="70.2309199167"><ele>1158.599</ele></trkpt>
   <trkpt lat="41.6417309715" lon="70.2310199966"><ele>1159.199</ele></trkpt>
   <trkpt lat="41.6417579612" lon="70.2310839505"><ele>1159.599</ele></trkpt>
   <trkpt lat="41.6417859987" lon="70.2313059871"><ele>1159.899</ele></trkpt>
   <trkpt lat="41.6417729648" lon="70.2314079949"><ele>1159.799</ele></trkpt>
   <trkpt lat="41.6417519682" lon="70.2314059832"><ele>1159.699</ele></trkpt>
   <trkpt lat="41.6417729648" lon="70.2314089169"><ele>1159.699</ele></trkpt>
   <trkpt lat="41.6417999965" lon="70.231558953"><ele>1159.899</ele></trkpt>
   <trkpt lat="41.641846977" lon="70.2316609607"><ele>1160.299</ele></trkpt>
   <trkpt lat="41.641840984" lon="70.2317549218"><ele>1160.399</ele></trkpt>
   <trkpt lat="41.6419119787" lon="70.2318759565"><ele>1160.299</ele></trkpt>
   <trkpt lat="41.642016962" lon="70.2321959776"><ele>1159.499</ele></trkpt>
   <trkpt lat="41.6420769765" lon="70.232312989"><ele>1159.699</ele></trkpt>
   <trkpt lat="41.6421339734" lon="70.232683972"><ele>1160.799</ele></trkpt>
   <trkpt lat="41.642129992" lon="70.232809952"><ele>1161.199</ele></trkpt>
   <trkpt lat="41.642211967" lon="70.2331479942"><ele>1160.799</ele></trkpt>
   <trkpt lat="41.6422109612" lon="70.2332459786"><ele>1160.299</ele></trkpt>
   <trkpt lat="41.6422359812" lon="70.2333309711"><ele>1159.699</ele></trkpt>
   <trkpt lat="41.642255972" lon="70.2336279419"><ele>1156.299</ele></trkpt>
   <trkpt lat="41.6422409684" lon="70.2339889505"><ele>1151.699</ele></trkpt>
   <trkpt lat="41.6422489731" lon="70.2340699197"><ele>1150.999</ele></trkpt>
   <trkpt lat="41.6422299881" lon="70.2342509688"><ele>1149.799</ele></trkpt>
   <trkpt lat="41.642167962" lon="70.2344279946"><ele>1148.999</ele></trkpt>
   <trkpt lat="41.6421159942" lon="70.2350299829"><ele>1149.699</ele></trkpt>
   <trkpt lat="41.642016962" lon="70.2353829448"><ele>1150.099</ele></trkpt>
   <trkpt lat="41.642054974" lon="70.235544967"><ele>1149.999</ele></trkpt>
   <trkpt lat="41.6420089992" lon="70.2357229986"><ele>1149.999</ele></trkpt>
   <trkpt lat="41.6419939956" lon="70.2358579473"><ele>1150.199</ele></trkpt>
   <trkpt lat="41.6420199795" lon="70.2359329653"><ele>1150.399</ele></trkpt>
   <trkpt lat="41.6420829695" lon="70.2360199695"><ele>1150.599</ele></trkpt>
   <trkpt lat="41.6421479712" lon="70.2361789742"><ele>1150.899</ele></trkpt>
   <trkpt lat="41.642211967" lon="70.2362629608"><ele>1150.999</ele></trkpt>
   <trkpt lat="41.6422669942" lon="70.2364149247"><ele>1151.199</ele></trkpt>
   <trkpt lat="41.6423329598" lon="70.2365049464"><ele>1151.499</ele></trkpt>
   <trkpt lat="41.6423789764" lon="70.2365349536"><ele>1151.699</ele></trkpt>
   <trkpt lat="41.6423849695" lon="70.2366189403"><ele>1152.099</ele></trkpt>
   <trkpt lat="41.6424079778" lon="70.2366579999"><ele>1152.399</ele></trkpt>
   <trkpt lat="41.6424259989" lon="70.2367489436"><ele>1152.999</ele></trkpt>
   <trkpt lat="41.6424789725" lon="70.2367889253"><ele>1153.799</ele></trkpt>
   <trkpt lat="41.6425399928" lon="70.2368819644"><ele>1154.799</ele></trkpt>
   <trkpt lat="41.6427309745" lon="70.237022948"><ele>1155.599</ele></trkpt>
   <trkpt lat="41.6427879714" lon="70.2371119638"><ele>1155.499</ele></trkpt>
   <trkpt lat="41.6428629894" lon="70.2371689607"><ele>1155.399</ele></trkpt>
   <trkpt lat="41.6429569925" lon="70.237280943"><ele>1154.699</ele></trkpt>
   <trkpt lat="41.6429809647" lon="70.2373729763"><ele>1154.399</ele></trkpt>
   <trkpt lat="41.6429759775" lon="70.2374979504"><ele>1154.299</ele></trkpt>
   <trkpt lat="41.6429909811" lon="70.237606999"><ele>1154.499</ele></trkpt>
   <trkpt lat="41.6430429908" lon="70.2377299615"><ele>1154.799</ele></trkpt>
   <trkpt lat="41.6431729941" lon="70.2379369945"><ele>1155.399</ele></trkpt>
   <trkpt lat="41.6431979722" lon="70.2381199715"><ele>1155.999</ele></trkpt>
   <trkpt lat="41.6432199747" lon="70.2381659881"><ele>1156.299</ele></trkpt>
   <trkpt lat="41.6433039614" lon="70.2382659842"><ele>1156.799</ele></trkpt>
   <trkpt lat="41.6433539594" lon="70.2382859332"><ele>1156.999</ele></trkpt>
   <trkpt lat="41.6433949888" lon="70.2383319498"><ele>1157.199</ele></trkpt>
   <trkpt lat="41.643469965" lon="70.2384849195"><ele>1157.499</ele></trkpt>
   <trkpt lat="41.6435129641" lon="70.2385099814"><ele>1157.599</ele></trkpt>
   <trkpt lat="41.6437409938" lon="70.2387779509"><ele>1158.899</ele></trkpt>
   <trkpt lat="41.6438489946" lon="70.2388769412"><ele>1159.699</ele></trkpt>
   <trkpt lat="41.6439299638" lon="70.2391629317"><ele>1160.299</ele></trkpt>
   <trkpt lat="41.643984991" lon="70.2392199286"><ele>1160.599</ele></trkpt>
   <trkpt lat="41.6439989888" lon="70.2392639336"><ele>1160.699</ele></trkpt>
   <trkpt lat="41.6440189796" lon="70.2394469944"><ele>1161.099</ele></trkpt>
   <trkpt lat="41.6440639904" lon="70.239468955"><ele>1161.199</ele></trkpt>
   <trkpt lat="41.6440929918" lon="70.2394519397"><ele>1161.299</ele></trkpt>
   <trkpt lat="41.6441949996" lon="70.2394479164"><ele>1161.599</ele></trkpt>
   <trkpt lat="41.6443009887" lon="70.239556965"><ele>1161.999</ele></trkpt>
   <trkpt lat="41.6443319599" lon="70.2396449749"><ele>1162.299</ele></trkpt>
   <trkpt lat="41.644324961" lon="70.2397539397"><ele>1162.699</ele></trkpt>
   <trkpt lat="41.6443819998" lon="70.2398719569"><ele>1163.199</ele></trkpt>
   <trkpt lat="41.644443984" lon="70.2399489866"><ele>1163.499</ele></trkpt>
   <trkpt lat="41.6445219776" lon="70.239965918"><ele>1163.799</ele></trkpt>
   <trkpt lat="41.6445959898" lon="70.2400329732"><ele>1164.099</ele></trkpt>
   <trkpt lat="41.6447189943" lon="70.2402259247"><ele>1164.899</ele></trkpt>
   <trkpt lat="41.6447429665" lon="70.2403029543"><ele>1165.299</ele></trkpt>
   <trkpt lat="41.6448039868" lon="70.2403789782"><ele>1165.699</ele></trkpt>
   <trkpt lat="41.6448729698" lon="70.2404249949"><ele>1166.099</ele></trkpt>
   <trkpt lat="41.6449779951" lon="70.2405429282"><ele>1166.899</ele></trkpt>
   <trkpt lat="41.6451079984" lon="70.2405439341"><ele>1168.499</ele></trkpt>
   <trkpt lat="41.6452099642" lon="70.240606966"><ele>1170.599</ele></trkpt>
   <trkpt lat="41.6452889637" lon="70.2406839957"><ele>1172.699</ele></trkpt>
   <trkpt lat="41.6453859842" lon="70.2407099796"><ele>1175.099</ele></trkpt>
   <trkpt lat="41.6454949908" lon="70.2407819801"><ele>1178.099</ele></trkpt>
   <trkpt lat="41.6456099906" lon="70.240814921"><ele>1180.799</ele></trkpt>
   <trkpt lat="41.645770965" lon="70.2407759451"><ele>1184.299</ele></trkpt>
   <trkpt lat="41.6458489586" lon="70.2408689843"><ele>1186.799</ele></trkpt>
   <trkpt lat="41.6458949753" lon="70.2409529709"><ele>1188.599</ele></trkpt>
   <trkpt lat="41.6459409919" lon="70.2409559884"><ele>1189.399</ele></trkpt>
   <trkpt lat="41.646034995" lon="70.2408859995"><ele>1190.099</ele></trkpt>
   <trkpt lat="41.6460609789" lon="70.240895974"><ele>1189.899</ele></trkpt>
   <trkpt lat="41.6461709913" lon="70.2410229598"><ele>1187.299</ele></trkpt>
   <trkpt lat="41.6462479791" lon="70.2410419867"><ele>1185.099</ele></trkpt>
   <trkpt lat="41.6462729991" lon="70.2411459223"><ele>1182.499</ele></trkpt>
   <trkpt lat="41.6462639886" lon="70.241197974"><ele>1181.199</ele></trkpt>
   <trkpt lat="41.6462149963" lon="70.2412779373"><ele>1178.499</ele></trkpt>
   <trkpt lat="41.6462169661" lon="70.2414729842"><ele>1173.599</ele></trkpt>
   <trkpt lat="41.6462789922" lon="70.2417959389"><ele>1168.199</ele></trkpt>
   <trkpt lat="41.6463579916" lon="70.2420899761"><ele>1167.399</ele></trkpt>
   <trkpt lat="41.6463369949" lon="70.242234983"><ele>1167.399</ele></trkpt>
   <trkpt lat="41.6463569858" lon="70.2424169541"><ele>1167.399</ele></trkpt>
   <trkpt lat="41.6465249591" lon="70.2426769608"><ele>1167.599</ele></trkpt>
   <trkpt lat="41.6465749991" lon="70.2427989175"><ele>1167.799</ele></trkpt>
   <trkpt lat="41.6466329599" lon="70.2428359655"><ele>1167.899</ele></trkpt>
   <trkpt lat="41.6467289746" lon="70.2430199483"><ele>1168.399</ele></trkpt>
   <trkpt lat="41.6468479977" lon="70.2432009974"><ele>1168.699</ele></trkpt>
   <trkpt lat="41.646952981" lon="70.2432829724"><ele>1168.799</ele></trkpt>
   <trkpt lat="41.646983994" lon="70.2433409751"><ele>1168.799</ele></trkpt>
   <trkpt lat="41.6470639993" lon="70.2434159932"><ele>1169.199</ele></trkpt>
   <trkpt lat="41.647084996" lon="70.2434189268"><ele>1169.299</ele></trkpt>
   <trkpt lat="41.6471189846" lon="70.2433699765"><ele>1169.899</ele></trkpt>
   <trkpt lat="41.6471959724" lon="70.2433599182"><ele>1170.999</ele></trkpt>
   <trkpt lat="41.6473079965" lon="70.2434929391"><ele>1173.399</ele></trkpt>
   <trkpt lat="41.647361976" lon="70.243624954"><ele>1174.899</ele></trkpt>
   <trkpt lat="41.6475739962" lon="70.2439629962"><ele>1175.299</ele></trkpt>
   <trkpt lat="41.6477059693" lon="70.244102974"><ele>1173.999</ele></trkpt>
   <trkpt lat="41.6477849687" lon="70.2440939215"><ele>1172.999</ele></trkpt>
   <trkpt lat="41.6479029859" lon="70.2441709512"><ele>1171.599</ele></trkpt>
   <trkpt lat="41.6479679876" lon="70.2442469751"><ele>1170.699</ele></trkpt>
   <trkpt lat="41.6480799698" lon="70.2442759764"><ele>1170.099</ele></trkpt>
   <trkpt lat="41.6481449714" lon="70.2443299559"><ele>1169.999</ele></trkpt>
   <trkpt lat="41.648279962" lon="70.2445359831"><ele>1169.799</ele></trkpt>
   <trkpt lat="41.6483539742" lon="70.2446179581"><ele>1169.799</ele></trkpt>
   <trkpt lat="41.6483939978" lon="70.2447029506"><ele>1169.899</ele></trkpt>
   <trkpt lat="41.6484079956" lon="70.2447859314"><ele>1169.899</ele></trkpt>
   <trkpt lat="41.6484889648" lon="70.2449339558"><ele>1169.999</ele></trkpt>
   <trkpt lat="41.6485999831" lon="70.2450229717"><ele>1170.199</ele></trkpt>
   <trkpt lat="41.6486839697" lon="70.2450289228"><ele>1170.499</ele></trkpt>
   <trkpt lat="41.648851985" lon="70.2451149211"><ele>1170.999</ele></trkpt>
   <trkpt lat="41.64902197" lon="70.2452419908"><ele>1170.999</ele></trkpt>
   <trkpt lat="41.6491959783" lon="70.2454459225"><ele>1170.299</ele></trkpt>
   <trkpt lat="41.6493879658" lon="70.2456109622"><ele>1169.899</ele></trkpt>
   <trkpt lat="41.6494349883" lon="70.2456859802"><ele>1169.999</ele></trkpt>
   <trkpt lat="41.6495649916" lon="70.2458089427"><ele>1169.899</ele></trkpt>
   <trkpt lat="41.6496399677" lon="70.2459059213"><ele>1169.799</ele></trkpt>
   <trkpt lat="41.649794991" lon="70.246152936"><ele>1169.699</ele></trkpt>
   <trkpt lat="41.6499049616" lon="70.2462549438"><ele>1170.499</ele></trkpt>
   <trkpt lat="41.6499419677" lon="70.246378996"><ele>1171.199</ele></trkpt>
   <trkpt lat="41.6500229788" lon="70.2465479751"><ele>1171.799</ele></trkpt>
   <trkpt lat="41.6500799757" lon="70.2466089954"><ele>1171.899</ele></trkpt>
   <trkpt lat="41.6501139643" lon="70.246699939"><ele>1171.899</ele></trkpt>
   <trkpt lat="41.6502199954" lon="70.2468619612"><ele>1171.599</ele></trkpt>
   <trkpt lat="41.6502999588" lon="70.2469439362"><ele>1171.099</ele></trkpt>
   <trkpt lat="41.6503909862" lon="70.2471489576"><ele>1169.299</ele></trkpt>
   <trkpt lat="41.6505129848" lon="70.2473179367"><ele>1168.199</ele></trkpt>
   <trkpt lat="41.6506169623" lon="70.2473969781"><ele>1168.399</ele></trkpt>
   <trkpt lat="41.6507149887" lon="70.2475529653"><ele>1169.199</ele></trkpt>
   <trkpt lat="41.6507939881" lon="70.2476469264"><ele>1169.499</ele></trkpt>
   <trkpt lat="41.6508879912" lon="70.2476919373"><ele>1169.599</ele></trkpt>
   <trkpt lat="41.6509379892" lon="70.2476949547"><ele>1169.499</ele></trkpt>
   <trkpt lat="41.6509749953" lon="70.2477319189"><ele>1169.499</ele></trkpt>
   <trkpt lat="41.6510309864" lon="70.2478589886"><ele>1169.499</ele></trkpt>
   <trkpt lat="41.6510949823" lon="70.2481199172"><ele>1169.799</ele></trkpt>
   <trkpt lat="41.6511039928" lon="70.2485139505"><ele>1170.399</ele></trkpt>
   <trkpt lat="41.6511769992" lon="70.2486439538"><ele>1170.599</ele></trkpt>
   <trkpt lat="41.6512069645" lon="70.2487719455"><ele>1170.899</ele></trkpt>
   <trkpt lat="41.6512059587" lon="70.2490519849"><ele>1171.499</ele></trkpt>
   <trkpt lat="41.6511879795" lon="70.2491529868"><ele>1171.699</ele></trkpt>
   <trkpt lat="41.6512129995" lon="70.2492549946"><ele>1171.899</ele></trkpt>
   <trkpt lat="41.6512069645" lon="70.249346944"><ele>1172.099</ele></trkpt>
   <trkpt lat="41.6512379775" lon="70.2496279893"><ele>1172.699</ele></trkpt>
   <trkpt lat="41.6513069606" lon="70.2497979743"><ele>1173.099</ele></trkpt>
   <trkpt lat="41.6513439667" lon="70.2498479304"><ele>1173.299</ele></trkpt>
   <trkpt lat="41.6513639995" lon="70.2499529556"><ele>1173.499</ele></trkpt>
   <trkpt lat="41.6513639995" lon="70.2501839609"><ele>1173.899</ele></trkpt>
   <trkpt lat="41.6513159711" lon="70.2505409462"><ele>1174.899</ele></trkpt>
   <trkpt lat="41.651486962" lon="70.2508499869"><ele>1176.799</ele></trkpt>
   <trkpt lat="41.6515159634" lon="70.2509659925"><ele>1177.199</ele></trkpt>
   <trkpt lat="41.6515199867" lon="70.2510499791"><ele>1177.499</ele></trkpt>
   <trkpt lat="41.6515399775" lon="70.2510939841"><ele>1177.799</ele></trkpt>
   <trkpt lat="41.6516699808" lon="70.2511649788"><ele>1179.399</ele></trkpt>
   <trkpt lat="41.6516889658" lon="70.2512289328"><ele>1180.199</ele></trkpt>
   <trkpt lat="41.6517249661" lon="70.2512769611"><ele>1180.899</ele></trkpt>
   <trkpt lat="41.6518189692" lon="70.2513589361"><ele>1182.399</ele></trkpt>
   <trkpt lat="41.6518849766" lon="70.2516629477"><ele>1183.799</ele></trkpt>
   <trkpt lat="41.6518879941" lon="70.2517689788"><ele>1184.199</ele></trkpt>
   <trkpt lat="41.6518679614" lon="70.2519369521"><ele>1185.199</ele></trkpt>
   <trkpt lat="41.6518179633" lon="70.2520079468"><ele>1186.499</ele></trkpt>
   <trkpt lat="41.6517949969" lon="70.252087994"><ele>1188.299</ele></trkpt>
   <trkpt lat="41.6517989783" lon="70.2523259563"><ele>1194.999</ele></trkpt>
   <trkpt lat="41.651806983" lon="70.2523689554"><ele>1196.399</ele></trkpt>
   <trkpt lat="41.6518329669" lon="70.2523999685"><ele>1197.799</ele></trkpt>
   <trkpt lat="41.6518269739" lon="70.2524879784"><ele>1200.099</ele></trkpt>
   <trkpt lat="41.6518899639" lon="70.2525789221"><ele>1202.699</ele></trkpt>
   <trkpt lat="41.6519459969" lon="70.2527959296"><ele>1204.299</ele></trkpt>
   <trkpt lat="41.6520049636" lon="70.2529579518"><ele>1202.199</ele></trkpt>
   <trkpt lat="41.6520079811" lon="70.253106982"><ele>1199.699</ele></trkpt>
   <trkpt lat="41.6519809913" lon="70.2532599517"><ele>1196.999</ele></trkpt>
   <trkpt lat="41.6519469608" lon="70.2533529908"><ele>1195.499</ele></trkpt>
   <trkpt lat="41.651976968" lon="70.2534429287"><ele>1194.499</ele></trkpt>
   <trkpt lat="41.6519699691" lon="70.2534819883"><ele>1194.199</ele></trkpt>
   <trkpt lat="41.6520549616" lon="70.2536299289"><ele>1193.699</ele></trkpt>
   <trkpt lat="41.6520769641" lon="70.2538569947"><ele>1192.899</ele></trkpt>
   <trkpt lat="41.6521029899" lon="70.2539409814"><ele>1192.099</ele></trkpt>
   <trkpt lat="41.6521169877" lon="70.2540829708"><ele>1190.099</ele></trkpt>
   <trkpt lat="41.6520809874" lon="70.2541869902"><ele>1188.199</ele></trkpt>
   <trkpt lat="41.6520799816" lon="70.254313976"><ele>1185.899</ele></trkpt>
   <trkpt lat="41.6521029899" lon="70.2544359327"><ele>1184.099</ele></trkpt>
   <trkpt lat="41.6521339611" lon="70.2545149741"><ele>1183.299</ele></trkpt>
   <trkpt lat="41.6521329972" lon="70.2547199954"><ele>1182.599</ele></trkpt>
   <trkpt lat="41.6522689935" lon="70.2548859571"><ele>1182.499</ele></trkpt>
   <trkpt lat="41.6523119927" lon="70.2550579538"><ele>1182.699</ele></trkpt>
   <trkpt lat="41.6523459813" lon="70.2551229973"><ele>1182.799</ele></trkpt>
   <trkpt lat="41.6524349971" lon="70.2551989374"><ele>1183.199</ele></trkpt>
   <trkpt lat="41.6524809719" lon="70.2554869396"><ele>1184.199</ele></trkpt>
   <trkpt lat="41.6525359991" lon="70.2555439365"><ele>1184.499</ele></trkpt>
   <trkpt lat="41.6526169682" lon="70.2557119937"><ele>1185.099</ele></trkpt>
   <trkpt lat="41.652687963" lon="70.2557819826"><ele>1185.499</ele></trkpt>
   <trkpt lat="41.6527289924" lon="70.255923972"><ele>1185.999</ele></trkpt>
   <trkpt lat="41.6528049743" lon="70.2560249739"><ele>1186.399</ele></trkpt>
   <trkpt lat="41.6528249652" lon="70.2560779476"><ele>1186.599</ele></trkpt>
   <trkpt lat="41.6527899707" lon="70.2561589168"><ele>1186.899</ele></trkpt>
   <trkpt lat="41.6527749671" lon="70.2562479326"><ele>1187.199</ele></trkpt>
   <trkpt lat="41.6527559821" lon="70.2562659537"><ele>1187.299</ele></trkpt>
   <trkpt lat="41.6527609693" lon="70.2562349406"><ele>1187.399</ele></trkpt>
   <trkpt lat="41.6527479774" lon="70.2562369523"><ele>1187.499</ele></trkpt>
   <trkpt lat="41.6527349854" lon="70.2562629362"><ele>1187.699</ele></trkpt>
   <trkpt lat="41.652718976" lon="70.2562309173"><ele>1187.799</ele></trkpt>
   <trkpt lat="41.6527269807" lon="70.2562739165"><ele>1187.999</ele></trkpt>
   <trkpt lat="41.6527029666" lon="70.2563169994"><ele>1188.199</ele></trkpt>
   <trkpt lat="41.6527199818" lon="70.2563399659"><ele>1188.399</ele></trkpt>
   <trkpt lat="41.6527479774" lon="70.25633896"><ele>1188.499</ele></trkpt>
   <trkpt lat="41.6527829718" lon="70.2562779398"><ele>1188.799</ele></trkpt>
   <trkpt lat="41.6527349854" lon="70.256294955"><ele>1189.099</ele></trkpt>
   <trkpt lat="41.6527549763" lon="70.2562919376"><ele>1189.199</ele></trkpt>
   <trkpt lat="41.6527549763" lon="70.256307947"><ele>1189.299</ele></trkpt>
   <trkpt lat="41.6527389668" lon="70.256313982"><ele>1189.399</ele></trkpt>
   <trkpt lat="41.6527519588" lon="70.2562969667"><ele>1189.399</ele></trkpt>
   <trkpt lat="41.652737961" lon="70.2562969667"><ele>1189.499</ele></trkpt>
   <trkpt lat="41.6527589996" lon="70.2562809573"><ele>1189.699</ele></trkpt>
   <trkpt lat="41.6527219935" lon="70.2563409717"><ele>1189.999</ele></trkpt>
   <trkpt lat="41.652731968" lon="70.2563529578"><ele>1190.099</ele></trkpt>
   <trkpt lat="41.6527359913" lon="70.2563269739"><ele>1190.199</ele></trkpt>
   <trkpt lat="41.6527359913" lon="70.2563399659"><ele>1190.199</ele></trkpt>
   <trkpt lat="41.6527049782" lon="70.2562779398"><ele>1190.499</ele></trkpt>
   <trkpt lat="41.6527239632" lon="70.2562459209"><ele>1190.899</ele></trkpt>
   <trkpt lat="41.652718976" lon="70.2561969706"><ele>1190.999</ele></trkpt>
   <trkpt lat="41.6526569918" lon="70.2560869162"><ele>1191.499</ele></trkpt>
   <trkpt lat="41.652731968" lon="70.2561289934"><ele>1191.899</ele></trkpt>
   <trkpt lat="41.6527729974" lon="70.2561909356"><ele>1192.099</ele></trkpt>
   <trkpt lat="41.6527639868" lon="70.2562619303"><ele>1192.399</ele></trkpt>
   <trkpt lat="41.6527359913" lon="70.2562739165"><ele>1192.499</ele></trkpt>
   <trkpt lat="41.6527139888" lon="70.2562589967"><ele>1192.599</ele></trkpt>
   <trkpt lat="41.6527469716" lon="70.2562719886"><ele>1192.799</ele></trkpt>
   <trkpt lat="41.6527699799" lon="70.2563399659"><ele>1192.999</ele></trkpt>
   <trkpt lat="41.6528059802" lon="70.2565839631"><ele>1193.799</ele></trkpt>
   <trkpt lat="41.6527969696" lon="70.2566799359"><ele>1194.099</ele></trkpt>
   <trkpt lat="41.6527109713" lon="70.2568799281"><ele>1194.799</ele></trkpt>
   <trkpt lat="41.6526489871" lon="70.2569819358"><ele>1195.199</ele></trkpt>
   <trkpt lat="41.6526489871" lon="70.2571779885"><ele>1195.899</ele></trkpt>
   <trkpt lat="41.652586961" lon="70.2573809982"><ele>1196.499</ele></trkpt>
   <trkpt lat="41.6524929999" lon="70.2574859397"><ele>1197.099</ele></trkpt>
   <trkpt lat="41.6525069977" lon="70.2575159469"><ele>1197.199</ele></trkpt>
   <trkpt lat="41.6525039802" lon="70.2575669927"><ele>1197.399</ele></trkpt>
   <trkpt lat="41.6524239749" lon="70.2577779652"><ele>1198.099</ele></trkpt>
   <trkpt lat="41.652410983" lon="70.2579289232"><ele>1198.599</ele></trkpt>
   <trkpt lat="41.6523529802" lon="70.2579979901"><ele>1198.899</ele></trkpt>
   <trkpt lat="41.6523649663" lon="70.257992961"><ele>1198.999</ele></trkpt>
   <trkpt lat="41.6523409941" lon="70.2579739341"><ele>1199.099</ele></trkpt>
   <trkpt lat="41.6523269963" lon="70.2580299252"><ele>1199.299</ele></trkpt>
   <trkpt lat="41.6522719691" lon="70.2580129937"><ele>1199.599</ele></trkpt>
   <trkpt lat="41.652196993" lon="70.2580629499"><ele>1199.899</ele></trkpt>
   <trkpt lat="41.6521569694" lon="70.2581309271"><ele>1200.199</ele></trkpt>
   <trkpt lat="41.6521189994" lon="70.2582849865"><ele>1200.699</ele></trkpt>
   <trkpt lat="41.6521369786" lon="70.2583559812"><ele>1200.899</ele></trkpt>
   <trkpt lat="41.6521879824" lon="70.2584569831"><ele>1201.299</ele></trkpt>
   <trkpt lat="41.6521909999" lon="70.2584999823"><ele>1201.499</ele></trkpt>
   <trkpt lat="41.6521619985" lon="70.258715984"><ele>1202.099</ele></trkpt>
   <trkpt lat="41.6521139702" lon="70.2589229331"><ele>1202.799</ele></trkpt>
   <trkpt lat="41.6520499744" lon="70.2590609831"><ele>1203.299</ele></trkpt>
   <trkpt lat="41.6519369864" lon="70.2592229215"><ele>1203.999</ele></trkpt>
   <trkpt lat="41.6518609625" lon="70.2592809242"><ele>1204.399</ele></trkpt>
   <trkpt lat="41.6517449989" lon="70.2594739595"><ele>1205.199</ele></trkpt>
   <trkpt lat="41.6517089986" lon="70.2596619655"><ele>1205.799</ele></trkpt>
   <trkpt lat="41.6517119742" lon="70.259841925"><ele>1206.299</ele></trkpt>
   <trkpt lat="41.6517199789" lon="70.2599459444"><ele>1206.699</ele></trkpt>
   <trkpt lat="41.6517809991" lon="70.2601389797"><ele>1207.299</ele></trkpt>
   <trkpt lat="41.6517849805" lon="70.2606389602"><ele>1208.899</ele></trkpt>
   <trkpt lat="41.651637962" lon="70.2609319915"><ele>1209.999</ele></trkpt>
   <trkpt lat="41.6515049831" lon="70.2613229235"><ele>1211.299</ele></trkpt>
   <trkpt lat="41.6514849922" lon="70.2614469756"><ele>1211.699</ele></trkpt>
   <trkpt lat="41.6514099742" lon="70.2615369973"><ele>1212.199</ele></trkpt>
   <trkpt lat="41.6513569587" lon="70.2616659948"><ele>1212.599</ele></trkpt>
   <trkpt lat="41.6512939687" lon="70.2618819964"><ele>1213.299</ele></trkpt>
   <trkpt lat="41.6512659731" lon="70.2620699187"><ele>1213.899</ele></trkpt>
   <trkpt lat="41.6512249856" lon="70.2621909534"><ele>1214.399</ele></trkpt>
   <trkpt lat="41.6510519831" lon="70.2625099686"><ele>1215.599</ele></trkpt>
   <trkpt lat="41.6509899989" lon="70.2625719947"><ele>1215.899</ele></trkpt>
   <trkpt lat="41.6508809923" lon="70.2627659519"><ele>1216.699</ele></trkpt>
   <trkpt lat="41.650857984" lon="70.2628239547"><ele>1216.899</ele></trkpt>
   <trkpt lat="41.6508389989" lon="70.2629499347"><ele>1217.299</ele></trkpt>
   <trkpt lat="41.6507479715" lon="70.2631919203"><ele>1218.099</ele></trkpt>
   <trkpt lat="41.6506979734" lon="70.2632729733"><ele>1218.499</ele></trkpt>
   <trkpt lat="41.6506199798" lon="70.2634689422"><ele>1219.099</ele></trkpt>
   <trkpt lat="41.6505629829" lon="70.2637129394"><ele>1219.899</ele></trkpt>
   <trkpt lat="41.6505579956" lon="70.2639799868"><ele>1220.799</ele></trkpt>
   <trkpt lat="41.6505299582" lon="70.2641709265"><ele>1221.299</ele></trkpt>
   <trkpt lat="41.6505529665" lon="70.264506957"><ele>1222.399</ele></trkpt>
   <trkpt lat="41.6505229593" lon="70.2646589209"><ele>1222.899</ele></trkpt>
   <trkpt lat="41.6505169662" lon="70.2649019961"><ele>1223.799</ele></trkpt>
   <trkpt lat="41.6506079937" lon="70.2652109531"><ele>1225.399</ele></trkpt>
   <trkpt lat="41.6505769807" lon="70.2654239372"><ele>1227.099</ele></trkpt>
   <trkpt lat="41.6504159643" lon="70.2658379194"><ele>1228.499</ele></trkpt>
   <trkpt lat="41.6504219993" lon="70.2659629774"><ele>1227.399</ele></trkpt>
   <trkpt lat="41.6504099712" lon="70.2660319605"><ele>1227.199</ele></trkpt>
   <trkpt lat="41.6503219612" lon="70.2660509874"><ele>1227.299</ele></trkpt>
   <trkpt lat="41.6503369649" lon="70.2660459583"><ele>1227.399</ele></trkpt>
   <trkpt lat="41.6503429998" lon="70.266065991"><ele>1227.499</ele></trkpt>
   <trkpt lat="41.6503179798" lon="70.2661579405"><ele>1227.699</ele></trkpt>
   <trkpt lat="41.6503679779" lon="70.2662509796"><ele>1228.099</ele></trkpt>
   <trkpt lat="41.6503389765" lon="70.2663159394"><ele>1228.399</ele></trkpt>
   <trkpt lat="41.6503319776" lon="70.2665299294"><ele>1229.399</ele></trkpt>
   <trkpt lat="41.6503459754" lon="70.2666249802"><ele>1229.899</ele></trkpt>
   <trkpt lat="41.6503769884" lon="70.2667029319"><ele>1230.399</ele></trkpt>
   <trkpt lat="41.6503289601" lon="70.2668579971"><ele>1231.299</ele></trkpt>
   <trkpt lat="41.6503389765" lon="70.2669469291"><ele>1231.999</ele></trkpt>
   <trkpt lat="41.6502959773" lon="70.2670879965"><ele>1233.199</ele></trkpt>
   <trkpt lat="41.6503039821" lon="70.2672159881"><ele>1234.699</ele></trkpt>
   <trkpt lat="41.6503729651" lon="70.2673159843"><ele>1236.999</ele></trkpt>
   <trkpt lat="41.6504119829" lon="70.2673389507"><ele>1238.099</ele></trkpt>
   <trkpt lat="41.6504859951" lon="70.2674799343"><ele>1240.999</ele></trkpt>
   <trkpt lat="41.6505129848" lon="70.2677239315"><ele>1242.599</ele></trkpt>
   <trkpt lat="41.6505049801" lon="70.2679369995"><ele>1242.399</ele></trkpt>
   <trkpt lat="41.6504969754" lon="70.2679759753"><ele>1242.299</ele></trkpt>
   <trkpt lat="41.6504089654" lon="70.2680969262"><ele>1242.099</ele></trkpt>
   <trkpt lat="41.6503729651" lon="70.2682399214"><ele>1241.599</ele></trkpt>
   <trkpt lat="41.6502759865" lon="70.2684289334"><ele>1240.899</ele></trkpt>
   <trkpt lat="41.6502639585" lon="70.2684649755"><ele>1240.799</ele></trkpt>
   <trkpt lat="41.6502649643" lon="70.2685739403"><ele>1240.599</ele></trkpt>
   <trkpt lat="41.6503199915" lon="70.2686799714"><ele>1240.099</ele></trkpt>
   <trkpt lat="41.6502949715" lon="70.2688269899"><ele>1239.899</ele></trkpt>
   <trkpt lat="41.6503089693" lon="70.2688969788"><ele>1240.399</ele></trkpt>
   <trkpt lat="41.6503669721" lon="70.2689989866"><ele>1242.099</ele></trkpt>
   <trkpt lat="41.6503919921" lon="70.2692509466"><ele>1246.399</ele></trkpt>
   <trkpt lat="41.6504209934" lon="70.2693439857"><ele>1247.599</ele></trkpt>
   <trkpt lat="41.6504899765" lon="70.2694459935"><ele>1248.299</ele></trkpt>
   <trkpt lat="41.6505019626" lon="70.269493938"><ele>1248.299</ele></trkpt>
   <trkpt lat="41.6505189779" lon="70.2696739813"><ele>1247.999</ele></trkpt>
   <trkpt lat="41.6504999929" lon="70.2697819402"><ele>1247.899</ele></trkpt>
   <trkpt lat="41.6504979812" lon="70.2699139551"><ele>1248.199</ele></trkpt>
   <trkpt lat="41.6505209895" lon="70.2700359956"><ele>1248.799</ele></trkpt>
   <trkpt lat="41.6505109732" lon="70.2701139473"><ele>1249.499</ele></trkpt>
   <trkpt lat="41.6505859912" lon="70.2701929887"><ele>1251.299</ele></trkpt>
   <trkpt lat="41.650599989" lon="70.2702359879"><ele>1251.999</ele></trkpt>
   <trkpt lat="41.6505849854" lon="70.2702949965"><ele>1253.099</ele></trkpt>
   <trkpt lat="41.650668972" lon="70.2703849343"><ele>1255.299</ele></trkpt>
   <trkpt lat="41.6506959618" lon="70.2704689209"><ele>1256.199</ele></trkpt>
   <trkpt lat="41.6506669604" lon="70.2705519856"><ele>1256.699</ele></trkpt>
   <trkpt lat="41.6506799942" lon="70.2705379878"><ele>1256.799</ele></trkpt>
   <trkpt lat="41.6507099595" lon="70.2705699229"><ele>1256.899</ele></trkpt>
   <trkpt lat="41.6506949978" lon="70.2705529914"><ele>1256.899</ele></trkpt>
   <trkpt lat="41.6506989793" lon="70.2705849265"><ele>1256.999</ele></trkpt>
   <trkpt lat="41.6506669604" lon="70.2706339606"><ele>1256.999</ele></trkpt>
   <trkpt lat="41.6506559801" lon="70.2706989204"><ele>1257.099</ele></trkpt>
   <trkpt lat="41.6506129809" lon="70.2707239823"><ele>1257.099</ele></trkpt>
   <trkpt lat="41.6506099634" lon="70.2708409936"><ele>1257.099</ele></trkpt>
   <trkpt lat="41.6505709876" lon="70.2708989964"><ele>1257.199</ele></trkpt>
   <trkpt lat="41.6505649945" lon="70.2709359606"><ele>1257.199</ele></trkpt>
   <trkpt lat="41.6505859912" lon="70.2710039378"><ele>1257.299</ele></trkpt>
   <trkpt lat="41.650649987" lon="70.271046937"><ele>1257.599</ele></trkpt>
   <trkpt lat="41.6506429881" lon="70.2711459273"><ele>1257.799</ele></trkpt>
   <trkpt lat="41.650574969" lon="70.2713209414"><ele>1257.099</ele></trkpt>
   <trkpt lat="41.6504769845" lon="70.2714279783"><ele>1255.399</ele></trkpt>
   <trkpt lat="41.6504609751" lon="70.271498973"><ele>1254.799</ele></trkpt>
   <trkpt lat="41.6504619809" lon="70.2715919283"><ele>1254.299</ele></trkpt>
   <trkpt lat="41.6505079976" lon="70.2716859733"><ele>1253.999</ele></trkpt>
   <trkpt lat="41.6504899765" lon="70.271888983"><ele>1254.199</ele></trkpt>
   <trkpt lat="41.6504399784" lon="70.2721379255"><ele>1255.199</ele></trkpt>
   <trkpt lat="41.6504569937" lon="70.2722559427"><ele>1255.899</ele></trkpt>
   <trkpt lat="41.6504469773" lon="70.2723519993"><ele>1256.299</ele></trkpt>
   <trkpt lat="41.6504079596" lon="70.2723959205"><ele>1256.499</ele></trkpt>
   <trkpt lat="41.6503949676" lon="70.2724409313"><ele>1256.699</ele></trkpt>
   <trkpt lat="41.6504169701" lon="70.2725129319"><ele>1257.199</ele></trkpt>
   <trkpt lat="41.6503869629" lon="70.2727799793"><ele>1259.499</ele></trkpt>
   <trkpt lat="41.6503159682" lon="70.2728939732"><ele>1260.599</ele></trkpt>
   <trkpt lat="41.6503319776" lon="70.2730549895"><ele>1260.899</ele></trkpt>
   <trkpt lat="41.6503849932" lon="70.2732319315"><ele>1260.099</ele></trkpt>
   <trkpt lat="41.6503319776" lon="70.2733429917"><ele>1259.499</ele></trkpt>
   <trkpt lat="41.6503559918" lon="70.2734019165"><ele>1259.299</ele></trkpt>
   <trkpt lat="41.6503349951" lon="70.2734509506"><ele>1259.299</ele></trkpt>
   <trkpt lat="41.6503329835" lon="70.2735319198"><ele>1259.499</ele></trkpt>
   <trkpt lat="41.6503659662" lon="70.2736259648"><ele>1259.999</ele></trkpt>
   <trkpt lat="41.6503319776" lon="70.2737049223"><ele>1260.499</ele></trkpt>
   <trkpt lat="41.6503139984" lon="70.2739789267"><ele>1263.299</ele></trkpt>
   <trkpt lat="41.6503659662" lon="70.2740689484"><ele>1265.199</ele></trkpt>
   <trkpt lat="41.6503899804" lon="70.2740759892"><ele>1265.799</ele></trkpt>
   <trkpt lat="41.6503919921" lon="70.2741379314"><ele>1266.699</ele></trkpt>
   <trkpt lat="41.6504229632" lon="70.274127957"><ele>1267.699</ele></trkpt>
   <trkpt lat="41.6504169701" lon="70.2741519292"><ele>1268.099</ele></trkpt>
   <trkpt lat="41.6503649604" lon="70.2741749794"><ele>1269.099</ele></trkpt>
   <trkpt lat="41.6503529743" lon="70.2742039808"><ele>1269.599</ele></trkpt>
   <trkpt lat="41.650404984" lon="70.2743449644"><ele>1271.799</ele></trkpt>
   <trkpt lat="41.6503479871" lon="70.2744899714"><ele>1274.499</ele></trkpt>
   <trkpt lat="41.6503469812" lon="70.2745439508"><ele>1275.399</ele></trkpt>
   <trkpt lat="41.6503819757" lon="70.2746199747"><ele>1277.099</ele></trkpt>
   <trkpt lat="41.6503879687" lon="70.2746969205"><ele>1278.599</ele></trkpt>
   <trkpt lat="41.6503599732" lon="70.274756935"><ele>1279.899</ele></trkpt>
   <trkpt lat="41.6503119868" lon="70.2747909655"><ele>1281.099</ele></trkpt>
   <trkpt lat="41.6502749807" lon="70.274787948"><ele>1281.799</ele></trkpt>
   <trkpt lat="41.6502499607" lon="70.2747589466"><ele>1282.499</ele></trkpt>
   <trkpt lat="41.650165974" lon="70.2747289394"><ele>1284.599</ele></trkpt>
   <trkpt lat="41.6501779602" lon="70.2748219785"><ele>1286.399</ele></trkpt>
   <trkpt lat="41.6501379785" lon="70.2748979186"><ele>1288.399</ele></trkpt>
   <trkpt lat="41.6501379785" lon="70.2750129183"><ele>1290.899</ele></trkpt>
   <trkpt lat="41.6501429657" lon="70.2750269999"><ele>1291.199</ele></trkpt>
   <trkpt lat="41.6501919998" lon="70.2750259941"><ele>1292.199</ele></trkpt>
   <trkpt lat="41.6501809776" lon="70.2750479547"><ele>1292.399</ele></trkpt>
   <trkpt lat="41.6502249826" lon="70.2751489566"><ele>1292.299</ele></trkpt>
   <trkpt lat="41.6502109849" lon="70.2752959752"><ele>1290.099</ele></trkpt>
   <trkpt lat="41.6501439715" lon="70.2754269843"><ele>1287.299</ele></trkpt>
   <trkpt lat="41.6499739865" lon="70.2755389665"><ele>1284.999</ele></trkpt>
   <trkpt lat="41.6499159838" lon="70.2756089554"><ele>1284.999</ele></trkpt>
   <trkpt lat="41.6498959929" lon="70.2755739191"><ele>1285.099</ele></trkpt>
   <trkpt lat="41.6498809893" lon="70.2755739191"><ele>1285.099</ele></trkpt>
   <trkpt lat="41.6496429852" lon="70.2759129671"><ele>1285.199</ele></trkpt>
   <trkpt lat="41.6495159993" lon="70.2759619174"><ele>1285.199</ele></trkpt>
   <trkpt lat="41.6494879619" lon="70.2760189981"><ele>1285.199</ele></trkpt>
   <trkpt lat="41.6494719944" lon="70.2761739795"><ele>1285.199</ele></trkpt>
   <trkpt lat="41.6494219963" lon="70.2763299667"><ele>1285.299</ele></trkpt>
   <trkpt lat="41.6493519655" lon="70.276353939"><ele>1285.299</ele></trkpt>
   <trkpt lat="41.6491669769" lon="70.2767329686"><ele>1285.399</ele></trkpt>
   <trkpt lat="41.6490999636" lon="70.2767739562"><ele>1285.399</ele></trkpt>
   <trkpt lat="41.6491009694" lon="70.2767549292"><ele>1285.399</ele></trkpt>
   <trkpt lat="41.64908496" lon="70.2767669992"><ele>1285.399</ele></trkpt>
   <trkpt lat="41.6490929647" lon="70.2769719367"><ele>1285.499</ele></trkpt>
   <trkpt lat="41.6491259894" lon="70.2770609525"><ele>1285.499</ele></trkpt>
   <trkpt lat="41.6491319825" lon="70.2770299395"><ele>1285.499</ele></trkpt>
   <trkpt lat="41.6491399872" lon="70.2770379861"><ele>1285.499</ele></trkpt>
   <trkpt lat="41.6491059986" lon="70.2770919656"><ele>1285.499</ele></trkpt>
   <trkpt lat="41.649115973" lon="70.2770869364"><ele>1285.499</ele></trkpt>
   <trkpt lat="41.6490879775" lon="70.2772379783"><ele>1285.599</ele></trkpt>
   <trkpt lat="41.6490519772" lon="70.277284917"><ele>1285.599</ele></trkpt>
   <trkpt lat="41.6490489597" lon="70.2773929597"><ele>1285.599</ele></trkpt>
   <trkpt lat="41.6490049966" lon="70.2774729231"><ele>1285.599</ele></trkpt>
   <trkpt lat="41.6489999675" lon="70.2775159222"><ele>1285.599</ele></trkpt>
   <trkpt lat="41.6489599858" lon="70.2775389725"><ele>1285.599</ele></trkpt>
   <trkpt lat="41.6489039947" lon="70.2774999966"><ele>1285.699</ele></trkpt>
   <trkpt lat="41.6488549606" lon="70.2775939577"><ele>1285.699</ele></trkpt>
   <trkpt lat="41.6488549606" lon="70.2776209475"><ele>1285.699</ele></trkpt>
   <trkpt lat="41.6488779689" lon="70.2776219533"><ele>1285.699</ele></trkpt>
   <trkpt lat="41.6488679944" lon="70.2776629408"><ele>1285.699</ele></trkpt>
   <trkpt lat="41.64889599" lon="70.2777559799"><ele>1285.699</ele></trkpt>
   <trkpt lat="41.6488859736" lon="70.277862933"><ele>1285.799</ele></trkpt>
   <trkpt lat="41.6489109936" lon="70.2779319999"><ele>1285.799</ele></trkpt>
   <trkpt lat="41.6488819922" lon="70.2779999771"><ele>1285.799</ele></trkpt>
   <trkpt lat="41.6488639711" lon="70.2780999732"><ele>1285.799</ele></trkpt>
   <trkpt lat="41.6488369814" lon="70.2780839638"><ele>1285.799</ele></trkpt>
   <trkpt lat="41.6487869833" lon="70.2780979616"><ele>1285.799</ele></trkpt>
   <trkpt lat="41.6487939822" lon="70.2782069263"><ele>1285.899</ele></trkpt>
   <trkpt lat="41.6487679983" lon="70.2782709641"><ele>1285.899</ele></trkpt>
   <trkpt lat="41.6487269689" lon="70.2783149691"><ele>1285.899</ele></trkpt>
   <trkpt lat="41.6487459958" lon="70.2782989596"><ele>1285.899</ele></trkpt>
   <trkpt lat="41.6487429783" lon="70.2783439704"><ele>1285.899</ele></trkpt>
   <trkpt lat="41.6487789786" lon="70.2783779171"><ele>1285.899</ele></trkpt>
   <trkpt lat="41.6487779728" lon="70.278446984"><ele>1285.899</ele></trkpt>
   <trkpt lat="41.6488049625" lon="70.2785299649"><ele>1285.999</ele></trkpt>
   <trkpt lat="41.6488019869" lon="70.2785559488"><ele>1285.999</ele></trkpt>
   <trkpt lat="41.6487659867" lon="70.2785649174"><ele>1285.999</ele></trkpt>
   <trkpt lat="41.6487359794" lon="70.2786019654"><ele>1285.999</ele></trkpt>
   <trkpt lat="41.6487389969" lon="70.2786879637"><ele>1285.999</ele></trkpt>
   <trkpt lat="41.6487139769" lon="70.2787739621"><ele>1285.999</ele></trkpt>
   <trkpt lat="41.6487169944" lon="70.2789239981"><ele>1286.099</ele></trkpt>
   <trkpt lat="41.6487019908" lon="70.2790499781"><ele>1286.099</ele></trkpt>
   <trkpt lat="41.6487519889" lon="70.2791809873"><ele>1286.099</ele></trkpt>
   <trkpt lat="41.6488479617" lon="70.2793409978"><ele>1286.199</ele></trkpt>
   <trkpt lat="41.648857978" lon="70.2795519703"><ele>1286.199</ele></trkpt>
   <trkpt lat="41.6488889911" lon="70.279723967"><ele>1286.299</ele></trkpt>
   <trkpt lat="41.6488879853" lon="70.2798229573"><ele>1286.299</ele></trkpt>
   <trkpt lat="41.6487959939" lon="70.2799289883"><ele>1286.299</ele></trkpt>
   <trkpt lat="41.6487979636" lon="70.2800339298"><ele>1286.399</ele></trkpt>
   <trkpt lat="41.6488249953" lon="70.2801249572"><ele>1286.399</ele></trkpt>
   <trkpt lat="41.6488299825" lon="70.2802149789"><ele>1286.399</ele></trkpt>
   <trkpt lat="41.6488749933" lon="70.2802829561"><ele>1286.399</ele></trkpt>
   <trkpt lat="41.648945988" lon="70.2805039869"><ele>1286.499</ele></trkpt>
   <trkpt lat="41.6488449861" lon="70.2807839425"><ele>1286.499</ele></trkpt>
   <trkpt lat="41.6488329581" lon="70.2809409355"><ele>1286.599</ele></trkpt>
   <trkpt lat="41.6488339639" lon="70.2810069849"><ele>1286.599</ele></trkpt>
   <trkpt lat="41.6488699642" lon="70.2811119263"><ele>1286.599</ele></trkpt>
   <trkpt lat="41.6488699642" lon="70.2812339668"><ele>1286.599</ele></trkpt>
   <trkpt lat="41.6488459919" lon="70.2813499724"><ele>1286.699</ele></trkpt>
   <trkpt lat="41.6488699642" lon="70.281446951"><ele>1286.699</ele></trkpt>
   <trkpt lat="41.6488609955" lon="70.281609979"><ele>1286.699</ele></trkpt>
   <trkpt lat="41.6488729816" lon="70.2817699895"><ele>1286.799</ele></trkpt>
   <trkpt lat="41.6488569722" lon="70.2819369571"><ele>1286.799</ele></trkpt>
   <trkpt lat="41.6488199661" lon="70.2820609254"><ele>1286.799</ele></trkpt>
   <trkpt lat="41.6488739875" lon="70.2822349337"><ele>1286.899</ele></trkpt>
   <trkpt lat="41.6489179925" lon="70.2822849737"><ele>1286.899</ele></trkpt>
   <trkpt lat="41.6487979636" lon="70.2824139712"><ele>1286.899</ele></trkpt>
   <trkpt lat="41.6487779728" lon="70.2826419589"><ele>1286.999</ele></trkpt>
   <trkpt lat="41.648732962" lon="70.2827219223"><ele>1286.999</ele></trkpt>
   <trkpt lat="41.6486659905" lon="70.2829919872"><ele>1287.099</ele></trkpt>
   <trkpt lat="41.6486289844" lon="70.2830669214"><ele>1287.099</ele></trkpt>
   <trkpt lat="41.6486769708" lon="70.2831349825"><ele>1287.099</ele></trkpt>
   <trkpt lat="41.6486949919" lon="70.2832669974"><ele>1287.199</ele></trkpt>
   <trkpt lat="41.6487469597" lon="70.2833889541"><ele>1287.199</ele></trkpt>
   <trkpt lat="41.6488359755" lon="70.2835109946"><ele>1287.199</ele></trkpt>
   <trkpt lat="41.6488329581" lon="70.2835609508"><ele>1287.199</ele></trkpt>
   <trkpt lat="41.6487939822" lon="70.2836509724"><ele>1287.299</ele></trkpt>
   <trkpt lat="41.6488109975" lon="70.2838269924"><ele>1287.299</ele></trkpt>
   <trkpt lat="41.648763975" lon="70.283917936"><ele>1287.299</ele></trkpt>
   <trkpt lat="41.6487559703" lon="70.2840089635"><ele>1287.299</ele></trkpt>
   <trkpt lat="41.648700985" lon="70.284087921"><ele>1287.399</ele></trkpt>
   <trkpt lat="41.6486229914" lon="70.2842559782"><ele>1287.399</ele></trkpt>
   <trkpt lat="41.6484829717" lon="70.2842999832"><ele>1287.499</ele></trkpt>
   <trkpt lat="41.6484449598" lon="70.2843359416"><ele>1287.499</ele></trkpt>
   <trkpt lat="41.6483579975" lon="70.2844789368"><ele>1287.499</ele></trkpt>
   <trkpt lat="41.6482559898" lon="70.2845069324"><ele>1287.499</ele></trkpt>
   <trkpt lat="41.6481969812" lon="70.284565941"><ele>1287.599</ele></trkpt>
   <trkpt lat="41.6481749787" lon="70.2846009773"><ele>1287.599</ele></trkpt>
   <trkpt lat="41.6481299678" lon="70.2848669351"><ele>1287.599</ele></trkpt>
   <trkpt lat="41.6480519742" lon="70.2850099304"><ele>1287.699</ele></trkpt>
   <trkpt lat="41.6480149681" lon="70.2850319748"><ele>1287.699</ele></trkpt>
   <trkpt lat="41.6478659798" lon="70.2852379182"><ele>1287.799</ele></trkpt>
   <trkpt lat="41.6478309854" lon="70.2852589567"><ele>1287.799</ele></trkpt>
   <trkpt lat="41.6477839629" lon="70.2852539276"><ele>1287.799</ele></trkpt>
   <trkpt lat="41.6477659837" lon="70.2852779837"><ele>1287.799</ele></trkpt>
   <trkpt lat="41.6477499743" lon="70.2853479725"><ele>1287.799</ele></trkpt>
   <trkpt lat="41.6477599906" lon="70.2854389162"><ele>1287.799</ele></trkpt>
   <trkpt lat="41.6477049634" lon="70.2855809895"><ele>1287.899</ele></trkpt>
   <trkpt lat="41.6477289776" lon="70.2856229828"><ele>1287.899</ele></trkpt>
   <trkpt lat="41.6477319951" lon="70.28569096"><ele>1287.899</ele></trkpt>
   <trkpt lat="41.6476519898" lon="70.2858309378"><ele>1287.899</ele></trkpt>
   <trkpt lat="41.6476299873" lon="70.2859829855"><ele>1287.999</ele></trkpt>
   <trkpt lat="41.647543989" lon="70.2860689839"><ele>1287.999</ele></trkpt>
   <trkpt lat="41.6474949968" lon="70.286155988"><ele>1287.999</ele></trkpt>
   <trkpt lat="41.6474819629" lon="70.286250955"><ele>1287.999</ele></trkpt>
   <trkpt lat="41.6473839785" lon="70.2866009833"><ele>1287.999</ele></trkpt>
   <trkpt lat="41.647380961" lon="70.2866399591"><ele>1287.999</ele></trkpt>
   <trkpt lat="41.647405981" lon="70.2867089422"><ele>1287.999</ele></trkpt>
   <trkpt lat="41.6474039693" lon="70.2868019813"><ele>1287.999</ele></trkpt>
   <trkpt lat="41.6473629818" lon="70.2869219263"><ele>1287.999</ele></trkpt>
   <trkpt lat="41.6472539751" lon="70.2871019696"><ele>1287.999</ele></trkpt>
   <trkpt lat="41.6472349901" lon="70.2872319729"><ele>1287.999</ele></trkpt>
   <trkpt lat="41.6471709943" lon="70.2873409377"><ele>1287.999</ele></trkpt>
   <trkpt lat="41.6471549849" lon="70.2873979346"><ele>1287.999</ele></trkpt>
   <trkpt lat="41.6471409871" lon="70.2875329671"><ele>1287.999</ele></trkpt>
   <trkpt lat="41.6471719582" lon="70.2876329632"><ele>1287.999</ele></trkpt>
   <trkpt lat="41.6472959685" lon="70.2878179518"><ele>1287.999</ele></trkpt>
   <trkpt lat="41.6473109721" lon="70.2879639645"><ele>1287.999</ele></trkpt>
   <trkpt lat="41.6473349862" lon="70.2880399884"><ele>1287.999</ele></trkpt>
   <trkpt lat="41.647323964" lon="70.2881239751"><ele>1287.999</ele></trkpt>
   <trkpt lat="41.6473359921" lon="70.288231934"><ele>1287.999</ele></trkpt>
   <trkpt lat="41.6473039732" lon="70.2882659645"><ele>1287.999</ele></trkpt>
   <trkpt lat="41.6472919871" lon="70.2883429942"><ele>1287.999</ele></trkpt>
   <trkpt lat="41.6473069907" lon="70.2884269809"><ele>1287.999</ele></trkpt>
   <trkpt lat="41.647342991" lon="70.288513985"><ele>1287.999</ele></trkpt>
   <trkpt lat="41.647348984" lon="70.2886999794"><ele>1287.999</ele></trkpt>
   <trkpt lat="41.6473199826" lon="70.288802993"><ele>1287.999</ele></trkpt>
   <trkpt lat="41.6473469724" lon="70.2888739878"><ele>1287.999</ele></trkpt>
   <trkpt lat="41.6473439968" lon="70.2890279633"><ele>1287.999</ele></trkpt>
   <trkpt lat="41.6473329746" lon="70.289142963"><ele>1287.999</ele></trkpt>
   <trkpt lat="41.6472889696" lon="70.2892189869"><ele>1287.999</ele></trkpt>
   <trkpt lat="41.6473029674" lon="70.2891989541"><ele>1287.999</ele></trkpt>
   <trkpt lat="41.6473409793" lon="70.2892349963"><ele>1287.999</ele></trkpt>
   <trkpt lat="41.6474259718" lon="70.28923793"><ele>1287.999</ele></trkpt>
   <trkpt lat="41.6474389637" lon="70.2892579627"><ele>1287.999</ele></trkpt>
   <trkpt lat="41.6474089984" lon="70.2892549453"><ele>1287.999</ele></trkpt>
   <trkpt lat="41.6474609662" lon="70.2892859583"><ele>1287.999</ele></trkpt>
   <trkpt lat="41.6474849804" lon="70.289243965"><ele>1287.999</ele></trkpt>
   <trkpt lat="41.6475119701" lon="70.2892349963"><ele>1287.999</ele></trkpt>
   <trkpt lat="41.6475219865" lon="70.2892589686"><ele>1287.999</ele></trkpt>
   <trkpt lat="41.6474989782" lon="70.2893339866"><ele>1287.999</ele></trkpt>
   <trkpt lat="41.6475259679" lon="70.2893199888"><ele>1287.999</ele></trkpt>
   <trkpt lat="41.6474959607" lon="70.289274978"><ele>1287.999</ele></trkpt>
   <trkpt lat="41.6474649896" lon="70.2892789175"><ele>1287.999</ele></trkpt>
   <trkpt lat="41.6474819629" lon="70.2892459766"><ele>1287.999</ele></trkpt>
   <trkpt lat="41.6474819629" lon="70.2892609802"><ele>1287.999</ele></trkpt>
   <trkpt lat="41.6475089945" lon="70.2892499999"><ele>1287.999</ele></trkpt>
   <trkpt lat="41.6475259679" lon="70.2892649197"><ele>1287.999</ele></trkpt>
   <trkpt lat="41.6476049673" lon="70.2893609763"><ele>1287.999</ele></trkpt>
   <trkpt lat="41.647575966" lon="70.2893639938"><ele>1288.299</ele></trkpt>
   <trkpt lat="41.6475899637" lon="70.2893589647"><ele>1288.399</ele></trkpt>
   <trkpt lat="41.6475749601" lon="70.2893839427"><ele>1288.599</ele></trkpt>
   <trkpt lat="41.6475769718" lon="70.289356953"><ele>1288.799</ele></trkpt>
   <trkpt lat="41.647562974" lon="70.2893779916"><ele>1289.299</ele></trkpt>
   <trkpt lat="41.6475539635" lon="70.289369945"><ele>1289.499</ele></trkpt>
   <trkpt lat="41.6474819629" lon="70.2894979366"><ele>1290.599</ele></trkpt>
   <trkpt lat="41.647468971" lon="70.289563986"><ele>1290.999</ele></trkpt>
   <trkpt lat="41.6474959607" lon="70.2896479727"><ele>1291.699</ele></trkpt>
   <trkpt lat="41.6474769757" lon="70.2896419377"><ele>1291.999</ele></trkpt>
   <trkpt lat="41.6474779815" lon="70.2896009502"><ele>1292.399</ele></trkpt>
   <trkpt lat="41.6474889618" lon="70.2896419377"><ele>1292.899</ele></trkpt>
   <trkpt lat="41.6474899676" lon="70.2896249225"><ele>1292.999</ele></trkpt>
   <trkpt lat="41.6474429871" lon="70.2897759644"><ele>1294.499</ele></trkpt>
   <trkpt lat="41.6474419812" lon="70.2899369807"><ele>1295.499</ele></trkpt>
   <trkpt lat="41.647480999" lon="70.2900289302"><ele>1296.199</ele></trkpt>
   <trkpt lat="41.6474879979" lon="70.2901139227"><ele>1296.799</ele></trkpt>
   <trkpt lat="41.6475239982" lon="70.2902009268"><ele>1297.399</ele></trkpt>
   <trkpt lat="41.647518969" lon="70.2903059521"><ele>1298.099</ele></trkpt>
   <trkpt lat="41.6475239982" lon="70.290280974"><ele>1298.299</ele></trkpt>
   <trkpt lat="41.6475399657" lon="70.2903989912"><ele>1299.299</ele></trkpt>
   <trkpt lat="41.6475229923" lon="70.2906119754"><ele>1300.699</ele></trkpt>
   <trkpt lat="41.6474819629" lon="70.2907279809"><ele>1301.499</ele></trkpt>
   <trkpt lat="41.6474959607" lon="70.2908309945"><ele>1302.199</ele></trkpt>
   <trkpt lat="41.6473789912" lon="70.2908909251"><ele>1303.299</ele></trkpt>
   <trkpt lat="41.6473469724" lon="70.2909249556"><ele>1303.699</ele></trkpt>
   <trkpt lat="41.6472029713" lon="70.2909699665"><ele>1304.999</ele></trkpt>
   <trkpt lat="41.6472919871" lon="70.2909399592"><ele>1305.799</ele></trkpt>
   <trkpt lat="41.6472669671" lon="70.2909589862"><ele>1306.099</ele></trkpt>
   <trkpt lat="41.6472579985" lon="70.2910609939"><ele>1306.699</ele></trkpt>
   <trkpt lat="41.6473459665" lon="70.2913649217"><ele>1308.799</ele></trkpt>
   <trkpt lat="41.6473509957" lon="70.2914219187"><ele>1309.199</ele></trkpt>
   <trkpt lat="41.647329999" lon="70.2915529278"><ele>1310.099</ele></trkpt>
   <trkpt lat="41.6472539751" lon="70.2916069911"><ele>1310.799</ele></trkpt>
   <trkpt lat="41.6472329785" lon="70.2916799975"><ele>1311.299</ele></trkpt>
   <trkpt lat="41.6471629896" lon="70.2917099209"><ele>1311.999</ele></trkpt>
   <trkpt lat="41.6471319765" lon="70.29180296"><ele>1312.399</ele></trkpt>
   <trkpt lat="41.6471259835" lon="70.2919239947"><ele>1312.799</ele></trkpt>
   <trkpt lat="41.6470979879" lon="70.29197898"><ele>1312.999</ele></trkpt>
   <trkpt lat="41.6470989938" lon="70.2920199675"><ele>1313.099</ele></trkpt>
   <trkpt lat="41.6471609779" lon="70.2921229811"><ele>1313.599</ele></trkpt>
   <trkpt lat="41.647210976" lon="70.2922599414"><ele>1314.099</ele></trkpt>
   <trkpt lat="41.6472019654" lon="70.292400925"><ele>1314.599</ele></trkpt>
   <trkpt lat="41.647216969" lon="70.2923969855"><ele>1314.699</ele></trkpt>
   <trkpt lat="41.6473129837" lon="70.2924909466"><ele>1315.199</ele></trkpt>
   <trkpt lat="41.6473719923" lon="70.2925059502"><ele>1315.499</ele></trkpt>
   <trkpt lat="41.6474459626" lon="70.2929239557"><ele>1316.999</ele></trkpt>
   <trkpt lat="41.6474829687" lon="70.2930439846"><ele>1317.499</ele></trkpt>
   <trkpt lat="41.6474619721" lon="70.2931289771"><ele>1317.799</ele></trkpt>
   <trkpt lat="41.6474649896" lon="70.2932649316"><ele>1318.199</ele></trkpt>
   <trkpt lat="41.6474789873" lon="70.2933349204"><ele>1318.499</ele></trkpt>
   <trkpt lat="41.6475239982" lon="70.2934199968"><ele>1318.799</ele></trkpt>
   <trkpt lat="41.6475369901" lon="70.293562992"><ele>1319.299</ele></trkpt>
   <trkpt lat="41.6475849765" lon="70.293701964"><ele>1319.799</ele></trkpt>
   <trkpt lat="41.647637992" lon="70.2937759762"><ele>1320.199</ele></trkpt>
   <trkpt lat="41.6477799815" lon="70.293814952"><ele>1320.899</ele></trkpt>
   <trkpt lat="41.6479329931" lon="70.2939149481"><ele>1321.599</ele></trkpt>
   <trkpt lat="41.6479919598" lon="70.2939749626"><ele>1321.999</ele></trkpt>
   <trkpt lat="41.6480709592" lon="70.294160957"><ele>1322.799</ele></trkpt>
   <trkpt lat="41.6482149603" lon="70.2942909603"><ele>1323.699</ele></trkpt>
   <trkpt lat="41.6482869609" lon="70.294456922"><ele>1324.399</ele></trkpt>
   <trkpt lat="41.6483569917" lon="70.2944709198"><ele>1324.799</ele></trkpt>
   <trkpt lat="41.6484299981" lon="70.2945199539"><ele>1325.199</ele></trkpt>
   <trkpt lat="41.6484629809" lon="70.2946029348"><ele>1325.599</ele></trkpt>
   <trkpt lat="41.6484929881" lon="70.2948119794"><ele>1326.399</ele></trkpt>
   <trkpt lat="41.6485679642" lon="70.2949579922"><ele>1327.099</ele></trkpt>
   <trkpt lat="41.6486539625" lon="70.2950259694"><ele>1327.599</ele></trkpt>
   <trkpt lat="41.6487379911" lon="70.2950279811"><ele>1328.099</ele></trkpt>
   <trkpt lat="41.6488119614" lon="70.2950819605"><ele>1328.499</ele></trkpt>
   <trkpt lat="41.6487919706" lon="70.2951559727"><ele>1328.999</ele></trkpt>
   <trkpt lat="41.6488069742" lon="70.2951879916"><ele>1329.099</ele></trkpt>
   <trkpt lat="41.6488509792" lon="70.2951989719"><ele>1329.399</ele></trkpt>
   <trkpt lat="41.6488729816" lon="70.2952389536"><ele>1329.599</ele></trkpt>
   <trkpt lat="41.6489849639" lon="70.2956479904"><ele>1331.199</ele></trkpt>
   <trkpt lat="41.6491339941" lon="70.2958339849"><ele>1332.299</ele></trkpt>
   <trkpt lat="41.6491719641" lon="70.2959059854"><ele>1332.599</ele></trkpt>
   <trkpt lat="41.6491909911" lon="70.2959829313"><ele>1332.899</ele></trkpt>
   <trkpt lat="41.6492709963" lon="70.2961249207"><ele>1333.599</ele></trkpt>
   <trkpt lat="41.6493069966" lon="70.2962819976"><ele>1334.199</ele></trkpt>
   <trkpt lat="41.6493209944" lon="70.2965099854"><ele>1335.099</ele></trkpt>
   <trkpt lat="41.6494099683" lon="70.2966459398"><ele>1335.799</ele></trkpt>
   <trkpt lat="41.6494839805" lon="70.2968319343"><ele>1336.599</ele></trkpt>
   <trkpt lat="41.6495699788" lon="70.2969249734"><ele>1337.199</ele></trkpt>
   <trkpt lat="41.6496559771" lon="70.2971719881"><ele>1338.199</ele></trkpt>
   <trkpt lat="41.6496769738" lon="70.2972969623"><ele>1338.699</ele></trkpt>
   <trkpt lat="41.6497559732" lon="70.2974279714"><ele>1339.399</ele></trkpt>
   <trkpt lat="41.6497559732" lon="70.2977099386"><ele>1340.499</ele></trkpt>
   <trkpt lat="41.6496959588" lon="70.2978479886"><ele>1341.099</ele></trkpt>
   <trkpt lat="41.6496849785" lon="70.2979419497"><ele>1341.399</ele></trkpt>
   <trkpt lat="41.6497539616" lon="70.298190976"><ele>1342.499</ele></trkpt>
   <trkpt lat="41.6497049694" lon="70.2983959974"><ele>1343.299</ele></trkpt>
   <trkpt lat="41.6497319591" lon="70.2985889488"><ele>1343.999</ele></trkpt>
   <trkpt lat="41.6497329649" lon="70.2987339557"><ele>1344.599</ele></trkpt>
   <trkpt lat="41.6497739943" lon="70.2988939663"><ele>1345.199</ele></trkpt>
   <trkpt lat="41.6497689652" lon="70.2989699901"><ele>1345.499</ele></trkpt>
   <trkpt lat="41.649781999" lon="70.2990439185"><ele>1345.799</ele></trkpt>
   <trkpt lat="41.6498619624" lon="70.2991629415"><ele>1346.499</ele></trkpt>
   <trkpt lat="41.649888994" lon="70.2993079485"><ele>1346.999</ele></trkpt>
   <trkpt lat="41.6498839649" lon="70.2993449965"><ele>1347.199</ele></trkpt>
   <trkpt lat="41.6499139721" lon="70.2993889176"><ele>1347.399</ele></trkpt>
   <trkpt lat="41.6498569752" lon="70.2996839606"><ele>1348.599</ele></trkpt>
   <trkpt lat="41.6497579849" lon="70.3000109387"><ele>1349.899</ele></trkpt>
   <trkpt lat="41.6497619663" lon="70.300109929"><ele>1350.399</ele></trkpt>
   <trkpt lat="41.6498649799" lon="70.3002399323"><ele>1351.099</ele></trkpt>
   <trkpt lat="41.649901986" lon="70.3003569436"><ele>1351.599</ele></trkpt>
   <trkpt lat="41.6498599927" lon="70.3005479672"><ele>1352.399</ele></trkpt>
   <trkpt lat="41.6498609985" lon="70.300762963"><ele>1353.199</ele></trkpt>
   <trkpt lat="41.6498159877" lon="70.3009909508"><ele>1354.099</ele></trkpt>
   <trkpt lat="41.6498369843" lon="70.3011729219"><ele>1354.799</ele></trkpt>
   <trkpt lat="41.6498959929" lon="70.3014209424"><ele>1355.799</ele></trkpt>
   <trkpt lat="41.6499869785" lon="70.301523956"><ele>1356.399</ele></trkpt>
   <trkpt lat="41.6500039938" lon="70.3016659455"><ele>1356.999</ele></trkpt>
   <trkpt lat="41.6500609907" lon="70.3017179971"><ele>1357.399</ele></trkpt>
   <trkpt lat="41.650146989" lon="70.3017619183"><ele>1357.799</ele></trkpt>
   <trkpt lat="41.6501689915" lon="70.3018099466"><ele>1357.999</ele></trkpt>
   <trkpt lat="41.6501569635" lon="70.3020699532"><ele>1359.099</ele></trkpt>
   <trkpt lat="41.6501099829" lon="70.3022319754"><ele>1359.699</ele></trkpt>
   <trkpt lat="41.6501189935" lon="70.3023019643"><ele>1359.999</ele></trkpt>
   <trkpt lat="41.6501089771" lon="70.302359967"><ele>1360.199</ele></trkpt>
   <trkpt lat="41.6501379785" lon="70.302511931"><ele>1360.799</ele></trkpt>
   <trkpt lat="41.6502129965" lon="70.3027049662"><ele>1361.699</ele></trkpt>
   <trkpt lat="41.650234999" lon="70.3028939781"><ele>1362.399</ele></trkpt>
   <trkpt lat="41.6502959773" lon="70.3029719298"><ele>1362.799</ele></trkpt>
   <trkpt lat="41.6503789582" lon="70.3031439265"><ele>1363.599</ele></trkpt>
   <trkpt lat="41.6504109771" lon="70.3031709162"><ele>1363.799</ele></trkpt>
   <trkpt lat="41.6504979812" lon="70.3034679708"><ele>1364.999</ele></trkpt>
   <trkpt lat="41.650586997" lon="70.3035469284"><ele>1365.599</ele></trkpt>
   <trkpt lat="41.6506199798" lon="70.3036909295"><ele>1366.199</ele></trkpt>
   <trkpt lat="41.6505699818" lon="70.3038339247"><ele>1366.799</ele></trkpt>
   <trkpt lat="41.6505809621" lon="70.3038969566"><ele>1366.999</ele></trkpt>
   <trkpt lat="41.6506519987" lon="70.3041039896"><ele>1367.899</ele></trkpt>
   <trkpt lat="41.6507359854" lon="70.3041969449"><ele>1368.499</ele></trkpt>
   <trkpt lat="41.6508259651" lon="70.3044029721"><ele>1368.799</ele></trkpt>
   <trkpt lat="41.650970972" lon="70.304598941"><ele>1368.099</ele></trkpt>
   <trkpt lat="41.6510159828" lon="70.3047559341"><ele>1367.799</ele></trkpt>
   <trkpt lat="41.6510519831" lon="70.3047639807"><ele>1367.599</ele></trkpt>
   <trkpt lat="41.6510519831" lon="70.3047789843"><ele>1367.599</ele></trkpt>
   <trkpt lat="41.6510009792" lon="70.3048149427"><ele>1367.399</ele></trkpt>
   <trkpt lat="41.6510049606" lon="70.3048869432"><ele>1367.199</ele></trkpt>
   <trkpt lat="41.6509899989" lon="70.3048199718"><ele>1366.999</ele></trkpt>
   <trkpt lat="41.6509419706" lon="70.304774961"><ele>1366.799</ele></trkpt>
   <trkpt lat="41.6509279728" lon="70.3047159524"><ele>1366.599</ele></trkpt>
   <trkpt lat="41.6509409648" lon="70.3047719435"><ele>1366.499</ele></trkpt>
   <trkpt lat="41.6509729837" lon="70.304781918"><ele>1366.399</ele></trkpt>
   <trkpt lat="41.6509769651" lon="70.304768926"><ele>1366.399</ele></trkpt>
   <trkpt lat="41.6509699662" lon="70.3047789843"><ele>1366.299</ele></trkpt>
   <trkpt lat="41.650951987" lon="70.3047569399"><ele>1366.199</ele></trkpt>
   <trkpt lat="41.6509299845" lon="70.3046969255"><ele>1366.099</ele></trkpt>
   <trkpt lat="41.6509119634" lon="70.3047289443"><ele>1365.899</ele></trkpt>
   <trkpt lat="41.6509449881" lon="70.3047859413"><ele>1365.799</ele></trkpt>
   <trkpt lat="41.6509599917" lon="70.3047789843"><ele>1365.699</ele></trkpt>
   <trkpt lat="41.6509749953" lon="70.3048349754"><ele>1365.499</ele></trkpt>
   <trkpt lat="41.6510169887" lon="70.3048049682"><ele>1365.299</ele></trkpt>
   <trkpt lat="41.6510769612" lon="70.3048229893"><ele>1365.199</ele></trkpt>
   <trkpt lat="41.6512009714" lon="70.3049779707"><ele>1364.599</ele></trkpt>
   <trkpt lat="41.6512739778" lon="70.3050989215"><ele>1364.299</ele></trkpt>
   <trkpt lat="41.6512899872" lon="70.3050969937"><ele>1364.199</ele></trkpt>
   <trkpt lat="41.6512899872" lon="70.3051719279"><ele>1363.999</ele></trkpt>
   <trkpt lat="41.6512669789" lon="70.3052559984"><ele>1363.799</ele></trkpt>
   <trkpt lat="41.6512969861" lon="70.3053419967"><ele>1363.599</ele></trkpt>
   <trkpt lat="41.6513109839" lon="70.305522962"><ele>1363.099</ele></trkpt>
   <trkpt lat="41.6513689867" lon="70.3057029215"><ele>1362.699</ele></trkpt>
   <trkpt lat="41.6514169731" lon="70.3057929431"><ele>1362.399</ele></trkpt>
   <trkpt lat="41.6514519675" lon="70.3059499362"><ele>1362.099</ele></trkpt>
   <trkpt lat="41.6514909853" lon="70.3060399578"><ele>1361.799</ele></trkpt>
   <trkpt lat="41.65149899" lon="70.3060929314"><ele>1361.699</ele></trkpt>
   <trkpt lat="41.6514559908" lon="70.3062629164"><ele>1361.299</ele></trkpt>
   <trkpt lat="41.6514509617" lon="70.3065259406"><ele>1360.699</ele></trkpt>
   <trkpt lat="41.6514279953" lon="70.3066959256"><ele>1360.299</ele></trkpt>
   <trkpt lat="41.6513319806" lon="70.3069469636"><ele>1359.699</ele></trkpt>
   <trkpt lat="41.6513069606" lon="70.3073289269"><ele>1358.799</ele></trkpt>
   <trkpt lat="41.6513279992" lon="70.3075089702"><ele>1358.399</ele></trkpt>
   <trkpt lat="41.6513259875" lon="70.3076349502"><ele>1358.099</ele></trkpt>
   <trkpt lat="41.6513839903" lon="70.3077969724"><ele>1357.699</ele></trkpt>
   <trkpt lat="41.6514279953" lon="70.3078389657"><ele>1357.499</ele></trkpt>
   <trkpt lat="41.6514709944" lon="70.3078479343"><ele>1357.399</ele></trkpt>
   <trkpt lat="41.6515559869" lon="70.3079059371"><ele>1357.099</ele></trkpt>
   <trkpt lat="41.6516179711" lon="70.3080549673"><ele>1356.699</ele></trkpt>
   <trkpt lat="41.6516599645" lon="70.3083359287"><ele>1355.999</ele></trkpt>
   <trkpt lat="41.6517089986" lon="70.3084309795"><ele>1355.799</ele></trkpt>
   <trkpt lat="41.6517329708" lon="70.3085699515"><ele>1355.399</ele></trkpt>
   <trkpt lat="41.6517719886" lon="70.3086749767"><ele>1355.199</ele></trkpt>
   <trkpt lat="41.6518799894" lon="70.3088279465"><ele>1354.699</ele></trkpt>
   <trkpt lat="41.6519069791" lon="70.3089589556"><ele>1354.399</ele></trkpt>
   <trkpt lat="41.6519509841" lon="70.309031962"><ele>1354.099</ele></trkpt>
   <trkpt lat="41.6520099927" lon="70.309238995"><ele>1353.599</ele></trkpt>
   <trkpt lat="41.6521329972" lon="70.309395988"><ele>1353.099</ele></trkpt>
   <trkpt lat="41.6521249924" lon="70.3095809766"><ele>1352.699</ele></trkpt>
   <trkpt lat="41.65214096" lon="70.3096939647"><ele>1352.399</ele></trkpt>
   <trkpt lat="41.6521649741" lon="70.3098029294"><ele>1352.199</ele></trkpt>
   <trkpt lat="41.6522239827" lon="70.3099099663"><ele>1351.899</ele></trkpt>
   <trkpt lat="41.6522239827" lon="70.3100209427"><ele>1351.599</ele></trkpt>
   <trkpt lat="41.6522489608" lon="70.3102049255"><ele>1351.199</ele></trkpt>
   <trkpt lat="41.6522219711" lon="70.3102779319"><ele>1350.999</ele></trkpt>
   <trkpt lat="41.6522189955" lon="70.3104309854"><ele>1350.599</ele></trkpt>
   <trkpt lat="41.6521789719" lon="70.3105289699"><ele>1350.399</ele></trkpt>
   <trkpt lat="41.65214096" lon="70.3107829415"><ele>1349.799</ele></trkpt>
   <trkpt lat="41.6520399999" lon="70.3110639868"><ele>1349.099</ele></trkpt>
   <trkpt lat="41.6520619605" lon="70.3112089937"><ele>1348.799</ele></trkpt>
   <trkpt lat="41.6520629664" lon="70.311376967"><ele>1348.399</ele></trkpt>
   <trkpt lat="41.6520179974" lon="70.3114179545"><ele>1348.199</ele></trkpt>
   <trkpt lat="41.651995995" lon="70.3114799806"><ele>1347.999</ele></trkpt>
   <trkpt lat="41.6520289777" lon="70.3116679867"><ele>1347.599</ele></trkpt>
   <trkpt lat="41.6520859747" lon="70.3117839922"><ele>1347.299</ele></trkpt>
   <trkpt lat="41.6522869727" lon="70.3121009958"><ele>1346.299</ele></trkpt>
   <trkpt lat="41.6523369708" lon="70.3122789436"><ele>1345.899</ele></trkpt>
   <trkpt lat="41.6525309699" lon="70.312735925"><ele>1344.699</ele></trkpt>
   <trkpt lat="41.6525229652" lon="70.3128629946"><ele>1344.399</ele></trkpt>
   <trkpt lat="41.6526719954" lon="70.3130769846"><ele>1343.699</ele></trkpt>
   <trkpt lat="41.652668978" lon="70.3131839377"><ele>1343.499</ele></trkpt>
   <trkpt lat="41.6526959677" lon="70.3133599577"><ele>1343.099</ele></trkpt>
   <trkpt lat="41.6526959677" lon="70.3134789807"><ele>1342.799</ele></trkpt>
   <trkpt lat="41.6527149946" lon="70.3135509813"><ele>1342.599</ele></trkpt>
   <trkpt lat="41.6527539705" lon="70.3135999316"><ele>1342.499</ele></trkpt>
   <trkpt lat="41.6527859893" lon="70.313696994"><ele>1342.199</ele></trkpt>
   <trkpt lat="41.6528309582" lon="70.3137739399"><ele>1341.999</ele></trkpt>
   <trkpt lat="41.6529249613" lon="70.3138549929"><ele>1341.699</ele></trkpt>
   <trkpt lat="41.6530619635" lon="70.3140259837"><ele>1341.099</ele></trkpt>
   <trkpt lat="41.6531189604" lon="70.3141569928"><ele>1340.799</ele></trkpt>
   <trkpt lat="41.6531139732" lon="70.3142869962"><ele>1340.499</ele></trkpt>
   <trkpt lat="41.653127971" lon="70.3143609246"><ele>1340.299</ele></trkpt>
   <trkpt lat="41.6533159771" lon="70.314715982"><ele>1339.299</ele></trkpt>
   <trkpt lat="41.6534019754" lon="70.3147729789"><ele>1338.999</ele></trkpt>
   <trkpt lat="41.6534869679" lon="70.314797957"><ele>1339.399</ele></trkpt>
   <trkpt lat="41.6536089665" lon="70.3149389406"><ele>1340.699</ele></trkpt>
   <trkpt lat="41.6538439951" lon="70.3150529345"><ele>1342.399</ele></trkpt>
   <trkpt lat="41.6539029617" lon="70.3151699458"><ele>1342.499</ele></trkpt>
   <trkpt lat="41.6539919776" lon="70.3152549383"><ele>1341.999</ele></trkpt>
   <trkpt lat="41.6540399639" lon="70.3153799963"><ele>1341.299</ele></trkpt>
   <trkpt lat="41.654095997" lon="70.3154739575"><ele>1340.799</ele></trkpt>
   <trkpt lat="41.6542669878" lon="70.3156959941"><ele>1340.499</ele></trkpt>
   <trkpt lat="41.6543659781" lon="70.3158619558"><ele>1340.799</ele></trkpt>
   <trkpt lat="41.6543859689" lon="70.316098996"><ele>1342.299</ele></trkpt>
   <trkpt lat="41.6544679858" lon="70.3162809671"><ele>1343.699</ele></trkpt>
   <trkpt lat="41.6544769964" lon="70.3163139918"><ele>1343.999</ele></trkpt>
   <trkpt lat="41.6544629986" lon="70.3163209488"><ele>1344.299</ele></trkpt>
   <trkpt lat="41.6545639586" lon="70.3164449171"><ele>1346.199</ele></trkpt>
   <trkpt lat="41.6546409883" lon="70.3165009921"><ele>1347.599</ele></trkpt>
   <trkpt lat="41.6547359972" lon="70.3166229488"><ele>1349.599</ele></trkpt>
   <trkpt lat="41.6547669683" lon="70.3166309954"><ele>1350.199</ele></trkpt>
   <trkpt lat="41.6547739672" lon="70.3166509443"><ele>1350.499</ele></trkpt>
   <trkpt lat="41.6547839836" lon="70.3166389582"><ele>1350.699</ele></trkpt>
   <trkpt lat="41.65489496" lon="70.316677934"><ele>1352.499</ele></trkpt>
   <trkpt lat="41.6549149927" lon="70.3167009843"><ele>1352.899</ele></trkpt>
   <trkpt lat="41.6549419825" lon="70.3168129665"><ele>1353.999</ele></trkpt>
   <trkpt lat="41.6549299963" lon="70.3169199196"><ele>1354.599</ele></trkpt>
   <trkpt lat="41.6548979775" lon="70.3169639246"><ele>1354.899</ele></trkpt>
   <trkpt lat="41.6548839797" lon="70.3170359251"><ele>1355.199</ele></trkpt>
   <trkpt lat="41.6548929902" lon="70.3172519268"><ele>1355.599</ele></trkpt>
   <trkpt lat="41.6548599655" lon="70.3173819301"><ele>1355.599</ele></trkpt>
   <trkpt lat="41.65485699" lon="70.3175479756"><ele>1355.599</ele></trkpt>
   <trkpt lat="41.6548279886" lon="70.3176429426"><ele>1355.599</ele></trkpt>
   <trkpt lat="41.6548229594" lon="70.3177229897"><ele>1355.599</ele></trkpt>
   <trkpt lat="41.6548359933" lon="70.3177939845"><ele>1355.399</ele></trkpt>
   <trkpt lat="41.6549579919" lon="70.3179779672"><ele>1354.599</ele></trkpt>
   <trkpt lat="41.6550299924" lon="70.3180689947"><ele>1354.299</ele></trkpt>
   <trkpt lat="41.6550569822" lon="70.3180769575"><ele>1354.099</ele></trkpt>
   <trkpt lat="41.6550649869" lon="70.3181219683"><ele>1353.799</ele></trkpt>
   <trkpt lat="41.6550929824" lon="70.3181559989"><ele>1353.499</ele></trkpt>
   <trkpt lat="41.6551099977" lon="70.3182709986"><ele>1352.699</ele></trkpt>
   <trkpt lat="41.6551579841" lon="70.3183409875"><ele>1351.899</ele></trkpt>
   <trkpt lat="41.6552319963" lon="70.3185359505"><ele>1349.599</ele></trkpt>
   <trkpt lat="41.6553339622" lon="70.3186679655"><ele>1347.399</ele></trkpt>
   <trkpt lat="41.6554399932" lon="70.3189939377"><ele>1345.199</ele></trkpt>
   <trkpt lat="41.6554639655" lon="70.3190219333"><ele>1345.099</ele></trkpt>
   <trkpt lat="41.6555329905" lon="70.3190469952"><ele>1344.799</ele></trkpt>
   <trkpt lat="41.6555879757" lon="70.3191509308"><ele>1344.499</ele></trkpt>
   <trkpt lat="41.6557049871" lon="70.3192479932"><ele>1344.099</ele></trkpt>
   <trkpt lat="41.655755991" lon="70.3192749829"><ele>1343.999</ele></trkpt>
   <trkpt lat="41.6559109724" lon="70.319305996"><ele>1343.899</ele></trkpt>
   <trkpt lat="41.6560059812" lon="70.3193649207"><ele>1343.599</ele></trkpt>
   <trkpt lat="41.6560969668" lon="70.319550999"><ele>1342.899</ele></trkpt>
   <trkpt lat="41.6562109607" lon="70.319645966"><ele>1341.699</ele></trkpt>
   <trkpt lat="41.6562879904" lon="70.3198229918"><ele>1340.299</ele></trkpt>
   <trkpt lat="41.6563139743" lon="70.319928939"><ele>1339.799</ele></trkpt>
   <trkpt lat="41.6564079773" lon="70.320066989"><ele>1339.199</ele></trkpt>
   <trkpt lat="41.6564339612" lon="70.3203019337"><ele>1337.599</ele></trkpt>
   <trkpt lat="41.656478972" lon="70.320343927"><ele>1337.199</ele></trkpt>
   <trkpt lat="41.6565239829" lon="70.3204509639"><ele>1336.799</ele></trkpt>
   <trkpt lat="41.6566169801" lon="70.3205679753"><ele>1336.899</ele></trkpt>
   <trkpt lat="41.656673977" lon="70.3207549756"><ele>1337.199</ele></trkpt>
   <trkpt lat="41.6568329817" lon="70.3210769245"><ele>1337.899</ele></trkpt>
   <trkpt lat="41.6568519667" lon="70.3211629228"><ele>1338.399</ele></trkpt>
   <trkpt lat="41.6568889728" lon="70.3212029883"><ele>1338.899</ele></trkpt>
   <trkpt lat="41.6569789945" lon="70.3214779985"><ele>1340.999</ele></trkpt>
   <trkpt lat="41.6570359914" lon="70.3215719597"><ele>1341.599</ele></trkpt>
   <trkpt lat="41.6570499892" lon="70.3216909827"><ele>1341.899</ele></trkpt>
   <trkpt lat="41.6570239634" lon="70.3218419408"><ele>1342.199</ele></trkpt>
   <trkpt lat="41.6570879592" lon="70.3221259197"><ele>1342.399</ele></trkpt>
   <trkpt lat="41.6570979756" lon="70.3222919652"><ele>1342.099</ele></trkpt>
   <trkpt lat="41.6571699761" lon="70.3224169393"><ele>1342.099</ele></trkpt>
   <trkpt lat="41.6571989775" lon="70.3226439213"><ele>1342.799</ele></trkpt>
   <trkpt lat="41.6572389592" lon="70.3228129843"><ele>1342.999</ele></trkpt>
   <trkpt lat="41.6573009853" lon="70.322890936"><ele>1342.799</ele></trkpt>
   <trkpt lat="41.6573549647" lon="70.3230629326"><ele>1342.599</ele></trkpt>
   <trkpt lat="41.6574589842" lon="70.3232839634"><ele>1342.899</ele></trkpt>
   <trkpt lat="41.6575019833" lon="70.3235229315"><ele>1343.499</ele></trkpt>
   <trkpt lat="41.6575409592" lon="70.3235869692"><ele>1343.699</ele></trkpt>
   <trkpt lat="41.6576259936" lon="70.3236569581"><ele>1343.899</ele></trkpt>
   <trkpt lat="41.6577659714" lon="70.3241289431"><ele>1344.799</ele></trkpt>
   <trkpt lat="41.6578839886" lon="70.3242549231"><ele>1343.399</ele></trkpt>
   <trkpt lat="41.65795096" lon="70.3243799811"><ele>1343.499</ele></trkpt>
   <trkpt lat="41.6580119802" lon="70.3244549991"><ele>1343.899</ele></trkpt>
   <trkpt lat="41.6580539736" lon="70.3246149258"><ele>1344.499</ele></trkpt>
   <trkpt lat="41.658113988" lon="70.3246809752"><ele>1344.799</ele></trkpt>
   <trkpt lat="41.6582279819" lon="70.324763956"><ele>1345.399</ele></trkpt>
   <trkpt lat="41.6582769741" lon="70.3248669696"><ele>1345.899</ele></trkpt>
   <trkpt lat="41.658346963" lon="70.3249509563"><ele>1346.299</ele></trkpt>
   <trkpt lat="41.6584179996" lon="70.3250869946"><ele>1346.899</ele></trkpt>
   <trkpt lat="41.6585449854" lon="70.3252019943"><ele>1347.599</ele></trkpt>
   <trkpt lat="41.6586239849" lon="70.3254549601"><ele>1348.499</ele></trkpt>
   <trkpt lat="41.6586449816" lon="70.3256909945"><ele>1349.299</ele></trkpt>
   <trkpt lat="41.6586889865" lon="70.3257879732"><ele>1349.699</ele></trkpt>
   <trkpt lat="41.6587029843" lon="70.3258719598"><ele>1349.999</ele></trkpt>
   <trkpt lat="41.6587909943" lon="70.3260129434"><ele>1350.699</ele></trkpt>
   <trkpt lat="41.6588489971" lon="70.3260499914"><ele>1350.899</ele></trkpt>
   <trkpt lat="41.6589459757" lon="70.3262609639"><ele>1351.799</ele></trkpt>
   <trkpt lat="41.6590439601" lon="70.3264099942"><ele>1352.499</ele></trkpt>
   <trkpt lat="41.6590589638" lon="70.3264699248"><ele>1352.699</ele></trkpt>
   <trkpt lat="41.6590969757" lon="70.3265339625"><ele>1352.999</ele></trkpt>
   <trkpt lat="41.6591339818" lon="70.3265649756"><ele>1353.199</ele></trkpt>
   <trkpt lat="41.6592319662" lon="70.3265979165"><ele>1353.599</ele></trkpt>
   <trkpt lat="41.6593739976" lon="70.3267499642"><ele>1354.499</ele></trkpt>
   <trkpt lat="41.6594819984" lon="70.3267959808"><ele>1354.999</ele></trkpt>
   <trkpt lat="41.6595759595" lon="70.3268869245"><ele>1355.499</ele></trkpt>
   <trkpt lat="41.6596199645" lon="70.3269639542"><ele>1355.899</ele></trkpt>
   <trkpt lat="41.6596839604" lon="70.327015922"><ele>1356.199</ele></trkpt>
   <trkpt lat="41.6597379817" lon="70.3271589172"><ele>1356.799</ele></trkpt>
   <trkpt lat="41.6599019737" lon="70.3274149844"><ele>1357.899</ele></trkpt>
   <trkpt lat="41.6600769878" lon="70.3278189921"><ele>1359.499</ele></trkpt>
   <trkpt lat="41.6601519639" lon="70.3278869693"><ele>1359.999</ele></trkpt>
   <trkpt lat="41.6602999883" lon="70.3281459702"><ele>1361.099</ele></trkpt>
   <trkpt lat="41.6604409719" lon="70.3283069865"><ele>1361.899</ele></trkpt>
   <trkpt lat="41.6605129725" lon="70.3284229921"><ele>1362.499</ele></trkpt>
   <trkpt lat="41.6606689597" lon="70.3284579446"><ele>1363.199</ele></trkpt>
   <trkpt lat="41.6608919602" lon="70.3285939829"><ele>1364.299</ele></trkpt>
   <trkpt lat="41.6609739772" lon="70.328612926"><ele>1364.699</ele></trkpt>
   <trkpt lat="41.6611599716" lon="70.3287169454"><ele>1365.599</ele></trkpt>
   <trkpt lat="41.6611799624" lon="70.328737984"><ele>1365.699</ele></trkpt>
   <trkpt lat="41.6611669705" lon="70.3287489643"><ele>1365.799</ele></trkpt>
   <trkpt lat="41.6612699841" lon="70.3288319451"><ele>1366.399</ele></trkpt>
   <trkpt lat="41.6614619716" lon="70.3289439273"><ele>1367.299</ele></trkpt>
   <trkpt lat="41.6615269732" lon="70.3290179395"><ele>1367.699</ele></trkpt>
   <trkpt lat="41.6616329624" lon="70.3290899401"><ele>1368.299</ele></trkpt>
   <trkpt lat="41.6617099921" lon="70.3290819773"><ele>1368.599</ele></trkpt>
   <trkpt lat="41.6617909613" lon="70.3290379723"><ele>1368.999</ele></trkpt>
   <trkpt lat="41.6619449787" lon="70.3290429176"><ele>1369.799</ele></trkpt>
   <trkpt lat="41.661993971" lon="70.3290039418"><ele>1369.999</ele></trkpt>
   <trkpt lat="41.6619989582" lon="70.3290319373"><ele>1370.099</ele></trkpt>
   <trkpt lat="41.6620019757" lon="70.3289869265"><ele>1370.299</ele></trkpt>
   <trkpt lat="41.6620639599" lon="70.3289399878"><ele>1370.699</ele></trkpt>
   <trkpt lat="41.6620479923" lon="70.3289339529"><ele>1370.699</ele></trkpt>
   <trkpt lat="41.6620509679" lon="70.3289539856"><ele>1370.799</ele></trkpt>
   <trkpt lat="41.6620339946" lon="70.3289599368"><ele>1370.899</ele></trkpt>
   <trkpt lat="41.6620419993" lon="70.3289669776"><ele>1370.999</ele></trkpt>
   <trkpt lat="41.6620129979" lon="70.3289639601"><ele>1371.099</ele></trkpt>
   <trkpt lat="41.661999964" lon="70.3289269959"><ele>1371.299</ele></trkpt>
   <trkpt lat="41.6620119921" lon="70.3288819851"><ele>1371.399</ele></trkpt>
   <trkpt lat="41.6619729743" lon="70.3289069631"><ele>1371.599</ele></trkpt>
   <trkpt lat="41.6619769976" lon="70.3289419995"><ele>1371.799</ele></trkpt>
   <trkpt lat="41.6620029815" lon="70.3289699951"><ele>1371.899</ele></trkpt>
   <trkpt lat="41.6619919593" lon="70.3290409898"><ele>1372.199</ele></trkpt>
   <trkpt lat="41.6619599823" lon="70.3289699951"><ele>1372.499</ele></trkpt>
   <trkpt lat="41.6619729743" lon="70.3288969887"><ele>1372.799</ele></trkpt>
   <trkpt lat="41.6620169793" lon="70.3289999184"><ele>1373.399</ele></trkpt>
   <trkpt lat="41.6619869721" lon="70.3290159279"><ele>1373.499</ele></trkpt>
   <trkpt lat="41.6620719646" lon="70.3290479468"><ele>1373.999</ele></trkpt>
   <trkpt lat="41.6620979904" lon="70.329196977"><ele>1374.499</ele></trkpt>
   <trkpt lat="41.6621259859" lon="70.3292219551"><ele>1374.699</ele></trkpt>
   <trkpt lat="41.6621859585" lon="70.3293649503"><ele>1375.299</ele></trkpt>
   <trkpt lat="41.6623889682" lon="70.3293239628"><ele>1376.299</ele></trkpt>
   <trkpt lat="41.6624679676" lon="70.329278952"><ele>1376.699</ele></trkpt>
   <trkpt lat="41.662527982" lon="70.3292939556"><ele>1376.899</ele></trkpt>
   <trkpt lat="41.6626699715" lon="70.3293959634"><ele>1377.699</ele></trkpt>
   <trkpt lat="41.6627659862" lon="70.3295479273"><ele>1378.399</ele></trkpt>
   <trkpt lat="41.6629789703" lon="70.3297449858"><ele>1379.599</ele></trkpt>
   <trkpt lat="41.6630349614" lon="70.3298549564"><ele>1379.999</ele></trkpt>
   <trkpt lat="41.6630769967" lon="70.3299979517"><ele>1380.599</ele></trkpt>
   <trkpt lat="41.6631219656" lon="70.3300619894"><ele>1380.899</ele></trkpt>
   <trkpt lat="41.6631469856" lon="70.3301549447"><ele>1381.199</ele></trkpt>
   <trkpt lat="41.6631259889" lon="70.3302319744"><ele>1381.499</ele></trkpt>
   <trkpt lat="41.6630789664" lon="70.3302749736"><ele>1381.799</ele></trkpt>
   <trkpt lat="41.66315696" lon="70.3303019633"><ele>1382.199</ele></trkpt>
   <trkpt lat="41.6631809742" lon="70.330334988"><ele>1382.299</ele></trkpt>
   <trkpt lat="41.6632469817" lon="70.3306269297"><ele>1383.399</ele></trkpt>
   <trkpt lat="41.6633689803" lon="70.3309209668"><ele>1384.599</ele></trkpt>
   <trkpt lat="41.6633989875" lon="70.3310289257"><ele>1384.999</ele></trkpt>
   <trkpt lat="41.6634119794" lon="70.331170999"><ele>1384.099</ele></trkpt>
   <trkpt lat="41.6634489855" lon="70.3313239687"><ele>1382.999</ele></trkpt>
   <trkpt lat="41.6635839761" lon="70.3314859909"><ele>1381.499</ele></trkpt>
   <trkpt lat="41.6636589941" lon="70.331711967"><ele>1381.899</ele></trkpt>
   <trkpt lat="41.6636839722" lon="70.3318149806"><ele>1382.399</ele></trkpt>
   <trkpt lat="41.66372299" lon="70.3322159709"><ele>1384.499</ele></trkpt>
   <trkpt lat="41.6637739938" lon="70.3323169728"><ele>1385.099</ele></trkpt>
   <trkpt lat="41.6639129658" lon="70.3324829345"><ele>1386.399</ele></trkpt>
   <trkpt lat="41.6640099863" lon="70.3327009478"><ele>1387.699</ele></trkpt>
   <trkpt lat="41.664143971" lon="70.3328309511"><ele>1388.799</ele></trkpt>
   <trkpt lat="41.664200968" lon="70.3329479625"><ele>1389.499</ele></trkpt>
   <trkpt lat="41.6644359965" lon="70.3330609505"><ele>1391.199</ele></trkpt>
   <trkpt lat="41.6645249704" lon="70.3330499702"><ele>1391.899</ele></trkpt>
   <trkpt lat="41.6646479749" lon="70.3330839169"><ele>1392.699</ele></trkpt>
   <trkpt lat="41.6647409721" lon="70.3330859286"><ele>1393.399</ele></trkpt>
   <trkpt lat="41.6648729871" lon="70.3331539897"><ele>1394.399</ele></trkpt>
   <trkpt lat="41.6650589815" lon="70.3333239747"><ele>1395.899</ele></trkpt>
   <trkpt lat="41.6651049981" lon="70.3333329433"><ele>1396.199</ele></trkpt>
   <trkpt lat="41.6651979954" lon="70.3334009205"><ele>1396.899</ele></trkpt>
   <trkpt lat="41.6653399848" lon="70.3334709932"><ele>1397.999</ele></trkpt>
   <trkpt lat="41.6655419887" lon="70.333478956"><ele>1399.299</ele></trkpt>
   <trkpt lat="41.6656569884" lon="70.3335249727"><ele>1400.199</ele></trkpt>
   <trkpt lat="41.6657179667" lon="70.3334949655"><ele>1400.599</ele></trkpt>
   <trkpt lat="41.6657869917" lon="70.3335099691"><ele>1401.099</ele></trkpt>
   <trkpt lat="41.665891975" lon="70.3335809638"><ele>1401.899</ele></trkpt>
   <trkpt lat="41.6659719803" lon="70.3336879169"><ele>1402.699</ele></trkpt>
   <trkpt lat="41.6660439809" lon="70.3337179241"><ele>1403.199</ele></trkpt>
   <trkpt lat="41.6660699648" lon="70.3337669582"><ele>1403.499</ele></trkpt>
   <trkpt lat="41.6661129639" lon="70.3337779385"><ele>1403.799</ele></trkpt>
   <trkpt lat="41.6661579747" lon="70.3337449977"><ele>1404.199</ele></trkpt>
   <trkpt lat="41.6662389858" lon="70.3337269766"><ele>1404.699</ele></trkpt>
   <trkpt lat="41.6663209608" lon="70.3338049283"><ele>1405.299</ele></trkpt>
   <trkpt lat="41.6663869683" lon="70.3338179202"><ele>1405.799</ele></trkpt>
   <trkpt lat="41.6665779919" lon="70.333950941"><ele>1407.399</ele></trkpt>
   <trkpt lat="41.6667679677" lon="70.3339689621"><ele>1408.599</ele></trkpt>
   <trkpt lat="41.6669719833" lon="70.3339359374"><ele>1409.899</ele></trkpt>
   <trkpt lat="41.6670749969" lon="70.3339609993"><ele>1410.599</ele></trkpt>
   <trkpt lat="41.6671329996" lon="70.3339489294"><ele>1410.999</ele></trkpt>
   <trkpt lat="41.6672159805" lon="70.3339849715"><ele>1411.499</ele></trkpt>
   <trkpt lat="41.6672919624" lon="70.3339939402"><ele>1411.999</ele></trkpt>
   <trkpt lat="41.6673569641" lon="70.3339629271"><ele>1412.499</ele></trkpt>
   <trkpt lat="41.6674779988" lon="70.3339529527"><ele>1413.299</ele></trkpt>
   <trkpt lat="41.6676119835" lon="70.333912971"><ele>1414.099</ele></trkpt>
   <trkpt lat="41.6676689804" lon="70.3338669543"><ele>1414.599</ele></trkpt>
   <trkpt lat="41.6677349879" lon="70.3337539663"><ele>1415.299</ele></trkpt>
   <trkpt lat="41.6677609718" lon="70.3337459197"><ele>1415.399</ele></trkpt>
   <trkpt lat="41.6678759715" lon="70.3338099574"><ele>1416.199</ele></trkpt>
   <trkpt lat="41.6679649873" lon="70.3338949499"><ele>1416.899</ele></trkpt>
   <trkpt lat="41.668004969" lon="70.3339829599"><ele>1417.499</ele></trkpt>
   <trkpt lat="41.6680979662" lon="70.3340379452"><ele>1418.099</ele></trkpt>
   <trkpt lat="41.6681959926" lon="70.3341749893"><ele>1418.999</ele></trkpt>
   <trkpt lat="41.6682119601" lon="70.3342629993"><ele>1419.599</ele></trkpt>
   <trkpt lat="41.6682599884" lon="70.3343169787"><ele>1419.999</ele></trkpt>
   <trkpt lat="41.6682539954" lon="70.3343589721"><ele>1420.299</ele></trkpt>
   <trkpt lat="41.6683289715" lon="70.3345779912"><ele>1421.499</ele></trkpt>
   <trkpt lat="41.6684189931" lon="70.3345939168"><ele>1422.099</ele></trkpt>
   <trkpt lat="41.6685089728" lon="70.3345369199"><ele>1422.699</ele></trkpt>
   <trkpt lat="41.6685919956" lon="70.3345129476"><ele>1423.199</ele></trkpt>
   <trkpt lat="41.6687039778" lon="70.3345369199"><ele>1423.999</ele></trkpt>
   <trkpt lat="41.66877799" lon="70.3345829365"><ele>1424.499</ele></trkpt>
   <trkpt lat="41.6689009945" lon="70.3345469781"><ele>1425.299</ele></trkpt>
   <trkpt lat="41.6689909742" lon="70.3345739679"><ele>1425.899</ele></trkpt>
   <trkpt lat="41.6691499789" lon="70.3346639895"><ele>1426.999</ele></trkpt>
   <trkpt lat="41.6692069758" lon="70.3347509937"><ele>1427.599</ele></trkpt>
   <trkpt lat="41.6693539944" lon="70.3348189709"><ele>1428.599</ele></trkpt>
   <trkpt lat="41.6695109875" lon="70.3350719367"><ele>1430.199</ele></trkpt>
   <trkpt lat="41.6695659727" lon="70.3350189631"><ele>1430.599</ele></trkpt>
   <trkpt lat="41.6696209999" lon="70.3349949909"><ele>1430.999</ele></trkpt>
   <trkpt lat="41.6697689824" lon="70.3349839268"><ele>1431.899</ele></trkpt>
   <trkpt lat="41.6699069905" lon="70.3350209748"><ele>1432.799</ele></trkpt>
   <trkpt lat="41.6700449985" lon="70.3350219806"><ele>1433.699</ele></trkpt>
   <trkpt lat="41.6702859782" lon="70.3349539195"><ele>1435.299</ele></trkpt>
   <trkpt lat="41.6704419654" lon="70.3349649837"><ele>1436.299</ele></trkpt>
   <trkpt lat="41.670513966" lon="70.3349389998"><ele>1436.799</ele></trkpt>
   <trkpt lat="41.6706999604" lon="70.3349689232"><ele>1437.999</ele></trkpt>
   <trkpt lat="41.6709639904" lon="70.3350569331"><ele>1439.699</ele></trkpt>
   <trkpt lat="41.6710629807" lon="70.3350639739"><ele>1440.399</ele></trkpt>
   <trkpt lat="41.671198977" lon="70.3350019479"><ele>1441.299</ele></trkpt>
   <trkpt lat="41.6713339676" lon="70.3350029537"><ele>1442.099</ele></trkpt>
   <trkpt lat="41.6714399987" lon="70.3349499801"><ele>1442.899</ele></trkpt>
   <trkpt lat="41.6717379753" lon="70.3349989304"><ele>1444.799</ele></trkpt>
   <trkpt lat="41.6719329803" lon="70.3350039595"><ele>1445.999</ele></trkpt>
   <trkpt lat="41.6720649953" lon="70.3350559273"><ele>1446.899</ele></trkpt>
   <trkpt lat="41.6721969683" lon="70.3350799834"><ele>1447.799</ele></trkpt>
   <trkpt lat="41.6723599963" lon="70.3350489703"><ele>1448.799</ele></trkpt>
   <trkpt lat="41.6724339666" lon="70.3350629681"><ele>1449.299</ele></trkpt>
   <trkpt lat="41.672531993" lon="70.3350519878"><ele>1449.899</ele></trkpt>
   <trkpt lat="41.6726809813" lon="70.3351129242"><ele>1450.899</ele></trkpt>
   <trkpt lat="41.6728809735" lon="70.3351479606"><ele>1452.199</ele></trkpt>
   <trkpt lat="41.6729999966" lon="70.3351449431"><ele>1452.999</ele></trkpt>
   <trkpt lat="41.6731349871" lon="70.3352049575"><ele>1453.899</ele></trkpt>
   <trkpt lat="41.6732859871" lon="70.3351789736"><ele>1454.899</ele></trkpt>
   <trkpt lat="41.6735459937" lon="70.3351719328"><ele>1456.499</ele></trkpt>
   <trkpt lat="41.6736159826" lon="70.3352039517"><ele>1456.999</ele></trkpt>
   <trkpt lat="41.6737669826" lon="70.3352219728"><ele>1457.999</ele></trkpt>
   <trkpt lat="41.6739709981" lon="70.3352869326"><ele>1459.299</ele></trkpt>
   <trkpt lat="41.6741249737" lon="70.3354199534"><ele>1460.499</ele></trkpt>
   <trkpt lat="41.6743769756" lon="70.3355499567"><ele>1462.499</ele></trkpt>
   <trkpt lat="41.674606975" lon="70.3356129886"><ele>1464.399</ele></trkpt>
   <trkpt lat="41.674688992" lon="70.3356239689"><ele>1464.999</ele></trkpt>
   <trkpt lat="41.6746789756" lon="70.3356139944"><ele>1465.099</ele></trkpt>
   <trkpt lat="41.6746909617" lon="70.3356019245"><ele>1465.199</ele></trkpt>
   <trkpt lat="41.6747919636" lon="70.3356459295"><ele>1466.199</ele></trkpt>
   <trkpt lat="41.6748869725" lon="70.3356539761"><ele>1466.899</ele></trkpt>
   <trkpt lat="41.6750149642" lon="70.3357369569"><ele>1468.099</ele></trkpt>
   <trkpt lat="41.6751719991" lon="70.3358929442"><ele>1469.599</ele></trkpt>
   <trkpt lat="41.6752579975" lon="70.3360589897"><ele>1470.799</ele></trkpt>
   <trkpt lat="41.6753069897" lon="70.3360969597"><ele>1471.199</ele></trkpt>
   <trkpt lat="41.6753339794" lon="70.3361799405"><ele>1471.799</ele></trkpt>
   <trkpt lat="41.6754219894" lon="70.3363509313"><ele>1472.999</ele></trkpt>
   <trkpt lat="41.6755359833" lon="70.3364399472"><ele>1473.999</ele></trkpt>
   <trkpt lat="41.6757419686" lon="70.3366979421"><ele>1476.299</ele></trkpt>
   <trkpt lat="41.675889993" lon="70.3367819288"><ele>1477.499</ele></trkpt>
   <trkpt lat="41.6760099799" lon="70.3369009518"><ele>1478.699</ele></trkpt>
   <trkpt lat="41.6761629915" lon="70.3369959188"><ele>1479.999</ele></trkpt>
   <trkpt lat="41.6762189827" lon="70.3370539216"><ele>1480.599</ele></trkpt>
   <trkpt lat="41.6763939968" lon="70.3370619682"><ele>1481.899</ele></trkpt>
   <trkpt lat="41.6764699788" lon="70.337100944"><ele>1482.599</ele></trkpt>
   <trkpt lat="41.6767509821" lon="70.3373289318"><ele>1485.199</ele></trkpt>
   <trkpt lat="41.6769179915" lon="70.3375019343"><ele>1486.799</ele></trkpt>
   <trkpt lat="41.6770839951" lon="70.3376009246"><ele>1488.299</ele></trkpt>
   <trkpt lat="41.6771469851" lon="70.3377409862"><ele>1489.199</ele></trkpt>
   <trkpt lat="41.6772549859" lon="70.3379169223"><ele>1490.599</ele></trkpt>
   <trkpt lat="41.6773459715" lon="70.3379909345"><ele>1491.399</ele></trkpt>
   <trkpt lat="41.6773899764" lon="70.338050949"><ele>1491.899</ele></trkpt>
   <trkpt lat="41.6774689759" lon="70.338081962"><ele>1492.599</ele></trkpt>
   <trkpt lat="41.6775309601" lon="70.3382529528"><ele>1493.699</ele></trkpt>
   <trkpt lat="41.6776419784" lon="70.3383369395"><ele>1494.699</ele></trkpt>
   <trkpt lat="41.6777759631" lon="70.3383819503"><ele>1495.799</ele></trkpt>
   <trkpt lat="41.6780029869" lon="70.3385489178"><ele>1497.799</ele></trkpt>
   <trkpt lat="41.6781229739" lon="70.3387179808"><ele>1499.199</ele></trkpt>
   <trkpt lat="41.6783289591" lon="70.3389019636"><ele>1501.099</ele></trkpt>
   <trkpt lat="41.6784189808" lon="70.3390159575"><ele>1502.099</ele></trkpt>
   <trkpt lat="41.6785589586" lon="70.3390909755"><ele>1503.299</ele></trkpt>
   <trkpt lat="41.6786569849" lon="70.3391809971"><ele>1504.199</ele></trkpt>
   <trkpt lat="41.678819971" lon="70.3395109927"><ele>1506.599</ele></trkpt>
   <trkpt lat="41.6789549616" lon="70.3395729349"><ele>1507.699</ele></trkpt>
   <trkpt lat="41.6790179935" lon="70.339678966"><ele>1508.499</ele></trkpt>
   <trkpt lat="41.6790879824" lon="70.3397319396"><ele>1509.099</ele></trkpt>
   <trkpt lat="41.6791459852" lon="70.3398339474"><ele>1509.899</ele></trkpt>
   <trkpt lat="41.6793209993" lon="70.3399729193"><ele>1511.499</ele></trkpt>
   <trkpt lat="41.6794459735" lon="70.3401249671"><ele>1512.799</ele></trkpt>
   <trkpt lat="41.6798439881" lon="70.3404469998"><ele>1516.499</ele></trkpt>
   <trkpt lat="41.6799809904" lon="70.3406749876"><ele>1518.199</ele></trkpt>
   <trkpt lat="41.6800319942" lon="70.3408619878"><ele>1519.399</ele></trkpt>
   <trkpt lat="41.680108982" lon="70.3409299651"><ele>1520.099</ele></trkpt>
   <trkpt lat="41.6801429706" lon="70.3410079168"><ele>1520.699</ele></trkpt>
   <trkpt lat="41.6804049889" lon="70.3412099206"><ele>1522.999</ele></trkpt>
   <trkpt lat="41.6806629839" lon="70.3413739545"><ele>1525.299</ele></trkpt>
   <trkpt lat="41.6807389659" lon="70.3414769681"><ele>1526.099</ele></trkpt>
   <trkpt lat="41.6808469667" lon="70.3415109986"><ele>1526.999</ele></trkpt>
   <trkpt lat="41.680963978" lon="70.3416039539"><ele>1528.099</ele></trkpt>
   <trkpt lat="41.6810069772" lon="70.3419609391"><ele>1530.099</ele></trkpt>
   <trkpt lat="41.6810659858" lon="70.3420969774"><ele>1530.699</ele></trkpt>
   <trkpt lat="41.6810919697" lon="70.34221994"><ele>1531.099</ele></trkpt>
   <trkpt lat="41.6812309836" lon="70.3424099577"><ele>1532.099</ele></trkpt>
   <trkpt lat="41.6812549977" lon="70.3425669507"><ele>1532.599</ele></trkpt>
   <trkpt lat="41.6812499686" lon="70.3427249496"><ele>1533.199</ele></trkpt>
   <trkpt lat="41.6813369727" lon="70.3428519355"><ele>1533.799</ele></trkpt>
   <trkpt lat="41.6813879766" lon="70.3429639177"><ele>1534.299</ele></trkpt>
   <trkpt lat="41.6815849933" lon="70.343677972"><ele>1536.899</ele></trkpt>
   <trkpt lat="41.681768976" lon="70.3438359709"><ele>1537.999</ele></trkpt>
   <trkpt lat="41.6818179683" lon="70.3439289262"><ele>1538.399</ele></trkpt>
   <trkpt lat="41.6818809583" lon="70.3439909523"><ele>1538.699</ele></trkpt>
   <trkpt lat="41.6819569821" lon="70.3441349534"><ele>1539.299</ele></trkpt>
   <trkpt lat="41.6821239915" lon="70.3443369572"><ele>1540.399</ele></trkpt>
   <trkpt lat="41.6823559607" lon="70.3444949561"><ele>1541.599</ele></trkpt>
   <trkpt lat="41.6824149693" lon="70.3445569822"><ele>1541.999</ele></trkpt>
   <trkpt lat="41.6824759896" lon="70.3446609178"><ele>1542.399</ele></trkpt>
   <trkpt lat="41.6825359621" lon="70.3447129694"><ele>1542.799</ele></trkpt>
   <trkpt lat="41.6826709945" lon="70.344941963"><ele>1543.799</ele></trkpt>
   <trkpt lat="41.682818977" lon="70.3450349183"><ele>1544.599</ele></trkpt>
   <trkpt lat="41.6828929892" lon="70.3451079247"><ele>1544.999</ele></trkpt>
   <trkpt lat="41.6829589967" lon="70.3451309749"><ele>1546.199</ele></trkpt>
   <trkpt lat="41.6830879942" lon="70.3452269477"><ele>1549.899</ele></trkpt>
   <trkpt lat="41.6832319953" lon="70.3452619841"><ele>1550.799</ele></trkpt>
   <trkpt lat="41.6834179897" lon="70.3452619841"><ele>1551.299</ele></trkpt>
   <trkpt lat="41.683497995" lon="70.3453099286"><ele>1552.499</ele></trkpt>
   <trkpt lat="41.68351698" lon="70.3453589627"><ele>1553.699</ele></trkpt>
   <trkpt lat="41.683510987" lon="70.3455049754"><ele>1559.499</ele></trkpt>
   <trkpt lat="41.6835559978" lon="70.3455519979"><ele>1560.999</ele></trkpt>
   <trkpt lat="41.6836449717" lon="70.3455789876"><ele>1560.599</ele></trkpt>
   <trkpt lat="41.6837609772" lon="70.3457869427"><ele>1565.899</ele></trkpt>
   <trkpt lat="41.6838339836" lon="70.3458269243"><ele>1566.199</ele></trkpt>
   <trkpt lat="41.6838429941" lon="70.3459669859"><ele>1568.999</ele></trkpt>
   <trkpt lat="41.6838919864" lon="70.3460619529"><ele>1572.399</ele></trkpt>
   <trkpt lat="41.6839679683" lon="70.346130936"><ele>1572.599</ele></trkpt>
   <trkpt lat="41.6840159966" lon="70.3461449337"><ele>1572.299</ele></trkpt>
   <trkpt lat="41.6840489794" lon="70.346198997"><ele>1574.599</ele></trkpt>
   <trkpt lat="41.6841179625" lon="70.3462429182"><ele>1576.599</ele></trkpt>
   <trkpt lat="41.6841739955" lon="70.3463309282"><ele>1580.199</ele></trkpt>
   <trkpt lat="41.6841779769" lon="70.3464019229"><ele>1581.099</ele></trkpt>
   <trkpt lat="41.6841429825" lon="70.3464649548"><ele>1583.099</ele></trkpt>
   <trkpt lat="41.6841659908" lon="70.3465229576"><ele>1584.199</ele></trkpt>
   <trkpt lat="41.684214983" lon="70.3465779429"><ele>1586.299</ele></trkpt>
   <trkpt lat="41.6842879894" lon="70.3467359417"><ele>1589.199</ele></trkpt>
   <trkpt lat="41.6844159811" lon="70.3468529531"><ele>1593.099</ele></trkpt>
   <trkpt lat="41.6844739838" lon="70.3468419728"><ele>1594.099</ele></trkpt>
   <trkpt lat="41.684535968" lon="70.3468689625"><ele>1595.999</ele></trkpt>
   <trkpt lat="41.6845469902" lon="70.3469369398"><ele>1599.499</ele></trkpt>
   <trkpt lat="41.6845889835" lon="70.3469799389"><ele>1601.499</ele></trkpt>
   <trkpt lat="41.6846219663" lon="70.3471209226"><ele>1605.499</ele></trkpt>
   <trkpt lat="41.6846589724" lon="70.3471219284"><ele>1606.399</ele></trkpt>
   <trkpt lat="41.6847199927" lon="70.3470159811"><ele>1605.999</ele></trkpt>
   <trkpt lat="41.6847929991" lon="70.3471279634"><ele>1610.499</ele></trkpt>
   <trkpt lat="41.6848449669" lon="70.3470939328"><ele>1611.999</ele></trkpt>
   <trkpt lat="41.6849729585" lon="70.3471829486"><ele>1616.099</ele></trkpt>
   <trkpt lat="41.6850539696" lon="70.3471559589"><ele>1616.199</ele></trkpt>
   <trkpt lat="41.685151996" lon="70.3471899894"><ele>1619.299</ele></trkpt>
   <trkpt lat="41.6852429815" lon="70.3471959406"><ele>1620.899</ele></trkpt>
   <trkpt lat="41.685365986" lon="70.3472949309"><ele>1625.299</ele></trkpt>
   <trkpt lat="41.6854629646" lon="70.347305995"><ele>1627.899</ele></trkpt>
   <trkpt lat="41.6854999707" lon="70.3473699489"><ele>1629.599</ele></trkpt>
   <trkpt lat="41.6855679898" lon="70.347381935"><ele>1630.599</ele></trkpt>
   <trkpt lat="41.6856599812" lon="70.3473239323"><ele>1631.599</ele></trkpt>
   <trkpt lat="41.6857089734" lon="70.347330973"><ele>1633.599</ele></trkpt>
   <trkpt lat="41.685736969" lon="70.3473719606"><ele>1635.999</ele></trkpt>
   <trkpt lat="41.6857529784" lon="70.3474379261"><ele>1638.299</ele></trkpt>
   <trkpt lat="41.6858349953" lon="70.3475259361"><ele>1642.199</ele></trkpt>
   <trkpt lat="41.685843964" lon="70.3475809214"><ele>1642.699</ele></trkpt>
   <trkpt lat="41.6858849934" lon="70.3476649919"><ele>1644.199</ele></trkpt>
   <trkpt lat="41.6859359973" lon="70.3477059794"><ele>1645.599</ele></trkpt>
   <trkpt lat="41.6859669684" lon="70.3477639822"><ele>1646.899</ele></trkpt>
   <trkpt lat="41.6859539765" lon="70.3478449514"><ele>1647.499</ele></trkpt>
   <trkpt lat="41.6859069959" lon="70.3479109169"><ele>1648.499</ele></trkpt>
   <trkpt lat="41.6858869631" lon="70.3481849213"><ele>1653.799</ele></trkpt>
   <trkpt lat="41.685830972" lon="70.3483529785"><ele>1657.199</ele></trkpt>
   <trkpt lat="41.6858739712" lon="70.3485039366"><ele>1659.699</ele></trkpt>
   <trkpt lat="41.6859659626" lon="70.3486489435"><ele>1661.399</ele></trkpt>
   <trkpt lat="41.6860709878" lon="70.3487569862"><ele>1662.899</ele></trkpt>
   <trkpt lat="41.6862379973" lon="70.3487959621"><ele>1665.999</ele></trkpt>
   <trkpt lat="41.6862899651" lon="70.3488809546"><ele>1668.499</ele></trkpt>
   <trkpt lat="41.6863889972" lon="70.3489009873"><ele>1670.099</ele></trkpt>
   <trkpt lat="41.6865019853" lon="70.3489889973"><ele>1671.499</ele></trkpt>
   <trkpt lat="41.6865319925" lon="70.3489809507"><ele>1671.499</ele></trkpt>
   <trkpt lat="41.6866179908" lon="70.3490279732"><ele>1671.799</ele></trkpt>
   <trkpt lat="41.6866879797" lon="70.349015987"><ele>1670.799</ele></trkpt>
   <trkpt lat="41.6867439708" lon="70.3490549629"><ele>1670.299</ele></trkpt>
   <trkpt lat="41.6868659694" lon="70.3490949446"><ele>1667.499</ele></trkpt>
   <trkpt lat="41.6869029755" lon="70.3490529512"><ele>1666.199</ele></trkpt>
   <trkpt lat="41.6869319769" lon="70.3490789351"><ele>1665.999</ele></trkpt>
   <trkpt lat="41.686949998" lon="70.3490709723"><ele>1665.999</ele></trkpt>
   <trkpt lat="41.6869829808" lon="70.3491139715"><ele>1664.999</ele></trkpt>
   <trkpt lat="41.6870859944" lon="70.3491199226"><ele>1662.699</ele></trkpt>
   <trkpt lat="41.6871539716" lon="70.349154959"><ele>1660.799</ele></trkpt>
   <trkpt lat="41.6871439972" lon="70.349160994"><ele>1660.799</ele></trkpt>
   <trkpt lat="41.6872059813" lon="70.3491409612"><ele>1659.699</ele></trkpt>
   <trkpt lat="41.6873449952" lon="70.3491919232"><ele>1655.799</ele></trkpt>
   <trkpt lat="41.6873869885" lon="70.3491829546"><ele>1654.899</ele></trkpt>
   <trkpt lat="41.6874129724" lon="70.3492189967"><ele>1653.799</ele></trkpt>
   <trkpt lat="41.6874349749" lon="70.3493229323"><ele>1651.899</ele></trkpt>
   <trkpt lat="41.6874449913" lon="70.3493019776"><ele>1652.099</ele></trkpt>
   <trkpt lat="41.6874319994" lon="70.3493089346"><ele>1652.099</ele></trkpt>
   <trkpt lat="41.6874349749" lon="70.3492909973"><ele>1652.099</ele></trkpt>
   <trkpt lat="41.6874389982" lon="70.3493039892"><ele>1652.099</ele></trkpt>
   <trkpt lat="41.6874119666" lon="70.349324944"><ele>1653.299</ele></trkpt>
   <trkpt lat="41.687408991" lon="70.3492959426"><ele>1653.399</ele></trkpt>
   <trkpt lat="41.6874389982" lon="70.3493269557"><ele>1651.899</ele></trkpt>
   <trkpt lat="41.6874559716" lon="70.3493009718"><ele>1652.099</ele></trkpt>
   <trkpt lat="41.6875049638" lon="70.3491959465"><ele>1649.699</ele></trkpt>
   <trkpt lat="41.687490966" lon="70.3491769196"><ele>1651.499</ele></trkpt>
   <trkpt lat="41.6874999766" lon="70.3491979582"><ele>1649.699</ele></trkpt>
   <trkpt lat="41.6875049638" lon="70.3491799371"><ele>1649.999</ele></trkpt>
   <trkpt lat="41.6875369827" lon="70.3491889895"><ele>1648.199</ele></trkpt>
   <trkpt lat="41.6874999766" lon="70.3491689568"><ele>1649.999</ele></trkpt>
   <trkpt lat="41.687490966" lon="70.3490839643"><ele>1651.699</ele></trkpt>
   <trkpt lat="41.6874889963" lon="70.3490999737"><ele>1651.699</ele></trkpt>
   <trkpt lat="41.6874769683" lon="70.3490779293"><ele>1651.699</ele></trkpt>
   <trkpt lat="41.6874939835" lon="70.349072984"><ele>1651.699</ele></trkpt>
   <trkpt lat="41.6874839672" lon="70.3490939387"><ele>1651.699</ele></trkpt>
   <trkpt lat="41.6874979649" lon="70.3490469163"><ele>1650.099</ele></trkpt>
   <trkpt lat="41.6874969591" lon="70.3490749956"><ele>1650.099</ele></trkpt>
   <trkpt lat="41.6874869846" lon="70.3490649374"><ele>1651.699</ele></trkpt>
   <trkpt lat="41.6874939835" lon="70.3490779293"><ele>1651.699</ele></trkpt>
   <trkpt lat="41.6874779741" lon="70.3490809468"><ele>1651.699</ele></trkpt>
   <trkpt lat="41.6874989708" lon="70.3490999737"><ele>1650.099</ele></trkpt>
   <trkpt lat="41.687484973" lon="70.3490929329"><ele>1651.699</ele></trkpt>
   <trkpt lat="41.687484973" lon="70.3490549629"><ele>1651.599</ele></trkpt>
   <trkpt lat="41.6875249966" lon="70.3490689607"><ele>1650.099</ele></trkpt>
   <trkpt lat="41.6875109988" lon="70.3490649374"><ele>1650.099</ele></trkpt>
   <trkpt lat="41.6875129685" lon="70.349079941"><ele>1650.099</ele></trkpt>
   <trkpt lat="41.6875089871" lon="70.3490409651"><ele>1650.099</ele></trkpt>
   <trkpt lat="41.6875059697" lon="70.3490559687"><ele>1650.099</ele></trkpt>
   <trkpt lat="41.6874989708" lon="70.3490419709"><ele>1650.099</ele></trkpt>
   <trkpt lat="41.6875299838" lon="70.3490329185"><ele>1648.499</ele></trkpt>
   <trkpt lat="41.6875079813" lon="70.349035936"><ele>1650.099</ele></trkpt>
   <trkpt lat="41.6874999766" lon="70.3490849701"><ele>1650.099</ele></trkpt>
   <trkpt lat="41.6875249966" lon="70.3490959504"><ele>1650.099</ele></trkpt>
   <trkpt lat="41.6875129685" lon="70.3490949446"><ele>1650.099</ele></trkpt>
   <trkpt lat="41.6875029941" lon="70.3491269634"><ele>1650.099</ele></trkpt>
   <trkpt lat="41.6874919719" lon="70.3491389496"><ele>1651.699</ele></trkpt>
   <trkpt lat="41.6874639763" lon="70.3491119598"><ele>1651.699</ele></trkpt>
   <trkpt lat="41.6874939835" lon="70.3491309868"><ele>1651.699</ele></trkpt>
   <trkpt lat="41.6874799858" lon="70.3491519415"><ele>1651.499</ele></trkpt>
   <trkpt lat="41.687490966" lon="70.3491319926"><ele>1651.699</ele></trkpt>
   <trkpt lat="41.6875059697" lon="70.3491449845"><ele>1650.099</ele></trkpt>
   <trkpt lat="41.6874239946" lon="70.3493019776"><ele>1653.399</ele></trkpt>
   <trkpt lat="41.6873679616" lon="70.3493679432"><ele>1654.599</ele></trkpt>
   <trkpt lat="41.6873299916" lon="70.3495249362"><ele>1656.599</ele></trkpt>
   <trkpt lat="41.6872379583" lon="70.349606995"><ele>1656.599</ele></trkpt>
   <trkpt lat="41.6872289897" lon="70.3496509162"><ele>1655.599</ele></trkpt>
   <trkpt lat="41.6871699811" lon="70.3496909817"><ele>1654.499</ele></trkpt>
   <trkpt lat="41.6871179714" lon="70.3496949212"><ele>1654.799</ele></trkpt>
   <trkpt lat="41.6869989902" lon="70.3497499903"><ele>1654.899</ele></trkpt>
   <trkpt lat="41.6869339886" lon="70.3497989406"><ele>1653.099</ele></trkpt>
   <trkpt lat="41.6868829847" lon="70.3498069872"><ele>1654.399</ele></trkpt>
   <trkpt lat="41.6868479903" lon="70.3498609667"><ele>1653.999</ele></trkpt>
   <trkpt lat="41.6866859681" lon="70.3500209772"><ele>1660.199</ele></trkpt>
   <trkpt lat="41.6866119978" lon="70.3500279342"><ele>1664.399</ele></trkpt>
   <trkpt lat="41.6865779672" lon="70.3500849312"><ele>1666.599</ele></trkpt>
   <trkpt lat="41.6864989678" lon="70.3501149384"><ele>1674.299</ele></trkpt>
   <trkpt lat="41.6864939806" lon="70.3502439359"><ele>1678.999</ele></trkpt>
   <trkpt lat="41.6864669908" lon="70.3502769606"><ele>1682.899</ele></trkpt>
   <trkpt lat="41.6864589861" lon="70.3503179481"><ele>1683.899</ele></trkpt>
   </trkseg>
 </trk>
</gpx>