<?xml version='1.0' encoding='utf-8'?>
<gpx xmlns="http://www.topografix.com/GPX/1/1" xmlns:xsi="http://www.w3.org/2001/XMLSchema-instance" creator="Amazfit T-Rex 3 Pro (44mm)" version="1.1" schemaLocation="http://www.topografix.com/GPX/1/1 http://www.topografix.com/GPX/11.xsd" xsi:schemaLocation="http://www.topografix.com/GPX/1/1 http://www.topografix.com/GPX/1/1/gpx.xsd http://www.garmin.com/xmlschemas/GpxExtensions/v3 http://www.garmin.com/xmlschemas/GpxExtensionsv3.xsd http://www.garmin.com/xmlschemas/TrackPointExtension/v1 http://www.garmin.com/xmlschemas/TrackPointExtensionv1.xsd http://www.garmin.com/xmlschemas/PowerExtension/v1 http://www.garmin.com/xmlschemas/PowerExtensionv1.xsd http://www.topografix.com/GPX/gpx_style/0/2 http://www.topografix.com/GPX/gpx_style/0/2/gpx_style.xsd">
  <metadata>
    <name>Pulatxon</name>
    <author>
      <name>gpx.studio</name>
      <link href="https://gpx.studio" />
    </author>
    </metadata>
  <trk>
    <name>Pulatxon</name>
    <trkseg>
      <trkpt lat="41.349568" lon="70.080395">
        <ele>2355.4</ele>
        </trkpt>
      <trkpt lat="41.349616" lon="70.080354">
        <ele>2355.68</ele>
        </trkpt>
      <trkpt lat="41.349879" lon="70.080217">
        <ele>2399.88</ele>
        </trkpt>
      <trkpt lat="41.350104" lon="70.08006">
        <ele>2363.89</ele>
        </trkpt>
      <trkpt lat="41.350655" lon="70.079522">
        <ele>2368.73</ele>
        </trkpt>
      <trkpt lat="41.350892" lon="70.079346">
        <ele>2371.63</ele>
        </trkpt>
      <trkpt lat="41.350969" lon="70.079319">
        <ele>2373.33</ele>
        </trkpt>
      <trkpt lat="41.351039" lon="70.07932">
        <ele>2374.25</ele>
        </trkpt>
      <trkpt lat="41.351188" lon="70.079362">
        <ele>2376.17</ele>
        </trkpt>
      <trkpt lat="41.351239" lon="70.079417">
        <ele>2376.94</ele>
        </trkpt>
      <trkpt lat="41.351333" lon="70.079465">
        <ele>2377.83</ele>
        </trkpt>
      <trkpt lat="41.351376" lon="70.079467">
        <ele>2378.4</ele>
        </trkpt>
      <trkpt lat="41.351431" lon="70.079456">
        <ele>2379.37</ele>
        </trkpt>
      <trkpt lat="41.351627" lon="70.079349">
        <ele>2383.06</ele>
        </trkpt>
      <trkpt lat="41.351822" lon="70.079273">
        <ele>2385.56</ele>
        </trkpt>
      <trkpt lat="41.352022" lon="70.079081">
        <ele>2387.65</ele>
        </trkpt>
      <trkpt lat="41.352135" lon="70.078877">
        <ele>2388.11</ele>
        </trkpt>
      <trkpt lat="41.352267" lon="70.078801">
        <ele>2389.78</ele>
        </trkpt>
      <trkpt lat="41.352345" lon="70.078701">
        <ele>2391.13</ele>
        </trkpt>
      <trkpt lat="41.352528" lon="70.078561">
        <ele>2393.64</ele>
        </trkpt>
      <trkpt lat="41.35315" lon="70.07793">
        <ele>2401.91</ele>
        </trkpt>
      <trkpt lat="41.353286" lon="70.077858">
        <ele>2402.79</ele>
        </trkpt>
      <trkpt lat="41.35337" lon="70.077777">
        <ele>2403.39</ele>
        </trkpt>
      <trkpt lat="41.353533" lon="70.077713">
        <ele>2404.61</ele>
        </trkpt>
      <trkpt lat="41.35374" lon="70.077514">
        <ele>2407.35</ele>
        </trkpt>
      <trkpt lat="41.354169" lon="70.076943">
        <ele>2414.72</ele>
        </trkpt>
      <trkpt lat="41.354199" lon="70.076861">
        <ele>2416.39</ele>
        </trkpt>
      <trkpt lat="41.354263" lon="70.076783">
        <ele>2417.29</ele>
        </trkpt>
      <trkpt lat="41.354402" lon="70.076408">
        <ele>2422.71</ele>
        </trkpt>
      <trkpt lat="41.354631" lon="70.075979">
        <ele>2428.68</ele>
        </trkpt>
      <trkpt lat="41.354755" lon="70.075856">
        <ele>2429.84</ele>
        </trkpt>
      <trkpt lat="41.354818" lon="70.075688">
        <ele>2431.01</ele>
        </trkpt>
      <trkpt lat="41.354943" lon="70.075464">
        <ele>2432.72</ele>
        </trkpt>
      <trkpt lat="41.355088" lon="70.075238">
        <ele>2434.87</ele>
        </trkpt>
      <trkpt lat="41.355245" lon="70.075057">
        <ele>2436.07</ele>
        </trkpt>
      <trkpt lat="41.355268" lon="70.075045">
        <ele>2436.09</ele>
        </trkpt>
      <trkpt lat="41.355392" lon="70.075075">
        <ele>2437.48</ele>
        </trkpt>
      <trkpt lat="41.355606" lon="70.075079">
        <ele>2439.8</ele>
        </trkpt>
      <trkpt lat="41.355898" lon="70.075144">
        <ele>2442.79</ele>
        </trkpt>
      <trkpt lat="41.356114" lon="70.075137">
        <ele>2445.73</ele>
        </trkpt>
      <trkpt lat="41.3562" lon="70.07511">
        <ele>2446.36</ele>
        </trkpt>
      <trkpt lat="41.356285" lon="70.075075">
        <ele>2446.44</ele>
        </trkpt>
      <trkpt lat="41.35647" lon="70.074943">
        <ele>2445.84</ele>
        </trkpt>
      <trkpt lat="41.356543" lon="70.074922">
        <ele>2446.3</ele>
        </trkpt>
      <trkpt lat="41.356678" lon="70.074759">
        <ele>2446.85</ele>
        </trkpt>
      <trkpt lat="41.356837" lon="70.074631">
        <ele>2446.86</ele>
        </trkpt>
      <trkpt lat="41.357108" lon="70.074604">
        <ele>2446.23</ele>
        </trkpt>
      <trkpt lat="41.357166" lon="70.074576">
        <ele>2445.98</ele>
        </trkpt>
      <trkpt lat="41.357431" lon="70.074278">
        <ele>2442.33</ele>
        </trkpt>
      <trkpt lat="41.357681" lon="70.074278">
        <ele>2441.15</ele>
        </trkpt>
      <trkpt lat="41.357766" lon="70.074253">
        <ele>2441.14</ele>
        </trkpt>
      <trkpt lat="41.357854" lon="70.074144">
        <ele>2441.34</ele>
        </trkpt>
      <trkpt lat="41.357969" lon="70.074048">
        <ele>2441.25</ele>
        </trkpt>
      <trkpt lat="41.358166" lon="70.073531">
        <ele>2437.8</ele>
        </trkpt>
      <trkpt lat="41.358216" lon="70.073443">
        <ele>2436.97</ele>
        </trkpt>
      <trkpt lat="41.358228" lon="70.073475">
        <ele>2435.88</ele>
        </trkpt>
      <trkpt lat="41.358228" lon="70.073439">
        <ele>2435.78</ele>
        </trkpt>
      <trkpt lat="41.358215" lon="70.073451">
        <ele>2435.24</ele>
        </trkpt>
      <trkpt lat="41.358281" lon="70.073243">
        <ele>2434.6</ele>
        </trkpt>
      <trkpt lat="41.358404" lon="70.073109">
        <ele>2434.05</ele>
        </trkpt>
      <trkpt lat="41.358543" lon="70.072876">
        <ele>2433</ele>
        </trkpt>
      <trkpt lat="41.358714" lon="70.072886">
        <ele>2432.8</ele>
        </trkpt>
      <trkpt lat="41.358886" lon="70.072869">
        <ele>2433.74</ele>
        </trkpt>
      <trkpt lat="41.3591" lon="70.072758">
        <ele>2434.85</ele>
        </trkpt>
      <trkpt lat="41.359293" lon="70.072858">
        <ele>2434.41</ele>
        </trkpt>
      <trkpt lat="41.359462" lon="70.072878">
        <ele>2434.62</ele>
        </trkpt>
      <trkpt lat="41.359621" lon="70.072921">
        <ele>2434.4</ele>
        </trkpt>
      <trkpt lat="41.359588" lon="70.072916">
        <ele>2433.86</ele>
        </trkpt>
      <trkpt lat="41.359602" lon="70.072931">
        <ele>2433.66</ele>
        </trkpt>
      <trkpt lat="41.359658" lon="70.072922">
        <ele>2433.61</ele>
        </trkpt>
      <trkpt lat="41.359695" lon="70.072902">
        <ele>2433.43</ele>
        </trkpt>
      <trkpt lat="41.35986" lon="70.072731">
        <ele>2431.85</ele>
        </trkpt>
      <trkpt lat="41.360249" lon="70.072528">
        <ele>2430.53</ele>
        </trkpt>
      <trkpt lat="41.360349" lon="70.072403">
        <ele>2430.15</ele>
        </trkpt>
      <trkpt lat="41.360448" lon="70.072209">
        <ele>2427.46</ele>
        </trkpt>
      <trkpt lat="41.360642" lon="70.072169">
        <ele>2425.17</ele>
        </trkpt>
      <trkpt lat="41.360995" lon="70.071896">
        <ele>2422.11</ele>
        </trkpt>
      <trkpt lat="41.361139" lon="70.071827">
        <ele>2420.97</ele>
        </trkpt>
      <trkpt lat="41.361422" lon="70.071806">
        <ele>2419.47</ele>
        </trkpt>
      <trkpt lat="41.361477" lon="70.071815">
        <ele>2418.58</ele>
        </trkpt>
      <trkpt lat="41.36148" lon="70.071843">
        <ele>2417.43</ele>
        </trkpt>
      <trkpt lat="41.361498" lon="70.071812">
        <ele>2417.53</ele>
        </trkpt>
      <trkpt lat="41.361518" lon="70.071809">
        <ele>2417.49</ele>
        </trkpt>
      <trkpt lat="41.361686" lon="70.071859">
        <ele>2416.65</ele>
        </trkpt>
      <trkpt lat="41.361819" lon="70.071812">
        <ele>2414.42</ele>
        </trkpt>
      <trkpt lat="41.361904" lon="70.071761">
        <ele>2413.37</ele>
        </trkpt>
      <trkpt lat="41.362037" lon="70.071757">
        <ele>2412.79</ele>
        </trkpt>
      <trkpt lat="41.362195" lon="70.071693">
        <ele>2413</ele>
        </trkpt>
      <trkpt lat="41.362481" lon="70.071636">
        <ele>2412.43</ele>
        </trkpt>
      <trkpt lat="41.362586" lon="70.071633">
        <ele>2411.76</ele>
        </trkpt>
      <trkpt lat="41.362707" lon="70.071655">
        <ele>2410.62</ele>
        </trkpt>
      <trkpt lat="41.362818" lon="70.071702">
        <ele>2409.6</ele>
        </trkpt>
      <trkpt lat="41.363206" lon="70.071921">
        <ele>2405.86</ele>
        </trkpt>
      <trkpt lat="41.36335" lon="70.072034">
        <ele>2403.89</ele>
        </trkpt>
      <trkpt lat="41.363425" lon="70.072055">
        <ele>2402.61</ele>
        </trkpt>
      <trkpt lat="41.363547" lon="70.071942">
        <ele>2401.21</ele>
        </trkpt>
      <trkpt lat="41.363621" lon="70.071828">
        <ele>2400.27</ele>
        </trkpt>
      <trkpt lat="41.364237" lon="70.071353">
        <ele>2395.95</ele>
        </trkpt>
      <trkpt lat="41.364419" lon="70.071187">
        <ele>2395.41</ele>
        </trkpt>
      <trkpt lat="41.364531" lon="70.071044">
        <ele>2395.63</ele>
        </trkpt>
      <trkpt lat="41.364946" lon="70.070702">
        <ele>2391.66</ele>
        </trkpt>
      <trkpt lat="41.365185" lon="70.070452">
        <ele>2390.82</ele>
        </trkpt>
      <trkpt lat="41.365411" lon="70.070286">
        <ele>2389.65</ele>
        </trkpt>
      <trkpt lat="41.365534" lon="70.070099">
        <ele>2388.43</ele>
        </trkpt>
      <trkpt lat="41.365619" lon="70.070011">
        <ele>2387.92</ele>
        </trkpt>
      <trkpt lat="41.365839" lon="70.070055">
        <ele>2386.44</ele>
        </trkpt>
      <trkpt lat="41.366543" lon="70.070305">
        <ele>2379.85</ele>
        </trkpt>
      <trkpt lat="41.36671" lon="70.070306">
        <ele>2377.63</ele>
        </trkpt>
      <trkpt lat="41.366983" lon="70.070213">
        <ele>2375.18</ele>
        </trkpt>
      <trkpt lat="41.367131" lon="70.070216">
        <ele>2374.27</ele>
        </trkpt>
      <trkpt lat="41.367199" lon="70.070247">
        <ele>2373.67</ele>
        </trkpt>
      <trkpt lat="41.367245" lon="70.070292">
        <ele>2373.01</ele>
        </trkpt>
      <trkpt lat="41.367338" lon="70.07045">
        <ele>2371.07</ele>
        </trkpt>
      <trkpt lat="41.367367" lon="70.070472">
        <ele>2370.53</ele>
        </trkpt>
      <trkpt lat="41.367589" lon="70.070533">
        <ele>2367.86</ele>
        </trkpt>
      <trkpt lat="41.367769" lon="70.070515">
        <ele>2365.61</ele>
        </trkpt>
      <trkpt lat="41.367852" lon="70.070528">
        <ele>2364.83</ele>
        </trkpt>
      <trkpt lat="41.367977" lon="70.070648">
        <ele>2362.47</ele>
        </trkpt>
      <trkpt lat="41.368133" lon="70.070721">
        <ele>2359.75</ele>
        </trkpt>
      <trkpt lat="41.368356" lon="70.070757">
        <ele>2357.31</ele>
        </trkpt>
      <trkpt lat="41.368531" lon="70.070763">
        <ele>2356.06</ele>
        </trkpt>
      <trkpt lat="41.368676" lon="70.070799">
        <ele>2354.7</ele>
        </trkpt>
      <trkpt lat="41.368749" lon="70.070836">
        <ele>2353.15</ele>
        </trkpt>
      <trkpt lat="41.368854" lon="70.07084">
        <ele>2351.64</ele>
        </trkpt>
      <trkpt lat="41.369124" lon="70.070799">
        <ele>2348.77</ele>
        </trkpt>
      <trkpt lat="41.369369" lon="70.070734">
        <ele>2350.77</ele>
        </trkpt>
      <trkpt lat="41.369455" lon="70.070794">
        <ele>2350.92</ele>
        </trkpt>
      <trkpt lat="41.369522" lon="70.07087">
        <ele>2350.81</ele>
        </trkpt>
      <trkpt lat="41.369642" lon="70.070934">
        <ele>2351.19</ele>
        </trkpt>
      <trkpt lat="41.369915" lon="70.07096">
        <ele>2351.16</ele>
        </trkpt>
      <trkpt lat="41.370047" lon="70.070959">
        <ele>2351.53</ele>
        </trkpt>
      <trkpt lat="41.370137" lon="70.070936">
        <ele>2351.57</ele>
        </trkpt>
      <trkpt lat="41.370215" lon="70.070961">
        <ele>2351.32</ele>
        </trkpt>
      <trkpt lat="41.37027" lon="70.071001">
        <ele>2351.01</ele>
        </trkpt>
      <trkpt lat="41.370371" lon="70.071224">
        <ele>2351.23</ele>
        </trkpt>
      <trkpt lat="41.370554" lon="70.071479">
        <ele>2354.34</ele>
        </trkpt>
      <trkpt lat="41.370708" lon="70.071583">
        <ele>2356.13</ele>
        </trkpt>
      <trkpt lat="41.370916" lon="70.071758">
        <ele>2359.49</ele>
        </trkpt>
      <trkpt lat="41.371086" lon="70.071967">
        <ele>2362.05</ele>
        </trkpt>
      <trkpt lat="41.371191" lon="70.072126">
        <ele>2363.4</ele>
        </trkpt>
      <trkpt lat="41.371227" lon="70.072213">
        <ele>2364.51</ele>
        </trkpt>
      <trkpt lat="41.371242" lon="70.072354">
        <ele>2365.73</ele>
        </trkpt>
      <trkpt lat="41.371143" lon="70.072766">
        <ele>2366.32</ele>
        </trkpt>
      <trkpt lat="41.371133" lon="70.072857">
        <ele>2366.58</ele>
        </trkpt>
      <trkpt lat="41.37115" lon="70.073093">
        <ele>2367.42</ele>
        </trkpt>
      <trkpt lat="41.371125" lon="70.073553">
        <ele>2368.43</ele>
        </trkpt>
      <trkpt lat="41.371136" lon="70.074155">
        <ele>2370.31</ele>
        </trkpt>
      <trkpt lat="41.371117" lon="70.074266">
        <ele>2370.23</ele>
        </trkpt>
      <trkpt lat="41.37103" lon="70.074511">
        <ele>2370.67</ele>
        </trkpt>
      <trkpt lat="41.371056" lon="70.074503">
        <ele>2369.55</ele>
        </trkpt>
      <trkpt lat="41.371028" lon="70.074512">
        <ele>2369.78</ele>
        </trkpt>
      <trkpt lat="41.371068" lon="70.074503">
        <ele>2370.69</ele>
        </trkpt>
      <trkpt lat="41.371056" lon="70.074488">
        <ele>2371.06</ele>
        </trkpt>
      <trkpt lat="41.371025" lon="70.07451">
        <ele>2371.98</ele>
        </trkpt>
      <trkpt lat="41.371068" lon="70.074599">
        <ele>2371.99</ele>
        </trkpt>
      <trkpt lat="41.371096" lon="70.074625">
        <ele>2371.84</ele>
        </trkpt>
      <trkpt lat="41.37117" lon="70.074789">
        <ele>2372.74</ele>
        </trkpt>
      <trkpt lat="41.371229" lon="70.074865">
        <ele>2374.48</ele>
        </trkpt>
      <trkpt lat="41.37145" lon="70.07492">
        <ele>2379.27</ele>
        </trkpt>
      <trkpt lat="41.371577" lon="70.074979">
        <ele>2382.48</ele>
        </trkpt>
      <trkpt lat="41.371778" lon="70.075178">
        <ele>2386.92</ele>
        </trkpt>
      <trkpt lat="41.371793" lon="70.075216">
        <ele>2387.6</ele>
        </trkpt>
      <trkpt lat="41.371696" lon="70.075461">
        <ele>2392.59</ele>
        </trkpt>
      <trkpt lat="41.371662" lon="70.075754">
        <ele>2394.83</ele>
        </trkpt>
      <trkpt lat="41.371521" lon="70.076367">
        <ele>2405.43</ele>
        </trkpt>
      <trkpt lat="41.371459" lon="70.076975">
        <ele>2413.44</ele>
        </trkpt>
      <trkpt lat="41.371437" lon="70.077446">
        <ele>2418.78</ele>
        </trkpt>
      <trkpt lat="41.371436" lon="70.077619">
        <ele>2421.49</ele>
        </trkpt>
      <trkpt lat="41.371456" lon="70.077834">
        <ele>2424.79</ele>
        </trkpt>
      <trkpt lat="41.371289" lon="70.078188">
        <ele>2430.67</ele>
        </trkpt>
      <trkpt lat="41.371119" lon="70.078803">
        <ele>2438.29</ele>
        </trkpt>
      <trkpt lat="41.371103" lon="70.078956">
        <ele>2440.49</ele>
        </trkpt>
      <trkpt lat="41.371111" lon="70.079056">
        <ele>2441.94</ele>
        </trkpt>
      <trkpt lat="41.371138" lon="70.079153">
        <ele>2443.23</ele>
        </trkpt>
      <trkpt lat="41.371296" lon="70.079492">
        <ele>2449.33</ele>
        </trkpt>
      <trkpt lat="41.371303" lon="70.079633">
        <ele>2451.31</ele>
        </trkpt>
      <trkpt lat="41.371245" lon="70.07982">
        <ele>2454.25</ele>
        </trkpt>
      <trkpt lat="41.370987" lon="70.080364">
        <ele>2461.15</ele>
        </trkpt>
      <trkpt lat="41.370898" lon="70.080718">
        <ele>2466.63</ele>
        </trkpt>
      <trkpt lat="41.370881" lon="70.080845">
        <ele>2469.12</ele>
        </trkpt>
      <trkpt lat="41.370861" lon="70.080825">
        <ele>2468.9</ele>
        </trkpt>
      <trkpt lat="41.370881" lon="70.080857">
        <ele>2469.8</ele>
        </trkpt>
      <trkpt lat="41.370889" lon="70.080845">
        <ele>2469.34</ele>
        </trkpt>
      <trkpt lat="41.370862" lon="70.080839">
        <ele>2470.3</ele>
        </trkpt>
      <trkpt lat="41.370874" lon="70.080846">
        <ele>2470.36</ele>
        </trkpt>
      <trkpt lat="41.370873" lon="70.080923">
        <ele>2470.59</ele>
        </trkpt>
      <trkpt lat="41.370915" lon="70.081172">
        <ele>2472.89</ele>
        </trkpt>
      <trkpt lat="41.370827" lon="70.081774">
        <ele>2480.74</ele>
        </trkpt>
      <trkpt lat="41.370754" lon="70.082123">
        <ele>2483.84</ele>
        </trkpt>
      <trkpt lat="41.370746" lon="70.082363">
        <ele>2487.51</ele>
        </trkpt>
      <trkpt lat="41.370776" lon="70.082699">
        <ele>2491.17</ele>
        </trkpt>
      <trkpt lat="41.370831" lon="70.082793">
        <ele>2492.51</ele>
        </trkpt>
      <trkpt lat="41.370932" lon="70.082853">
        <ele>2494.19</ele>
        </trkpt>
      <trkpt lat="41.37107" lon="70.082877">
        <ele>2496.12</ele>
        </trkpt>
      <trkpt lat="41.37117" lon="70.082861">
        <ele>2497.64</ele>
        </trkpt>
      <trkpt lat="41.371298" lon="70.082771">
        <ele>2500.84</ele>
        </trkpt>
      <trkpt lat="41.371417" lon="70.082645">
        <ele>2504.02</ele>
        </trkpt>
      <trkpt lat="41.371636" lon="70.082521">
        <ele>2509</ele>
        </trkpt>
      <trkpt lat="41.371889" lon="70.082523">
        <ele>2515.28</ele>
        </trkpt>
      <trkpt lat="41.371951" lon="70.082557">
        <ele>2516.59</ele>
        </trkpt>
      <trkpt lat="41.372043" lon="70.082565">
        <ele>2518.68</ele>
        </trkpt>
      <trkpt lat="41.372208" lon="70.082495">
        <ele>2521.77</ele>
        </trkpt>
      <trkpt lat="41.37234" lon="70.08218">
        <ele>2525.03</ele>
        </trkpt>
      <trkpt lat="41.372399" lon="70.082119">
        <ele>2526.45</ele>
        </trkpt>
      <trkpt lat="41.372496" lon="70.082057">
        <ele>2528.38</ele>
        </trkpt>
      <trkpt lat="41.372555" lon="70.081978">
        <ele>2529.61</ele>
        </trkpt>
      <trkpt lat="41.372629" lon="70.081934">
        <ele>2531.1</ele>
        </trkpt>
      <trkpt lat="41.372658" lon="70.081864">
        <ele>2532.34</ele>
        </trkpt>
      <trkpt lat="41.372659" lon="70.081814">
        <ele>2533.51</ele>
        </trkpt>
      <trkpt lat="41.372684" lon="70.081776">
        <ele>2534.99</ele>
        </trkpt>
      <trkpt lat="41.372526" lon="70.081711">
        <ele>2536.32</ele>
        </trkpt>
      <trkpt lat="41.372263" lon="70.08149">
        <ele>2540.38</ele>
        </trkpt>
      <trkpt lat="41.372245" lon="70.081458">
        <ele>2540.9</ele>
        </trkpt>
      <trkpt lat="41.372236" lon="70.081309">
        <ele>2543.19</ele>
        </trkpt>
      <trkpt lat="41.372247" lon="70.081201">
        <ele>2545.14</ele>
        </trkpt>
      <trkpt lat="41.372265" lon="70.081157">
        <ele>2545.71</ele>
        </trkpt>
      <trkpt lat="41.372333" lon="70.081096">
        <ele>2546.68</ele>
        </trkpt>
      <trkpt lat="41.372697" lon="70.081052">
        <ele>2553.68</ele>
        </trkpt>
      <trkpt lat="41.372803" lon="70.081011">
        <ele>2555.99</ele>
        </trkpt>
      <trkpt lat="41.372954" lon="70.080903">
        <ele>2558.91</ele>
        </trkpt>
      <trkpt lat="41.373078" lon="70.080715">
        <ele>2561.89</ele>
        </trkpt>
      <trkpt lat="41.373142" lon="70.080666">
        <ele>2562.32</ele>
        </trkpt>
      <trkpt lat="41.373267" lon="70.080685">
        <ele>2563.22</ele>
        </trkpt>
      <trkpt lat="41.37336" lon="70.080643">
        <ele>2563.86</ele>
        </trkpt>
      <trkpt lat="41.373395" lon="70.080646">
        <ele>2564.2</ele>
        </trkpt>
      <trkpt lat="41.373895" lon="70.080885">
        <ele>2568.43</ele>
        </trkpt>
      <trkpt lat="41.374027" lon="70.080888">
        <ele>2570.08</ele>
        </trkpt>
      <trkpt lat="41.374233" lon="70.080976">
        <ele>2571.76</ele>
        </trkpt>
      <trkpt lat="41.374851" lon="70.08116">
        <ele>2576.24</ele>
        </trkpt>
      <trkpt lat="41.375212" lon="70.08114">
        <ele>2577.19</ele>
        </trkpt>
      <trkpt lat="41.375364" lon="70.081155">
        <ele>2576.06</ele>
        </trkpt>
      <trkpt lat="41.375459" lon="70.081191">
        <ele>2576.01</ele>
        </trkpt>
      <trkpt lat="41.375713" lon="70.081234">
        <ele>2574.35</ele>
        </trkpt>
      <trkpt lat="41.37572" lon="70.081212">
        <ele>2574.39</ele>
        </trkpt>
      <trkpt lat="41.375698" lon="70.081197">
        <ele>2574.16</ele>
        </trkpt>
      <trkpt lat="41.375673" lon="70.081216">
        <ele>2573.79</ele>
        </trkpt>
      <trkpt lat="41.375692" lon="70.081215">
        <ele>2574.3</ele>
        </trkpt>
      <trkpt lat="41.375683" lon="70.081199">
        <ele>2573.6</ele>
        </trkpt>
      <trkpt lat="41.375706" lon="70.081211">
        <ele>2574.73</ele>
        </trkpt>
      <trkpt lat="41.375637" lon="70.081182">
        <ele>2574.9</ele>
        </trkpt>
      <trkpt lat="41.375652" lon="70.081188">
        <ele>2574.95</ele>
        </trkpt>
      <trkpt lat="41.375647" lon="70.081211">
        <ele>2574.85</ele>
        </trkpt>
      <trkpt lat="41.375663" lon="70.081242">
        <ele>2574.82</ele>
        </trkpt>
      <trkpt lat="41.375729" lon="70.0813">
        <ele>2575.4</ele>
        </trkpt>
      <trkpt lat="41.375887" lon="70.081296">
        <ele>2578.17</ele>
        </trkpt>
      <trkpt lat="41.375953" lon="70.081354">
        <ele>2579.55</ele>
        </trkpt>
      <trkpt lat="41.376061" lon="70.081391">
        <ele>2581.95</ele>
        </trkpt>
      <trkpt lat="41.376291" lon="70.08154">
        <ele>2586.7</ele>
        </trkpt>
      <trkpt lat="41.376344" lon="70.081603">
        <ele>2587.69</ele>
        </trkpt>
      <trkpt lat="41.376833" lon="70.081777">
        <ele>2598.37</ele>
        </trkpt>
      <trkpt lat="41.376992" lon="70.082014">
        <ele>2603.95</ele>
        </trkpt>
      <trkpt lat="41.377098" lon="70.082089">
        <ele>2606.88</ele>
        </trkpt>
      <trkpt lat="41.377147" lon="70.082107">
        <ele>2608.14</ele>
        </trkpt>
      <trkpt lat="41.377228" lon="70.082096">
        <ele>2610.38</ele>
        </trkpt>
      <trkpt lat="41.377369" lon="70.08216">
        <ele>2612.29</ele>
        </trkpt>
      <trkpt lat="41.377603" lon="70.082166">
        <ele>2619.55</ele>
        </trkpt>
      <trkpt lat="41.377814" lon="70.08225">
        <ele>2623.83</ele>
        </trkpt>
      <trkpt lat="41.378016" lon="70.082432">
        <ele>2628.72</ele>
        </trkpt>
      <trkpt lat="41.378076" lon="70.08253">
        <ele>2631.27</ele>
        </trkpt>
      <trkpt lat="41.378146" lon="70.082557">
        <ele>2633.6</ele>
        </trkpt>
      <trkpt lat="41.378192" lon="70.082603">
        <ele>2635.18</ele>
        </trkpt>
      <trkpt lat="41.378456" lon="70.082685">
        <ele>2643.73</ele>
        </trkpt>
      <trkpt lat="41.378633" lon="70.082789">
        <ele>2648.99</ele>
        </trkpt>
      <trkpt lat="41.37873" lon="70.082826">
        <ele>2651.92</ele>
        </trkpt>
      <trkpt lat="41.37876" lon="70.082857">
        <ele>2652.7</ele>
        </trkpt>
      <trkpt lat="41.378879" lon="70.08289">
        <ele>2655.68</ele>
        </trkpt>
      <trkpt lat="41.379102" lon="70.083085">
        <ele>2664.08</ele>
        </trkpt>
      <trkpt lat="41.379484" lon="70.083281">
        <ele>2671.83</ele>
        </trkpt>
      <trkpt lat="41.379578" lon="70.083346">
        <ele>2672.82</ele>
        </trkpt>
      <trkpt lat="41.379638" lon="70.083353">
        <ele>2673.6</ele>
        </trkpt>
      <trkpt lat="41.379734" lon="70.083401">
        <ele>2676.52</ele>
        </trkpt>
      <trkpt lat="41.379742" lon="70.083445">
        <ele>2677.76</ele>
        </trkpt>
      <trkpt lat="41.379706" lon="70.083482">
        <ele>2679.49</ele>
        </trkpt>
      <trkpt lat="41.379808" lon="70.08354">
        <ele>2685.16</ele>
        </trkpt>
      <trkpt lat="41.379927" lon="70.083644">
        <ele>2690.37</ele>
        </trkpt>
      <trkpt lat="41.379934" lon="70.083674">
        <ele>2691.57</ele>
        </trkpt>
      <trkpt lat="41.379897" lon="70.08372">
        <ele>2693.91</ele>
        </trkpt>
      <trkpt lat="41.379889" lon="70.083776">
        <ele>2696.21</ele>
        </trkpt>
      <trkpt lat="41.379839" lon="70.08384">
        <ele>2698.87</ele>
        </trkpt>
      <trkpt lat="41.379737" lon="70.083899">
        <ele>2703.08</ele>
        </trkpt>
      <trkpt lat="41.379721" lon="70.083938">
        <ele>2704.07</ele>
        </trkpt>
      <trkpt lat="41.379694" lon="70.083953">
        <ele>2705.25</ele>
        </trkpt>
      <trkpt lat="41.379687" lon="70.08399">
        <ele>2706.25</ele>
        </trkpt>
      <trkpt lat="41.379631" lon="70.084009">
        <ele>2708.76</ele>
        </trkpt>
      <trkpt lat="41.379641" lon="70.08402">
        <ele>2709.43</ele>
        </trkpt>
      <trkpt lat="41.379624" lon="70.08403">
        <ele>2709.39</ele>
        </trkpt>
      <trkpt lat="41.379664" lon="70.084016">
        <ele>2710.69</ele>
        </trkpt>
      <trkpt lat="41.379655" lon="70.084033">
        <ele>2710.75</ele>
        </trkpt>
      <trkpt lat="41.379664" lon="70.084007">
        <ele>2711.39</ele>
        </trkpt>
      <trkpt lat="41.379657" lon="70.084018">
        <ele>2711.49</ele>
        </trkpt>
      <trkpt lat="41.379652" lon="70.083994">
        <ele>2711.76</ele>
        </trkpt>
      <trkpt lat="41.379677" lon="70.084055">
        <ele>2712.16</ele>
        </trkpt>
      <trkpt lat="41.379675" lon="70.08412">
        <ele>2713.94</ele>
        </trkpt>
      <trkpt lat="41.379702" lon="70.084154">
        <ele>2714.87</ele>
        </trkpt>
      <trkpt lat="41.379725" lon="70.084292">
        <ele>2717.25</ele>
        </trkpt>
      <trkpt lat="41.379829" lon="70.084288">
        <ele>2720.72</ele>
        </trkpt>
      <trkpt lat="41.379884" lon="70.08432">
        <ele>2722.98</ele>
        </trkpt>
      <trkpt lat="41.37988" lon="70.084475">
        <ele>2726.6</ele>
        </trkpt>
      <trkpt lat="41.379925" lon="70.084502">
        <ele>2727.94</ele>
        </trkpt>
      <trkpt lat="41.380008" lon="70.084496">
        <ele>2729.92</ele>
        </trkpt>
      <trkpt lat="41.380108" lon="70.08453">
        <ele>2732.34</ele>
        </trkpt>
      <trkpt lat="41.38021" lon="70.084611">
        <ele>2736.36</ele>
        </trkpt>
      <trkpt lat="41.380145" lon="70.084755">
        <ele>2740.03</ele>
        </trkpt>
      <trkpt lat="41.380137" lon="70.084892">
        <ele>2743.11</ele>
        </trkpt>
      <trkpt lat="41.380146" lon="70.085116">
        <ele>2746.49</ele>
        </trkpt>
      <trkpt lat="41.380204" lon="70.085267">
        <ele>2749.34</ele>
        </trkpt>
      <trkpt lat="41.380251" lon="70.085299">
        <ele>2750.2</ele>
        </trkpt>
      <trkpt lat="41.380327" lon="70.085269">
        <ele>2752.32</ele>
        </trkpt>
      <trkpt lat="41.380398" lon="70.085298">
        <ele>2754.81</ele>
        </trkpt>
      <trkpt lat="41.380452" lon="70.08525">
        <ele>2756.79</ele>
        </trkpt>
      <trkpt lat="41.380542" lon="70.08526">
        <ele>2759.6</ele>
        </trkpt>
      <trkpt lat="41.380632" lon="70.085188">
        <ele>2762.08</ele>
        </trkpt>
      <trkpt lat="41.380662" lon="70.085192">
        <ele>2763.09</ele>
        </trkpt>
      <trkpt lat="41.380696" lon="70.08525">
        <ele>2764.52</ele>
        </trkpt>
      <trkpt lat="41.38075" lon="70.085229">
        <ele>2765.76</ele>
        </trkpt>
      <trkpt lat="41.380794" lon="70.085258">
        <ele>2767.38</ele>
        </trkpt>
      <trkpt lat="41.380899" lon="70.085235">
        <ele>2769.3</ele>
        </trkpt>
      <trkpt lat="41.380994" lon="70.085246">
        <ele>2772.82</ele>
        </trkpt>
      <trkpt lat="41.381005" lon="70.08523">
        <ele>2773.82</ele>
        </trkpt>
      <trkpt lat="41.380995" lon="70.085216">
        <ele>2774.72</ele>
        </trkpt>
      <trkpt lat="41.381064" lon="70.085229">
        <ele>2775.31</ele>
        </trkpt>
      <trkpt lat="41.381093" lon="70.085245">
        <ele>2775.85</ele>
        </trkpt>
      <trkpt lat="41.381113" lon="70.085284">
        <ele>2776.47</ele>
        </trkpt>
      <trkpt lat="41.381119" lon="70.085397">
        <ele>2778.31</ele>
        </trkpt>
      <trkpt lat="41.381142" lon="70.08547">
        <ele>2779.97</ele>
        </trkpt>
      <trkpt lat="41.381165" lon="70.085495">
        <ele>2780.78</ele>
        </trkpt>
      <trkpt lat="41.381366" lon="70.085477">
        <ele>2785.98</ele>
        </trkpt>
      <trkpt lat="41.381456" lon="70.085445">
        <ele>2789.05</ele>
        </trkpt>
      <trkpt lat="41.381515" lon="70.085394">
        <ele>2790.45</ele>
        </trkpt>
      <trkpt lat="41.381637" lon="70.085221">
        <ele>2794.36</ele>
        </trkpt>
      <trkpt lat="41.381692" lon="70.085177">
        <ele>2796.46</ele>
        </trkpt>
      <trkpt lat="41.381727" lon="70.085188">
        <ele>2797.95</ele>
        </trkpt>
      <trkpt lat="41.381756" lon="70.085173">
        <ele>2798.63</ele>
        </trkpt>
      <trkpt lat="41.381976" lon="70.084879">
        <ele>2806.8</ele>
        </trkpt>
      <trkpt lat="41.382182" lon="70.084704">
        <ele>2810.13</ele>
        </trkpt>
      <trkpt lat="41.382313" lon="70.084645">
        <ele>2813.56</ele>
        </trkpt>
      <trkpt lat="41.382389" lon="70.084575">
        <ele>2815.84</ele>
        </trkpt>
      <trkpt lat="41.382596" lon="70.084499">
        <ele>2821.62</ele>
        </trkpt>
      <trkpt lat="41.382658" lon="70.084446">
        <ele>2823.39</ele>
        </trkpt>
      <trkpt lat="41.382892" lon="70.084382">
        <ele>2828.57</ele>
        </trkpt>
      <trkpt lat="41.38326" lon="70.084093">
        <ele>2834.48</ele>
        </trkpt>
      <trkpt lat="41.383351" lon="70.08405">
        <ele>2835.17</ele>
        </trkpt>
      <trkpt lat="41.383412" lon="70.083949">
        <ele>2835.91</ele>
        </trkpt>
      <trkpt lat="41.383518" lon="70.083616">
        <ele>2839.42</ele>
        </trkpt>
      <trkpt lat="41.383612" lon="70.083496">
        <ele>2840.14</ele>
        </trkpt>
      <trkpt lat="41.38379" lon="70.083299">
        <ele>2842.37</ele>
        </trkpt>
      <trkpt lat="41.383926" lon="70.083227">
        <ele>2843.33</ele>
        </trkpt>
      <trkpt lat="41.384037" lon="70.083132">
        <ele>2844.8</ele>
        </trkpt>
      <trkpt lat="41.384173" lon="70.083055">
        <ele>2846.93</ele>
        </trkpt>
      <trkpt lat="41.384223" lon="70.083097">
        <ele>2848.22</ele>
        </trkpt>
      <trkpt lat="41.384224" lon="70.083133">
        <ele>2849.13</ele>
        </trkpt>
      <trkpt lat="41.384197" lon="70.083218">
        <ele>2850.46</ele>
        </trkpt>
      <trkpt lat="41.38416" lon="70.083451">
        <ele>2854.54</ele>
        </trkpt>
      <trkpt lat="41.384127" lon="70.083488">
        <ele>2856.12</ele>
        </trkpt>
      <trkpt lat="41.384125" lon="70.083469">
        <ele>2855.98</ele>
        </trkpt>
      <trkpt lat="41.384099" lon="70.083467">
        <ele>2856.21</ele>
        </trkpt>
      <trkpt lat="41.384123" lon="70.083472">
        <ele>2856.18</ele>
        </trkpt>
      <trkpt lat="41.384123" lon="70.083457">
        <ele>2856.3</ele>
        </trkpt>
      <trkpt lat="41.384109" lon="70.083469">
        <ele>2857.09</ele>
        </trkpt>
      <trkpt lat="41.384132" lon="70.083474">
        <ele>2854.33</ele>
        </trkpt>
      <trkpt lat="41.384122" lon="70.083475">
        <ele>2855.84</ele>
        </trkpt>
      <trkpt lat="41.384146" lon="70.083509">
        <ele>2856.86</ele>
        </trkpt>
      <trkpt lat="41.384159" lon="70.083746">
        <ele>2860.37</ele>
        </trkpt>
      <trkpt lat="41.384215" lon="70.083882">
        <ele>2860.85</ele>
        </trkpt>
      <trkpt lat="41.384235" lon="70.084037">
        <ele>2864.12</ele>
        </trkpt>
      <trkpt lat="41.384299" lon="70.084266">
        <ele>2865.08</ele>
        </trkpt>
      <trkpt lat="41.384341" lon="70.084375">
        <ele>2864.02</ele>
        </trkpt>
      <trkpt lat="41.384479" lon="70.084638">
        <ele>2868.29</ele>
        </trkpt>
      <trkpt lat="41.384619" lon="70.08477">
        <ele>2871.27</ele>
        </trkpt>
      <trkpt lat="41.38489" lon="70.085076">
        <ele>2872.91</ele>
        </trkpt>
      <trkpt lat="41.385156" lon="70.085274">
        <ele>2874.9</ele>
        </trkpt>
      <trkpt lat="41.385257" lon="70.085311">
        <ele>2875.46</ele>
        </trkpt>
      <trkpt lat="41.385587" lon="70.085576">
        <ele>2878.05</ele>
        </trkpt>
      <trkpt lat="41.385706" lon="70.085629">
        <ele>2878.3</ele>
        </trkpt>
      <trkpt lat="41.386009" lon="70.085922">
        <ele>2881.98</ele>
        </trkpt>
      <trkpt lat="41.386184" lon="70.086062">
        <ele>2884.36</ele>
        </trkpt>
      <trkpt lat="41.386295" lon="70.086124">
        <ele>2885.2</ele>
        </trkpt>
      <trkpt lat="41.386746" lon="70.086306">
        <ele>2886.73</ele>
        </trkpt>
      <trkpt lat="41.386899" lon="70.086315">
        <ele>2886.7</ele>
        </trkpt>
      <trkpt lat="41.387265" lon="70.086462">
        <ele>2886.5</ele>
        </trkpt>
      <trkpt lat="41.387372" lon="70.086528">
        <ele>2887.09</ele>
        </trkpt>
      <trkpt lat="41.387756" lon="70.086703">
        <ele>2888.84</ele>
        </trkpt>
      <trkpt lat="41.387905" lon="70.086802">
        <ele>2888.86</ele>
        </trkpt>
      <trkpt lat="41.388124" lon="70.086908">
        <ele>2888.77</ele>
        </trkpt>
      <trkpt lat="41.388362" lon="70.086988">
        <ele>2889.35</ele>
        </trkpt>
      <trkpt lat="41.388885" lon="70.087216">
        <ele>2891.13</ele>
        </trkpt>
      <trkpt lat="41.389007" lon="70.087296">
        <ele>2890.02</ele>
        </trkpt>
      <trkpt lat="41.38912" lon="70.087338">
        <ele>2889.59</ele>
        </trkpt>
      <trkpt lat="41.389274" lon="70.087455">
        <ele>2889.69</ele>
        </trkpt>
      <trkpt lat="41.389567" lon="70.087624">
        <ele>2890.04</ele>
        </trkpt>
      <trkpt lat="41.389748" lon="70.087687">
        <ele>2890.97</ele>
        </trkpt>
      <trkpt lat="41.390097" lon="70.087883">
        <ele>2891.5</ele>
        </trkpt>
      <trkpt lat="41.390496" lon="70.088049">
        <ele>2892.96</ele>
        </trkpt>
      <trkpt lat="41.39068" lon="70.088096">
        <ele>2894.52</ele>
        </trkpt>
      <trkpt lat="41.390797" lon="70.088106">
        <ele>2895.29</ele>
        </trkpt>
      <trkpt lat="41.391069" lon="70.088172">
        <ele>2898.01</ele>
        </trkpt>
      <trkpt lat="41.391189" lon="70.088178">
        <ele>2899.19</ele>
        </trkpt>
      <trkpt lat="41.391279" lon="70.088209">
        <ele>2899.79</ele>
        </trkpt>
      <trkpt lat="41.391482" lon="70.08819">
        <ele>2902.05</ele>
        </trkpt>
      <trkpt lat="41.391689" lon="70.088229">
        <ele>2905.11</ele>
        </trkpt>
      <trkpt lat="41.391855" lon="70.088231">
        <ele>2908.01</ele>
        </trkpt>
      <trkpt lat="41.392304" lon="70.089028">
        <ele>2907.02</ele>
        </trkpt>
      <trkpt lat="41.392387" lon="70.089227">
        <ele>2908.3</ele>
        </trkpt>
      <trkpt lat="41.392442" lon="70.089322">
        <ele>2909.72</ele>
        </trkpt>
      <trkpt lat="41.392484" lon="70.089363">
        <ele>2912.97</ele>
        </trkpt>
      <trkpt lat="41.392463" lon="70.089386">
        <ele>2914.55</ele>
        </trkpt>
      <trkpt lat="41.392468" lon="70.089601">
        <ele>2914.84</ele>
        </trkpt>
      <trkpt lat="41.392488" lon="70.089375">
        <ele>2914.03</ele>
        </trkpt>
      <trkpt lat="41.392478" lon="70.089349">
        <ele>2914.44</ele>
        </trkpt>
      <trkpt lat="41.392463" lon="70.089357">
        <ele>2913.59</ele>
        </trkpt>
      <trkpt lat="41.392515" lon="70.08932">
        <ele>2913.87</ele>
        </trkpt>
      <trkpt lat="41.392619" lon="70.089153">
        <ele>2915.84</ele>
        </trkpt>
      <trkpt lat="41.392701" lon="70.089075">
        <ele>2915.62</ele>
        </trkpt>
      <trkpt lat="41.392821" lon="70.088921">
        <ele>2918.05</ele>
        </trkpt>
      <trkpt lat="41.392928" lon="70.088822">
        <ele>2920.15</ele>
        </trkpt>
      <trkpt lat="41.392993" lon="70.088725">
        <ele>2921.97</ele>
        </trkpt>
      <trkpt lat="41.393157" lon="70.088566">
        <ele>2927.14</ele>
        </trkpt>
      <trkpt lat="41.393318" lon="70.088441">
        <ele>2931.53</ele>
        </trkpt>
      <trkpt lat="41.393398" lon="70.088392">
        <ele>2932.42</ele>
        </trkpt>
      <trkpt lat="41.393443" lon="70.088386">
        <ele>2932.29</ele>
        </trkpt>
      <trkpt lat="41.393583" lon="70.088395">
        <ele>2933.6</ele>
        </trkpt>
      <trkpt lat="41.393843" lon="70.088452">
        <ele>2936.27</ele>
        </trkpt>
      <trkpt lat="41.393892" lon="70.088439">
        <ele>2937.13</ele>
        </trkpt>
      <trkpt lat="41.394488" lon="70.087894">
        <ele>2938.89</ele>
        </trkpt>
      <trkpt lat="41.394573" lon="70.087782">
        <ele>2939.72</ele>
        </trkpt>
      <trkpt lat="41.394832" lon="70.08758">
        <ele>2939.48</ele>
        </trkpt>
      <trkpt lat="41.395085" lon="70.08734">
        <ele>2940.83</ele>
        </trkpt>
      <trkpt lat="41.395338" lon="70.087176">
        <ele>2942.8</ele>
        </trkpt>
      <trkpt lat="41.395487" lon="70.086986">
        <ele>2943.73</ele>
        </trkpt>
      <trkpt lat="41.395481" lon="70.087005">
        <ele>2943.68</ele>
        </trkpt>
      <trkpt lat="41.395455" lon="70.087046">
        <ele>2943.71</ele>
        </trkpt>
      <trkpt lat="41.395411" lon="70.087067">
        <ele>2944</ele>
        </trkpt>
      <trkpt lat="41.395452" lon="70.08698">
        <ele>2944.05</ele>
        </trkpt>
      <trkpt lat="41.39548" lon="70.086981">
        <ele>2940.96</ele>
        </trkpt>
      <trkpt lat="41.395474" lon="70.086947">
        <ele>2945.42</ele>
        </trkpt>
      <trkpt lat="41.395487" lon="70.086956">
        <ele>2946.4</ele>
        </trkpt>
      <trkpt lat="41.395474" lon="70.086943">
        <ele>2946.93</ele>
        </trkpt>
      <trkpt lat="41.395486" lon="70.086968">
        <ele>2940.85</ele>
        </trkpt>
      <trkpt lat="41.39546" lon="70.086938">
        <ele>2942.38</ele>
        </trkpt>
      <trkpt lat="41.395477" lon="70.086935">
        <ele>2943.75</ele>
        </trkpt>
      <trkpt lat="41.395471" lon="70.086952">
        <ele>2944.15</ele>
        </trkpt>
      <trkpt lat="41.395448" lon="70.08692">
        <ele>2943.71</ele>
        </trkpt>
      <trkpt lat="41.395482" lon="70.08692">
        <ele>2943.61</ele>
        </trkpt>
      <trkpt lat="41.395451" lon="70.086926">
        <ele>2943.3</ele>
        </trkpt>
      <trkpt lat="41.395473" lon="70.086886">
        <ele>2943.45</ele>
        </trkpt>
      <trkpt lat="41.395649" lon="70.086816">
        <ele>2943</ele>
        </trkpt>
      <trkpt lat="41.395791" lon="70.086639">
        <ele>2941.4</ele>
        </trkpt>
      <trkpt lat="41.396054" lon="70.08643">
        <ele>2938.88</ele>
        </trkpt>
      <trkpt lat="41.396152" lon="70.086332">
        <ele>2936.82</ele>
        </trkpt>
      <trkpt lat="41.396376" lon="70.086196">
        <ele>2933.34</ele>
        </trkpt>
      <trkpt lat="41.396695" lon="70.086147">
        <ele>2927.89</ele>
        </trkpt>
      <trkpt lat="41.396781" lon="70.086167">
        <ele>2925.54</ele>
        </trkpt>
      <trkpt lat="41.396942" lon="70.086103">
        <ele>2923.49</ele>
        </trkpt>
      <trkpt lat="41.397231" lon="70.085887">
        <ele>2918.86</ele>
        </trkpt>
      <trkpt lat="41.397407" lon="70.085693">
        <ele>2913.74</ele>
        </trkpt>
      <trkpt lat="41.397417" lon="70.085715">
        <ele>2913.48</ele>
        </trkpt>
      <trkpt lat="41.397583" lon="70.085595">
        <ele>2911.11</ele>
        </trkpt>
      <trkpt lat="41.397743" lon="70.085517">
        <ele>2909.06</ele>
        </trkpt>
      <trkpt lat="41.397936" lon="70.085491">
        <ele>2905.66</ele>
        </trkpt>
      <trkpt lat="41.398256" lon="70.085536">
        <ele>2898.94</ele>
        </trkpt>
      <trkpt lat="41.398671" lon="70.085691">
        <ele>2903.94</ele>
        </trkpt>
      <trkpt lat="41.398869" lon="70.085655">
        <ele>2907.07</ele>
        </trkpt>
      <trkpt lat="41.398928" lon="70.085741">
        <ele>2908.38</ele>
        </trkpt>
      <trkpt lat="41.399023" lon="70.085755">
        <ele>2909.55</ele>
        </trkpt>
      <trkpt lat="41.39959" lon="70.08558">
        <ele>2916.29</ele>
        </trkpt>
      <trkpt lat="41.39975" lon="70.085579">
        <ele>2914.52</ele>
        </trkpt>
      <trkpt lat="41.399882" lon="70.085613">
        <ele>2911.57</ele>
        </trkpt>
      <trkpt lat="41.400127" lon="70.085531">
        <ele>2908.76</ele>
        </trkpt>
      <trkpt lat="41.400483" lon="70.085571">
        <ele>2903.29</ele>
        </trkpt>
      <trkpt lat="41.40058" lon="70.085612">
        <ele>2901.63</ele>
        </trkpt>
      <trkpt lat="41.400619" lon="70.08565">
        <ele>2900.39</ele>
        </trkpt>
      <trkpt lat="41.400769" lon="70.085683">
        <ele>2896.18</ele>
        </trkpt>
      <trkpt lat="41.401042" lon="70.085633">
        <ele>2888.96</ele>
        </trkpt>
      <trkpt lat="41.401311" lon="70.085548">
        <ele>2886.88</ele>
        </trkpt>
      <trkpt lat="41.401433" lon="70.085539">
        <ele>2885.93</ele>
        </trkpt>
      <trkpt lat="41.40156" lon="70.08549">
        <ele>2885.25</ele>
        </trkpt>
      <trkpt lat="41.401748" lon="70.085376">
        <ele>2884.45</ele>
        </trkpt>
      <trkpt lat="41.401855" lon="70.085352">
        <ele>2884.13</ele>
        </trkpt>
      <trkpt lat="41.401959" lon="70.085301">
        <ele>2883.92</ele>
        </trkpt>
      <trkpt lat="41.402095" lon="70.085277">
        <ele>2883.67</ele>
        </trkpt>
      <trkpt lat="41.402228" lon="70.085222">
        <ele>2883.56</ele>
        </trkpt>
      <trkpt lat="41.402314" lon="70.085227">
        <ele>2882.75</ele>
        </trkpt>
      <trkpt lat="41.402394" lon="70.085195">
        <ele>2882.14</ele>
        </trkpt>
      <trkpt lat="41.402569" lon="70.085165">
        <ele>2884.73</ele>
        </trkpt>
      <trkpt lat="41.402637" lon="70.085186">
        <ele>2886.92</ele>
        </trkpt>
      <trkpt lat="41.402709" lon="70.085241">
        <ele>2890.07</ele>
        </trkpt>
      <trkpt lat="41.402976" lon="70.08532">
        <ele>2892.24</ele>
        </trkpt>
      <trkpt lat="41.40324" lon="70.085441">
        <ele>2894.31</ele>
        </trkpt>
      <trkpt lat="41.403355" lon="70.085516">
        <ele>2895.96</ele>
        </trkpt>
      <trkpt lat="41.403391" lon="70.0855">
        <ele>2896.18</ele>
        </trkpt>
      <trkpt lat="41.403432" lon="70.085451">
        <ele>2896.79</ele>
        </trkpt>
      <trkpt lat="41.403531" lon="70.085422">
        <ele>2899.15</ele>
        </trkpt>
      <trkpt lat="41.403694" lon="70.085292">
        <ele>2902.99</ele>
        </trkpt>
      <trkpt lat="41.403836" lon="70.085212">
        <ele>2905.61</ele>
        </trkpt>
      <trkpt lat="41.403888" lon="70.085133">
        <ele>2907.46</ele>
        </trkpt>
      <trkpt lat="41.404145" lon="70.084971">
        <ele>2914.47</ele>
        </trkpt>
      <trkpt lat="41.404131" lon="70.084947">
        <ele>2914.12</ele>
        </trkpt>
      <trkpt lat="41.404146" lon="70.084968">
        <ele>2914.52</ele>
        </trkpt>
      <trkpt lat="41.404158" lon="70.084942">
        <ele>2915.15</ele>
        </trkpt>
      <trkpt lat="41.404143" lon="70.08497">
        <ele>2915.23</ele>
        </trkpt>
      <trkpt lat="41.404139" lon="70.084938">
        <ele>2916.26</ele>
        </trkpt>
      <trkpt lat="41.404151" lon="70.084938">
        <ele>2916</ele>
        </trkpt>
      <trkpt lat="41.404141" lon="70.08496">
        <ele>2914.01</ele>
        </trkpt>
      <trkpt lat="41.404139" lon="70.084928">
        <ele>2914.17</ele>
        </trkpt>
      <trkpt lat="41.404146" lon="70.084941">
        <ele>2914.62</ele>
        </trkpt>
      <trkpt lat="41.404154" lon="70.08493">
        <ele>2914.36</ele>
        </trkpt>
      <trkpt lat="41.404136" lon="70.08493">
        <ele>2913.66</ele>
        </trkpt>
      <trkpt lat="41.404153" lon="70.084943">
        <ele>2914.37</ele>
        </trkpt>
      <trkpt lat="41.404146" lon="70.084957">
        <ele>2914.24</ele>
        </trkpt>
      <trkpt lat="41.404396" lon="70.084825">
        <ele>2916.58</ele>
        </trkpt>
      <trkpt lat="41.404609" lon="70.084755">
        <ele>2919.54</ele>
        </trkpt>
      <trkpt lat="41.404753" lon="70.084721">
        <ele>2921.38</ele>
        </trkpt>
      <trkpt lat="41.404929" lon="70.084708">
        <ele>2923.48</ele>
        </trkpt>
      <trkpt lat="41.405326" lon="70.084714">
        <ele>2928.36</ele>
        </trkpt>
      <trkpt lat="41.405408" lon="70.084749">
        <ele>2929.45</ele>
        </trkpt>
      <trkpt lat="41.40552" lon="70.084744">
        <ele>2930.46</ele>
        </trkpt>
      <trkpt lat="41.405761" lon="70.084924">
        <ele>2932.3</ele>
        </trkpt>
      <trkpt lat="41.406034" lon="70.085057">
        <ele>2932.86</ele>
        </trkpt>
      <trkpt lat="41.40631" lon="70.085158">
        <ele>2932.65</ele>
        </trkpt>
      <trkpt lat="41.406471" lon="70.08519">
        <ele>2932.99</ele>
        </trkpt>
      <trkpt lat="41.406878" lon="70.085166">
        <ele>2930.67</ele>
        </trkpt>
      <trkpt lat="41.407014" lon="70.085141">
        <ele>2929.74</ele>
        </trkpt>
      <trkpt lat="41.407271" lon="70.085157">
        <ele>2927.26</ele>
        </trkpt>
      <trkpt lat="41.407418" lon="70.085201">
        <ele>2925.98</ele>
        </trkpt>
      <trkpt lat="41.4076" lon="70.085173">
        <ele>2925.22</ele>
        </trkpt>
      <trkpt lat="41.407795" lon="70.085187">
        <ele>2925.75</ele>
        </trkpt>
      <trkpt lat="41.408107" lon="70.085341">
        <ele>2924.92</ele>
        </trkpt>
      <trkpt lat="41.40818" lon="70.085393">
        <ele>2924.56</ele>
        </trkpt>
      <trkpt lat="41.408252" lon="70.085496">
        <ele>2923.96</ele>
        </trkpt>
      <trkpt lat="41.4084" lon="70.085787">
        <ele>2921.76</ele>
        </trkpt>
      <trkpt lat="41.408434" lon="70.085807">
        <ele>2920.47</ele>
        </trkpt>
      <trkpt lat="41.408489" lon="70.085933">
        <ele>2920.44</ele>
        </trkpt>
      <trkpt lat="41.408657" lon="70.086158">
        <ele>2919.8</ele>
        </trkpt>
      <trkpt lat="41.408933" lon="70.086488">
        <ele>2919.83</ele>
        </trkpt>
      <trkpt lat="41.409116" lon="70.086611">
        <ele>2921.04</ele>
        </trkpt>
      <trkpt lat="41.409381" lon="70.086877">
        <ele>2920.43</ele>
        </trkpt>
      <trkpt lat="41.409578" lon="70.087162">
        <ele>2916.82</ele>
        </trkpt>
      <trkpt lat="41.409782" lon="70.087367">
        <ele>2911.43</ele>
        </trkpt>
      <trkpt lat="41.409813" lon="70.087462">
        <ele>2909.45</ele>
        </trkpt>
      <trkpt lat="41.409854" lon="70.087525">
        <ele>2908.12</ele>
        </trkpt>
      <trkpt lat="41.409925" lon="70.087611">
        <ele>2906.58</ele>
        </trkpt>
      <trkpt lat="41.410011" lon="70.087674">
        <ele>2905.18</ele>
        </trkpt>
      <trkpt lat="41.410021" lon="70.08777">
        <ele>2903.29</ele>
        </trkpt>
      <trkpt lat="41.41009" lon="70.087791">
        <ele>2900.86</ele>
        </trkpt>
      <trkpt lat="41.410081" lon="70.087862">
        <ele>2899.28</ele>
        </trkpt>
      <trkpt lat="41.41009" lon="70.087881">
        <ele>2898.57</ele>
        </trkpt>
      <trkpt lat="41.410164" lon="70.087874">
        <ele>2895.89</ele>
        </trkpt>
      <trkpt lat="41.410221" lon="70.087901">
        <ele>2893.56</ele>
        </trkpt>
      <trkpt lat="41.410295" lon="70.087897">
        <ele>2891.53</ele>
        </trkpt>
      <trkpt lat="41.410457" lon="70.087864">
        <ele>2887.63</ele>
        </trkpt>
      <trkpt lat="41.410598" lon="70.087802">
        <ele>2884.63</ele>
        </trkpt>
      <trkpt lat="41.410633" lon="70.087837">
        <ele>2883.54</ele>
        </trkpt>
      <trkpt lat="41.410668" lon="70.08795">
        <ele>2881.42</ele>
        </trkpt>
      <trkpt lat="41.410762" lon="70.088083">
        <ele>2877.62</ele>
        </trkpt>
      <trkpt lat="41.410794" lon="70.088086">
        <ele>2876.57</ele>
        </trkpt>
      <trkpt lat="41.410888" lon="70.088025">
        <ele>2873.83</ele>
        </trkpt>
      <trkpt lat="41.411045" lon="70.088192">
        <ele>2868.3</ele>
        </trkpt>
      <trkpt lat="41.41115" lon="70.088255">
        <ele>2864.75</ele>
        </trkpt>
      <trkpt lat="41.411365" lon="70.088335">
        <ele>2860.02</ele>
        </trkpt>
      <trkpt lat="41.411744" lon="70.088407">
        <ele>2858.12</ele>
        </trkpt>
      <trkpt lat="41.411884" lon="70.08849">
        <ele>2856.25</ele>
        </trkpt>
      <trkpt lat="41.412038" lon="70.088519">
        <ele>2852.12</ele>
        </trkpt>
      <trkpt lat="41.412209" lon="70.088621">
        <ele>2849.77</ele>
        </trkpt>
      <trkpt lat="41.412586" lon="70.089054">
        <ele>2849.39</ele>
        </trkpt>
      <trkpt lat="41.412672" lon="70.08921">
        <ele>2849.69</ele>
        </trkpt>
      <trkpt lat="41.412782" lon="70.089349">
        <ele>2848.24</ele>
        </trkpt>
      <trkpt lat="41.412984" lon="70.08937">
        <ele>2846.85</ele>
        </trkpt>
      <trkpt lat="41.413536" lon="70.089367">
        <ele>2844.21</ele>
        </trkpt>
      <trkpt lat="41.413706" lon="70.089424">
        <ele>2843.64</ele>
        </trkpt>
      <trkpt lat="41.413877" lon="70.089532">
        <ele>2843.07</ele>
        </trkpt>
      <trkpt lat="41.413908" lon="70.089578">
        <ele>2843.19</ele>
        </trkpt>
      <trkpt lat="41.413969" lon="70.089763">
        <ele>2843.63</ele>
        </trkpt>
      <trkpt lat="41.413993" lon="70.089895">
        <ele>2844.05</ele>
        </trkpt>
      <trkpt lat="41.414081" lon="70.090125">
        <ele>2844.12</ele>
        </trkpt>
      <trkpt lat="41.41439" lon="70.090402">
        <ele>2841.93</ele>
        </trkpt>
      <trkpt lat="41.414472" lon="70.090537">
        <ele>2842.98</ele>
        </trkpt>
      <trkpt lat="41.414545" lon="70.090708">
        <ele>2844.2</ele>
        </trkpt>
      <trkpt lat="41.414641" lon="70.090967">
        <ele>2845.12</ele>
        </trkpt>
      <trkpt lat="41.414669" lon="70.091144">
        <ele>2845.66</ele>
        </trkpt>
      <trkpt lat="41.414754" lon="70.091477">
        <ele>2845.58</ele>
        </trkpt>
      <trkpt lat="41.414962" lon="70.091894">
        <ele>2846.65</ele>
        </trkpt>
      <trkpt lat="41.414962" lon="70.092031">
        <ele>2846.55</ele>
        </trkpt>
      <trkpt lat="41.414983" lon="70.092166">
        <ele>2846.54</ele>
        </trkpt>
      <trkpt lat="41.415067" lon="70.092556">
        <ele>2846.4</ele>
        </trkpt>
      <trkpt lat="41.415103" lon="70.092642">
        <ele>2846.45</ele>
        </trkpt>
      <trkpt lat="41.415143" lon="70.092817">
        <ele>2846.62</ele>
        </trkpt>
      <trkpt lat="41.415202" lon="70.092916">
        <ele>2846.42</ele>
        </trkpt>
      <trkpt lat="41.415386" lon="70.092969">
        <ele>2846.79</ele>
        </trkpt>
      <trkpt lat="41.41555" lon="70.093065">
        <ele>2846.07</ele>
        </trkpt>
      <trkpt lat="41.415722" lon="70.093237">
        <ele>2845.31</ele>
        </trkpt>
      <trkpt lat="41.415784" lon="70.093321">
        <ele>2845.01</ele>
        </trkpt>
      <trkpt lat="41.415939" lon="70.093418">
        <ele>2844.82</ele>
        </trkpt>
      <trkpt lat="41.416142" lon="70.093601">
        <ele>2844.16</ele>
        </trkpt>
      <trkpt lat="41.416235" lon="70.093653">
        <ele>2843.91</ele>
        </trkpt>
      <trkpt lat="41.416512" lon="70.093722">
        <ele>2841.15</ele>
        </trkpt>
      <trkpt lat="41.416665" lon="70.093818">
        <ele>2838.69</ele>
        </trkpt>
      <trkpt lat="41.416771" lon="70.093853">
        <ele>2835.27</ele>
        </trkpt>
      <trkpt lat="41.416916" lon="70.093954">
        <ele>2831.77</ele>
        </trkpt>
      <trkpt lat="41.417" lon="70.094039">
        <ele>2831.52</ele>
        </trkpt>
      <trkpt lat="41.417126" lon="70.094094">
        <ele>2831.25</ele>
        </trkpt>
      <trkpt lat="41.417243" lon="70.094172">
        <ele>2828.1</ele>
        </trkpt>
      <trkpt lat="41.41736" lon="70.094177">
        <ele>2824.47</ele>
        </trkpt>
      <trkpt lat="41.417473" lon="70.094154">
        <ele>2822.41</ele>
        </trkpt>
      <trkpt lat="41.417536" lon="70.094165">
        <ele>2820.88</ele>
        </trkpt>
      <trkpt lat="41.417611" lon="70.09397">
        <ele>2817.35</ele>
        </trkpt>
      <trkpt lat="41.417707" lon="70.09383">
        <ele>2814.45</ele>
        </trkpt>
      <trkpt lat="41.417836" lon="70.093757">
        <ele>2810.64</ele>
        </trkpt>
      <trkpt lat="41.417858" lon="70.093794">
        <ele>2808.52</ele>
        </trkpt>
      <trkpt lat="41.417848" lon="70.093752">
        <ele>2806.45</ele>
        </trkpt>
      <trkpt lat="41.417837" lon="70.093759">
        <ele>2805.55</ele>
        </trkpt>
      <trkpt lat="41.417853" lon="70.093749">
        <ele>2805.18</ele>
        </trkpt>
      <trkpt lat="41.41785" lon="70.093793">
        <ele>2805.51</ele>
        </trkpt>
      <trkpt lat="41.417829" lon="70.093759">
        <ele>2806.03</ele>
        </trkpt>
      <trkpt lat="41.417862" lon="70.094044">
        <ele>2796.17</ele>
        </trkpt>
      <trkpt lat="41.41787" lon="70.09407">
        <ele>2795.57</ele>
        </trkpt>
      <trkpt lat="41.417903" lon="70.094094">
        <ele>2795.13</ele>
        </trkpt>
      <trkpt lat="41.417911" lon="70.09417">
        <ele>2794.7</ele>
        </trkpt>
      <trkpt lat="41.418225" lon="70.094047">
        <ele>2785.23</ele>
        </trkpt>
      <trkpt lat="41.418286" lon="70.093987">
        <ele>2782.92</ele>
        </trkpt>
      <trkpt lat="41.418314" lon="70.093894">
        <ele>2781.57</ele>
        </trkpt>
      <trkpt lat="41.418338" lon="70.093882">
        <ele>2780.91</ele>
        </trkpt>
      <trkpt lat="41.41836" lon="70.093942">
        <ele>2779.53</ele>
        </trkpt>
      <trkpt lat="41.418366" lon="70.094039">
        <ele>2777.71</ele>
        </trkpt>
      <trkpt lat="41.418341" lon="70.094159">
        <ele>2775.6</ele>
        </trkpt>
      <trkpt lat="41.418313" lon="70.094216">
        <ele>2774.4</ele>
        </trkpt>
      <trkpt lat="41.418307" lon="70.094311">
        <ele>2772.96</ele>
        </trkpt>
      <trkpt lat="41.418263" lon="70.094426">
        <ele>2770.69</ele>
        </trkpt>
      <trkpt lat="41.418231" lon="70.09463">
        <ele>2766.02</ele>
        </trkpt>
      <trkpt lat="41.418223" lon="70.094827">
        <ele>2761.25</ele>
        </trkpt>
      <trkpt lat="41.418184" lon="70.094995">
        <ele>2757.59</ele>
        </trkpt>
      <trkpt lat="41.418188" lon="70.095143">
        <ele>2754.04</ele>
        </trkpt>
      <trkpt lat="41.418171" lon="70.095312">
        <ele>2750.1</ele>
        </trkpt>
      <trkpt lat="41.418104" lon="70.095508">
        <ele>2745.73</ele>
        </trkpt>
      <trkpt lat="41.41807" lon="70.095566">
        <ele>2744.28</ele>
        </trkpt>
      <trkpt lat="41.418029" lon="70.095735">
        <ele>2739.91</ele>
        </trkpt>
      <trkpt lat="41.417976" lon="70.095858">
        <ele>2736.1</ele>
        </trkpt>
      <trkpt lat="41.417973" lon="70.095936">
        <ele>2733.82</ele>
        </trkpt>
      <trkpt lat="41.418023" lon="70.095965">
        <ele>2732</ele>
        </trkpt>
      <trkpt lat="41.417891" lon="70.096216">
        <ele>2726.12</ele>
        </trkpt>
      <trkpt lat="41.417887" lon="70.096249">
        <ele>2725.18</ele>
        </trkpt>
      <trkpt lat="41.417909" lon="70.096296">
        <ele>2723.31</ele>
        </trkpt>
      <trkpt lat="41.417873" lon="70.096348">
        <ele>2721.38</ele>
        </trkpt>
      <trkpt lat="41.417878" lon="70.096428">
        <ele>2718.64</ele>
        </trkpt>
      <trkpt lat="41.417836" lon="70.096485">
        <ele>2716.54</ele>
        </trkpt>
      <trkpt lat="41.417849" lon="70.096527">
        <ele>2715.11</ele>
        </trkpt>
      <trkpt lat="41.417833" lon="70.096594">
        <ele>2713.49</ele>
        </trkpt>
      <trkpt lat="41.417858" lon="70.09663">
        <ele>2711.87</ele>
        </trkpt>
      <trkpt lat="41.417838" lon="70.096705">
        <ele>2709.97</ele>
        </trkpt>
      <trkpt lat="41.417869" lon="70.096824">
        <ele>2706.34</ele>
        </trkpt>
      <trkpt lat="41.41792" lon="70.096903">
        <ele>2703.81</ele>
        </trkpt>
      <trkpt lat="41.417875" lon="70.096965">
        <ele>2701.84</ele>
        </trkpt>
      <trkpt lat="41.417874" lon="70.09699">
        <ele>2701.3</ele>
        </trkpt>
      <trkpt lat="41.417903" lon="70.097099">
        <ele>2698.86</ele>
        </trkpt>
      <trkpt lat="41.417988" lon="70.097259">
        <ele>2693.72</ele>
        </trkpt>
      <trkpt lat="41.417995" lon="70.097306">
        <ele>2692.19</ele>
        </trkpt>
      <trkpt lat="41.41797" lon="70.097358">
        <ele>2690.91</ele>
        </trkpt>
      <trkpt lat="41.417973" lon="70.097383">
        <ele>2690.2</ele>
        </trkpt>
      <trkpt lat="41.418032" lon="70.097497">
        <ele>2686.8</ele>
        </trkpt>
      <trkpt lat="41.418169" lon="70.0976">
        <ele>2682.06</ele>
        </trkpt>
      <trkpt lat="41.418148" lon="70.09778">
        <ele>2678.54</ele>
        </trkpt>
      <trkpt lat="41.418201" lon="70.097947">
        <ele>2675.08</ele>
        </trkpt>
      <trkpt lat="41.418187" lon="70.097937">
        <ele>2673.33</ele>
        </trkpt>
      <trkpt lat="41.418203" lon="70.097917">
        <ele>2673.37</ele>
        </trkpt>
      <trkpt lat="41.418213" lon="70.097926">
        <ele>2673.72</ele>
        </trkpt>
      <trkpt lat="41.418261" lon="70.098044">
        <ele>2673.48</ele>
        </trkpt>
      <trkpt lat="41.418326" lon="70.098298">
        <ele>2673.96</ele>
        </trkpt>
      <trkpt lat="41.418381" lon="70.098425">
        <ele>2674.48</ele>
        </trkpt>
      <trkpt lat="41.418447" lon="70.098516">
        <ele>2675.29</ele>
        </trkpt>
      <trkpt lat="41.418512" lon="70.098678">
        <ele>2678.15</ele>
        </trkpt>
      <trkpt lat="41.418597" lon="70.098752">
        <ele>2680.17</ele>
        </trkpt>
      <trkpt lat="41.41868" lon="70.098958">
        <ele>2681.12</ele>
        </trkpt>
      <trkpt lat="41.418743" lon="70.099053">
        <ele>2681.63</ele>
        </trkpt>
      <trkpt lat="41.418996" lon="70.099259">
        <ele>2679.76</ele>
        </trkpt>
      <trkpt lat="41.41936" lon="70.099761">
        <ele>2677.27</ele>
        </trkpt>
      <trkpt lat="41.419569" lon="70.099966">
        <ele>2678.67</ele>
        </trkpt>
      <trkpt lat="41.419765" lon="70.099999">
        <ele>2679.41</ele>
        </trkpt>
      <trkpt lat="41.419962" lon="70.100092">
        <ele>2681.42</ele>
        </trkpt>
      <trkpt lat="41.420111" lon="70.10019">
        <ele>2682.26</ele>
        </trkpt>
      <trkpt lat="41.420237" lon="70.100312">
        <ele>2682.93</ele>
        </trkpt>
      <trkpt lat="41.420436" lon="70.100466">
        <ele>2683.39</ele>
        </trkpt>
      <trkpt lat="41.420538" lon="70.100437">
        <ele>2683.62</ele>
        </trkpt>
      <trkpt lat="41.42077" lon="70.100421">
        <ele>2683.09</ele>
        </trkpt>
      <trkpt lat="41.420898" lon="70.100481">
        <ele>2683.72</ele>
        </trkpt>
      <trkpt lat="41.420991" lon="70.10056">
        <ele>2685.04</ele>
        </trkpt>
      <trkpt lat="41.421047" lon="70.100812">
        <ele>2686.66</ele>
        </trkpt>
      <trkpt lat="41.421053" lon="70.10099">
        <ele>2686.27</ele>
        </trkpt>
      <trkpt lat="41.421219" lon="70.101264">
        <ele>2686.54</ele>
        </trkpt>
      <trkpt lat="41.421329" lon="70.101649">
        <ele>2687.31</ele>
        </trkpt>
      <trkpt lat="41.421529" lon="70.102006">
        <ele>2688.22</ele>
        </trkpt>
      <trkpt lat="41.421566" lon="70.102141">
        <ele>2688.6</ele>
        </trkpt>
      <trkpt lat="41.421568" lon="70.102311">
        <ele>2688.56</ele>
        </trkpt>
      <trkpt lat="41.421612" lon="70.102443">
        <ele>2688.93</ele>
        </trkpt>
      <trkpt lat="41.421795" lon="70.102812">
        <ele>2688.74</ele>
        </trkpt>
      <trkpt lat="41.42188" lon="70.102883">
        <ele>2688.92</ele>
        </trkpt>
      <trkpt lat="41.422022" lon="70.102948">
        <ele>2689.19</ele>
        </trkpt>
      <trkpt lat="41.422084" lon="70.103015">
        <ele>2689.26</ele>
        </trkpt>
      <trkpt lat="41.422117" lon="70.103124">
        <ele>2690.04</ele>
        </trkpt>
      <trkpt lat="41.422131" lon="70.103331">
        <ele>2691.62</ele>
        </trkpt>
      <trkpt lat="41.422174" lon="70.103457">
        <ele>2692.2</ele>
        </trkpt>
      <trkpt lat="41.422333" lon="70.103626">
        <ele>2692.76</ele>
        </trkpt>
      <trkpt lat="41.42246" lon="70.103803">
        <ele>2694.03</ele>
        </trkpt>
      <trkpt lat="41.422535" lon="70.103957">
        <ele>2693.15</ele>
        </trkpt>
      <trkpt lat="41.422624" lon="70.104244">
        <ele>2690.69</ele>
        </trkpt>
      <trkpt lat="41.422719" lon="70.104339">
        <ele>2690.22</ele>
        </trkpt>
      <trkpt lat="41.422782" lon="70.104469">
        <ele>2689.14</ele>
        </trkpt>
      <trkpt lat="41.422817" lon="70.10451">
        <ele>2688.71</ele>
        </trkpt>
      <trkpt lat="41.422912" lon="70.104572">
        <ele>2688.19</ele>
        </trkpt>
      <trkpt lat="41.423097" lon="70.104651">
        <ele>2688.2</ele>
        </trkpt>
      <trkpt lat="41.423326" lon="70.104799">
        <ele>2690.47</ele>
        </trkpt>
      <trkpt lat="41.423377" lon="70.104791">
        <ele>2690.58</ele>
        </trkpt>
      <trkpt lat="41.423487" lon="70.104733">
        <ele>2690.53</ele>
        </trkpt>
      <trkpt lat="41.423896" lon="70.104707">
        <ele>2696.87</ele>
        </trkpt>
      <trkpt lat="41.424057" lon="70.104658">
        <ele>2697.83</ele>
        </trkpt>
      <trkpt lat="41.424222" lon="70.104655">
        <ele>2700.35</ele>
        </trkpt>
      <trkpt lat="41.42429" lon="70.104671">
        <ele>2701.39</ele>
        </trkpt>
      <trkpt lat="41.424386" lon="70.104738">
        <ele>2703.43</ele>
        </trkpt>
      <trkpt lat="41.424403" lon="70.104723">
        <ele>2703.6</ele>
        </trkpt>
      <trkpt lat="41.42441" lon="70.104737">
        <ele>2703.67</ele>
        </trkpt>
      <trkpt lat="41.424412" lon="70.104708">
        <ele>2703.63</ele>
        </trkpt>
      <trkpt lat="41.424393" lon="70.104753">
        <ele>2704.13</ele>
        </trkpt>
      <trkpt lat="41.424436" lon="70.104886">
        <ele>2703.69</ele>
        </trkpt>
      <trkpt lat="41.424554" lon="70.105023">
        <ele>2702.64</ele>
        </trkpt>
      <trkpt lat="41.424812" lon="70.105088">
        <ele>2698.25</ele>
        </trkpt>
      <trkpt lat="41.424963" lon="70.105199">
        <ele>2696.83</ele>
        </trkpt>
      <trkpt lat="41.425332" lon="70.105308">
        <ele>2696.94</ele>
        </trkpt>
      <trkpt lat="41.425469" lon="70.105403">
        <ele>2697.6</ele>
        </trkpt>
      <trkpt lat="41.425655" lon="70.10548">
        <ele>2698.98</ele>
        </trkpt>
      <trkpt lat="41.425891" lon="70.105658">
        <ele>2701.14</ele>
        </trkpt>
      <trkpt lat="41.425931" lon="70.10571">
        <ele>2702.37</ele>
        </trkpt>
      <trkpt lat="41.426064" lon="70.105729">
        <ele>2702.88</ele>
        </trkpt>
      <trkpt lat="41.426197" lon="70.10582">
        <ele>2703.51</ele>
        </trkpt>
      <trkpt lat="41.426448" lon="70.105898">
        <ele>2705.18</ele>
        </trkpt>
      <trkpt lat="41.426524" lon="70.105949">
        <ele>2705.9</ele>
        </trkpt>
      <trkpt lat="41.426553" lon="70.105993">
        <ele>2706.25</ele>
        </trkpt>
      <trkpt lat="41.426555" lon="70.106064">
        <ele>2706.14</ele>
        </trkpt>
      <trkpt lat="41.4265" lon="70.106192">
        <ele>2705.21</ele>
        </trkpt>
      <trkpt lat="41.426397" lon="70.106313">
        <ele>2703.38</ele>
        </trkpt>
      <trkpt lat="41.426256" lon="70.106531">
        <ele>2700.64</ele>
        </trkpt>
      <trkpt lat="41.426167" lon="70.106615">
        <ele>2698.56</ele>
        </trkpt>
      <trkpt lat="41.425991" lon="70.106893">
        <ele>2691.08</ele>
        </trkpt>
      <trkpt lat="41.425758" lon="70.107179">
        <ele>2689.32</ele>
        </trkpt>
      <trkpt lat="41.425704" lon="70.107309">
        <ele>2689.26</ele>
        </trkpt>
      <trkpt lat="41.425673" lon="70.107542">
        <ele>2688.68</ele>
        </trkpt>
      <trkpt lat="41.425637" lon="70.107635">
        <ele>2686.42</ele>
        </trkpt>
      <trkpt lat="41.42564" lon="70.107681">
        <ele>2685.63</ele>
        </trkpt>
      <trkpt lat="41.425744" lon="70.107986">
        <ele>2681.51</ele>
        </trkpt>
      <trkpt lat="41.425758" lon="70.108124">
        <ele>2680.02</ele>
        </trkpt>
      <trkpt lat="41.425814" lon="70.108195">
        <ele>2678.08</ele>
        </trkpt>
      <trkpt lat="41.425842" lon="70.108305">
        <ele>2676.13</ele>
        </trkpt>
      <trkpt lat="41.425821" lon="70.108529">
        <ele>2670.87</ele>
        </trkpt>
      <trkpt lat="41.425758" lon="70.10864">
        <ele>2668.52</ele>
        </trkpt>
      <trkpt lat="41.425759" lon="70.108687">
        <ele>2667.96</ele>
        </trkpt>
      <trkpt lat="41.426144" lon="70.109364">
        <ele>2667.94</ele>
        </trkpt>
      <trkpt lat="41.426177" lon="70.109526">
        <ele>2667.55</ele>
        </trkpt>
      <trkpt lat="41.426147" lon="70.109618">
        <ele>2666.12</ele>
        </trkpt>
      <trkpt lat="41.426059" lon="70.109738">
        <ele>2663.54</ele>
        </trkpt>
      <trkpt lat="41.425963" lon="70.109846">
        <ele>2661.21</ele>
        </trkpt>
      <trkpt lat="41.425825" lon="70.109965">
        <ele>2659.12</ele>
        </trkpt>
      <trkpt lat="41.425775" lon="70.110303">
        <ele>2660.35</ele>
        </trkpt>
      <trkpt lat="41.425782" lon="70.110415">
        <ele>2661.42</ele>
        </trkpt>
      <trkpt lat="41.425766" lon="70.110524">
        <ele>2661.46</ele>
        </trkpt>
      <trkpt lat="41.425681" lon="70.110697">
        <ele>2660.45</ele>
        </trkpt>
      <trkpt lat="41.425624" lon="70.110774">
        <ele>2659.15</ele>
        </trkpt>
      <trkpt lat="41.425608" lon="70.110838">
        <ele>2658.16</ele>
        </trkpt>
      <trkpt lat="41.425696" lon="70.111305">
        <ele>2654.12</ele>
        </trkpt>
      <trkpt lat="41.425596" lon="70.111507">
        <ele>2652.87</ele>
        </trkpt>
      <trkpt lat="41.425567" lon="70.111663">
        <ele>2650.27</ele>
        </trkpt>
      <trkpt lat="41.425572" lon="70.111846">
        <ele>2647.53</ele>
        </trkpt>
      <trkpt lat="41.425599" lon="70.111979">
        <ele>2645.88</ele>
        </trkpt>
      <trkpt lat="41.425657" lon="70.112074">
        <ele>2644.29</ele>
        </trkpt>
      <trkpt lat="41.425714" lon="70.112214">
        <ele>2642.43</ele>
        </trkpt>
      <trkpt lat="41.42572" lon="70.112276">
        <ele>2641.76</ele>
        </trkpt>
      <trkpt lat="41.425703" lon="70.112388">
        <ele>2641.21</ele>
        </trkpt>
      <trkpt lat="41.425728" lon="70.112663">
        <ele>2639.78</ele>
        </trkpt>
      <trkpt lat="41.425745" lon="70.11275">
        <ele>2639.74</ele>
        </trkpt>
      <trkpt lat="41.425781" lon="70.112831">
        <ele>2638.86</ele>
        </trkpt>
      <trkpt lat="41.425891" lon="70.112916">
        <ele>2637.71</ele>
        </trkpt>
      <trkpt lat="41.426295" lon="70.11309">
        <ele>2637.53</ele>
        </trkpt>
      <trkpt lat="41.426557" lon="70.113268">
        <ele>2639.35</ele>
        </trkpt>
      <trkpt lat="41.426558" lon="70.113246">
        <ele>2640.13</ele>
        </trkpt>
      <trkpt lat="41.426704" lon="70.113343">
        <ele>2639.87</ele>
        </trkpt>
      <trkpt lat="41.426869" lon="70.113491">
        <ele>2642.47</ele>
        </trkpt>
      <trkpt lat="41.42703" lon="70.113677">
        <ele>2644.26</ele>
        </trkpt>
      <trkpt lat="41.427055" lon="70.113688">
        <ele>2644.42</ele>
        </trkpt>
      <trkpt lat="41.427062" lon="70.113674">
        <ele>2644.89</ele>
        </trkpt>
      <trkpt lat="41.427062" lon="70.113694">
        <ele>2644.58</ele>
        </trkpt>
      <trkpt lat="41.427119" lon="70.113755">
        <ele>2644.27</ele>
        </trkpt>
      <trkpt lat="41.427228" lon="70.113787">
        <ele>2643.35</ele>
        </trkpt>
      <trkpt lat="41.427311" lon="70.113923">
        <ele>2641.6</ele>
        </trkpt>
      <trkpt lat="41.427572" lon="70.113941">
        <ele>2636.62</ele>
        </trkpt>
      <trkpt lat="41.427617" lon="70.113972">
        <ele>2635.24</ele>
        </trkpt>
      <trkpt lat="41.42772" lon="70.113938">
        <ele>2632.76</ele>
        </trkpt>
      <trkpt lat="41.427834" lon="70.113933">
        <ele>2630.36</ele>
        </trkpt>
      <trkpt lat="41.427904" lon="70.113883">
        <ele>2628.84</ele>
        </trkpt>
      <trkpt lat="41.427961" lon="70.11389">
        <ele>2628.36</ele>
        </trkpt>
      <trkpt lat="41.428429" lon="70.1141">
        <ele>2624.05</ele>
        </trkpt>
      <trkpt lat="41.42868" lon="70.114184">
        <ele>2622.2</ele>
        </trkpt>
      <trkpt lat="41.428849" lon="70.114339">
        <ele>2621.48</ele>
        </trkpt>
      <trkpt lat="41.428932" lon="70.11446">
        <ele>2621.94</ele>
        </trkpt>
      <trkpt lat="41.429023" lon="70.114554">
        <ele>2621.72</ele>
        </trkpt>
      <trkpt lat="41.429199" lon="70.114529">
        <ele>2620.61</ele>
        </trkpt>
      <trkpt lat="41.429309" lon="70.114536">
        <ele>2619.52</ele>
        </trkpt>
      <trkpt lat="41.429485" lon="70.114494">
        <ele>2617.91</ele>
        </trkpt>
      <trkpt lat="41.429614" lon="70.1145">
        <ele>2615.96</ele>
        </trkpt>
      <trkpt lat="41.429791" lon="70.114459">
        <ele>2613.54</ele>
        </trkpt>
      <trkpt lat="41.429907" lon="70.114484">
        <ele>2612.75</ele>
        </trkpt>
      <trkpt lat="41.430025" lon="70.114545">
        <ele>2612.32</ele>
        </trkpt>
      <trkpt lat="41.430145" lon="70.114645">
        <ele>2612.21</ele>
        </trkpt>
      <trkpt lat="41.430195" lon="70.114713">
        <ele>2611.48</ele>
        </trkpt>
      <trkpt lat="41.430249" lon="70.114858">
        <ele>2610.83</ele>
        </trkpt>
      <trkpt lat="41.43036" lon="70.115023">
        <ele>2609.68</ele>
        </trkpt>
      <trkpt lat="41.430421" lon="70.115035">
        <ele>2608.35</ele>
        </trkpt>
      <trkpt lat="41.430624" lon="70.115004">
        <ele>2604.6</ele>
        </trkpt>
      <trkpt lat="41.430805" lon="70.115076">
        <ele>2602.06</ele>
        </trkpt>
      <trkpt lat="41.430831" lon="70.115145">
        <ele>2600.64</ele>
        </trkpt>
      <trkpt lat="41.430849" lon="70.115157">
        <ele>2600</ele>
        </trkpt>
      <trkpt lat="41.43096" lon="70.11513">
        <ele>2596.6</ele>
        </trkpt>
      <trkpt lat="41.430999" lon="70.115203">
        <ele>2594.82</ele>
        </trkpt>
      <trkpt lat="41.431064" lon="70.115178">
        <ele>2592.41</ele>
        </trkpt>
      <trkpt lat="41.431126" lon="70.115251">
        <ele>2590.38</ele>
        </trkpt>
      <trkpt lat="41.431146" lon="70.11539">
        <ele>2587.14</ele>
        </trkpt>
      <trkpt lat="41.431166" lon="70.115431">
        <ele>2585.77</ele>
        </trkpt>
      <trkpt lat="41.431269" lon="70.115509">
        <ele>2582.37</ele>
        </trkpt>
      <trkpt lat="41.431559" lon="70.115647">
        <ele>2577.14</ele>
        </trkpt>
      <trkpt lat="41.431644" lon="70.115728">
        <ele>2576.81</ele>
        </trkpt>
      <trkpt lat="41.431736" lon="70.115856">
        <ele>2577.21</ele>
        </trkpt>
      <trkpt lat="41.431816" lon="70.116102">
        <ele>2580.62</ele>
        </trkpt>
      <trkpt lat="41.431846" lon="70.116344">
        <ele>2585.32</ele>
        </trkpt>
      <trkpt lat="41.431885" lon="70.116417">
        <ele>2586.76</ele>
        </trkpt>
      <trkpt lat="41.431933" lon="70.116446">
        <ele>2588.38</ele>
        </trkpt>
      <trkpt lat="41.431952" lon="70.116585">
        <ele>2591.15</ele>
        </trkpt>
      <trkpt lat="41.431951" lon="70.116742">
        <ele>2593.69</ele>
        </trkpt>
      <trkpt lat="41.432022" lon="70.117001">
        <ele>2598.84</ele>
        </trkpt>
      <trkpt lat="41.432035" lon="70.117028">
        <ele>2599.66</ele>
        </trkpt>
      <trkpt lat="41.432082" lon="70.117055">
        <ele>2601.05</ele>
        </trkpt>
      <trkpt lat="41.432085" lon="70.117114">
        <ele>2602.84</ele>
        </trkpt>
      <trkpt lat="41.432142" lon="70.117304">
        <ele>2607.27</ele>
        </trkpt>
      <trkpt lat="41.432203" lon="70.11733">
        <ele>2608.98</ele>
        </trkpt>
      <trkpt lat="41.432231" lon="70.117401">
        <ele>2610.64</ele>
        </trkpt>
      <trkpt lat="41.432307" lon="70.117483">
        <ele>2612.41</ele>
        </trkpt>
      <trkpt lat="41.432324" lon="70.117468">
        <ele>2613.47</ele>
        </trkpt>
      <trkpt lat="41.432319" lon="70.117444">
        <ele>2612.75</ele>
        </trkpt>
      <trkpt lat="41.432326" lon="70.117475">
        <ele>2613.02</ele>
        </trkpt>
      <trkpt lat="41.432483" lon="70.117493">
        <ele>2613.12</ele>
        </trkpt>
      <trkpt lat="41.432654" lon="70.117541">
        <ele>2613.32</ele>
        </trkpt>
      <trkpt lat="41.432845" lon="70.117709">
        <ele>2614.98</ele>
        </trkpt>
      <trkpt lat="41.432929" lon="70.11774">
        <ele>2616.43</ele>
        </trkpt>
      <trkpt lat="41.433056" lon="70.117902">
        <ele>2619.25</ele>
        </trkpt>
      <trkpt lat="41.433202" lon="70.118007">
        <ele>2621.39</ele>
        </trkpt>
      <trkpt lat="41.433544" lon="70.118056">
        <ele>2616.42</ele>
        </trkpt>
      <trkpt lat="41.433638" lon="70.118049">
        <ele>2615.04</ele>
        </trkpt>
      <trkpt lat="41.433795" lon="70.118114">
        <ele>2613.98</ele>
        </trkpt>
      <trkpt lat="41.433958" lon="70.118144">
        <ele>2613.14</ele>
        </trkpt>
      <trkpt lat="41.434039" lon="70.118125">
        <ele>2612.92</ele>
        </trkpt>
      <trkpt lat="41.43419" lon="70.118019">
        <ele>2613.24</ele>
        </trkpt>
      <trkpt lat="41.434489" lon="70.117926">
        <ele>2610.44</ele>
        </trkpt>
      <trkpt lat="41.434543" lon="70.117936">
        <ele>2610.27</ele>
        </trkpt>
      <trkpt lat="41.434745" lon="70.118052">
        <ele>2610.53</ele>
        </trkpt>
      <trkpt lat="41.434852" lon="70.118082">
        <ele>2611.53</ele>
        </trkpt>
      <trkpt lat="41.434977" lon="70.118051">
        <ele>2611.37</ele>
        </trkpt>
      <trkpt lat="41.435268" lon="70.117936">
        <ele>2610.13</ele>
        </trkpt>
      <trkpt lat="41.435344" lon="70.117932">
        <ele>2609.97</ele>
        </trkpt>
      <trkpt lat="41.435433" lon="70.117945">
        <ele>2610</ele>
        </trkpt>
      <trkpt lat="41.435536" lon="70.117992">
        <ele>2609.87</ele>
        </trkpt>
      <trkpt lat="41.4357" lon="70.118141">
        <ele>2609.47</ele>
        </trkpt>
      <trkpt lat="41.435774" lon="70.118255">
        <ele>2609.41</ele>
        </trkpt>
      <trkpt lat="41.435808" lon="70.118388">
        <ele>2609.25</ele>
        </trkpt>
      <trkpt lat="41.435837" lon="70.118651">
        <ele>2608.75</ele>
        </trkpt>
      <trkpt lat="41.435959" lon="70.119118">
        <ele>2611.8</ele>
        </trkpt>
      <trkpt lat="41.435979" lon="70.119429">
        <ele>2613.07</ele>
        </trkpt>
      <trkpt lat="41.436019" lon="70.119585">
        <ele>2614.46</ele>
        </trkpt>
      <trkpt lat="41.436066" lon="70.119895">
        <ele>2616.2</ele>
        </trkpt>
      <trkpt lat="41.436048" lon="70.120051">
        <ele>2617.33</ele>
        </trkpt>
      <trkpt lat="41.436068" lon="70.120261">
        <ele>2621.29</ele>
        </trkpt>
      <trkpt lat="41.436091" lon="70.120311">
        <ele>2624.03</ele>
        </trkpt>
      <trkpt lat="41.43607" lon="70.1205">
        <ele>2627.94</ele>
        </trkpt>
      <trkpt lat="41.43611" lon="70.120569">
        <ele>2630.32</ele>
        </trkpt>
      <trkpt lat="41.43607" lon="70.120746">
        <ele>2632.06</ele>
        </trkpt>
      <trkpt lat="41.436028" lon="70.120838">
        <ele>2631.33</ele>
        </trkpt>
      <trkpt lat="41.436006" lon="70.120962">
        <ele>2630.62</ele>
        </trkpt>
      <trkpt lat="41.436012" lon="70.121233">
        <ele>2630.16</ele>
        </trkpt>
      <trkpt lat="41.435979" lon="70.121452">
        <ele>2631.64</ele>
        </trkpt>
      <trkpt lat="41.435978" lon="70.121574">
        <ele>2633.95</ele>
        </trkpt>
      <trkpt lat="41.435915" lon="70.121797">
        <ele>2636.08</ele>
        </trkpt>
      <trkpt lat="41.435925" lon="70.121876">
        <ele>2638.81</ele>
        </trkpt>
      <trkpt lat="41.435899" lon="70.122072">
        <ele>2641.36</ele>
        </trkpt>
      <trkpt lat="41.435908" lon="70.122155">
        <ele>2643.68</ele>
        </trkpt>
      <trkpt lat="41.435926" lon="70.122187">
        <ele>2645.3</ele>
        </trkpt>
      <trkpt lat="41.4359" lon="70.12225">
        <ele>2647.07</ele>
        </trkpt>
      <trkpt lat="41.435881" lon="70.122454">
        <ele>2651.96</ele>
        </trkpt>
      <trkpt lat="41.435859" lon="70.122516">
        <ele>2653.77</ele>
        </trkpt>
      <trkpt lat="41.435869" lon="70.122515">
        <ele>2653.78</ele>
        </trkpt>
      <trkpt lat="41.435863" lon="70.122491">
        <ele>2653.58</ele>
        </trkpt>
      <trkpt lat="41.435871" lon="70.122512">
        <ele>2653.59</ele>
        </trkpt>
      <trkpt lat="41.435862" lon="70.122524">
        <ele>2653.48</ele>
        </trkpt>
      <trkpt lat="41.435861" lon="70.122481">
        <ele>2653.26</ele>
        </trkpt>
      <trkpt lat="41.43586" lon="70.122501">
        <ele>2653.96</ele>
        </trkpt>
      <trkpt lat="41.43585" lon="70.122488">
        <ele>2653.69</ele>
        </trkpt>
      <trkpt lat="41.435813" lon="70.122699">
        <ele>2653.02</ele>
        </trkpt>
      <trkpt lat="41.435726" lon="70.122891">
        <ele>2653.64</ele>
        </trkpt>
      <trkpt lat="41.435708" lon="70.122987">
        <ele>2655.31</ele>
        </trkpt>
      <trkpt lat="41.435649" lon="70.123104">
        <ele>2656.9</ele>
        </trkpt>
      <trkpt lat="41.43564" lon="70.123242">
        <ele>2656.67</ele>
        </trkpt>
      <trkpt lat="41.435682" lon="70.123287">
        <ele>2656.82</ele>
        </trkpt>
      <trkpt lat="41.435731" lon="70.123298">
        <ele>2657.58</ele>
        </trkpt>
      <trkpt lat="41.435773" lon="70.123289">
        <ele>2658.61</ele>
        </trkpt>
      <trkpt lat="41.435825" lon="70.123236">
        <ele>2660.32</ele>
        </trkpt>
      <trkpt lat="41.435871" lon="70.123264">
        <ele>2661.44</ele>
        </trkpt>
      <trkpt lat="41.435942" lon="70.123249">
        <ele>2663.27</ele>
        </trkpt>
      <trkpt lat="41.436066" lon="70.123273">
        <ele>2665.62</ele>
        </trkpt>
      <trkpt lat="41.436131" lon="70.123344">
        <ele>2666.99</ele>
        </trkpt>
      <trkpt lat="41.436255" lon="70.123596">
        <ele>2667.04</ele>
        </trkpt>
      <trkpt lat="41.436276" lon="70.123728">
        <ele>2666.54</ele>
        </trkpt>
      <trkpt lat="41.436275" lon="70.123854">
        <ele>2666.49</ele>
        </trkpt>
      <trkpt lat="41.436296" lon="70.123944">
        <ele>2666.71</ele>
        </trkpt>
      <trkpt lat="41.436294" lon="70.12406">
        <ele>2666.82</ele>
        </trkpt>
      <trkpt lat="41.436332" lon="70.124296">
        <ele>2666.21</ele>
        </trkpt>
      <trkpt lat="41.43633" lon="70.124357">
        <ele>2665.92</ele>
        </trkpt>
      <trkpt lat="41.436321" lon="70.124331">
        <ele>2665.07</ele>
        </trkpt>
      <trkpt lat="41.43632" lon="70.124349">
        <ele>2665.02</ele>
        </trkpt>
      <trkpt lat="41.436346" lon="70.124497">
        <ele>2664.31</ele>
        </trkpt>
      <trkpt lat="41.43632" lon="70.124534">
        <ele>2663.49</ele>
        </trkpt>
      <trkpt lat="41.43632" lon="70.124578">
        <ele>2662.89</ele>
        </trkpt>
      <trkpt lat="41.436362" lon="70.124699">
        <ele>2660.84</ele>
        </trkpt>
      <trkpt lat="41.436462" lon="70.124798">
        <ele>2659.04</ele>
        </trkpt>
      <trkpt lat="41.436567" lon="70.124988">
        <ele>2657.94</ele>
        </trkpt>
      <trkpt lat="41.436534" lon="70.125164">
        <ele>2657.81</ele>
        </trkpt>
      <trkpt lat="41.436512" lon="70.125398">
        <ele>2657.93</ele>
        </trkpt>
      <trkpt lat="41.436579" lon="70.12587">
        <ele>2661.23</ele>
        </trkpt>
      <trkpt lat="41.436563" lon="70.126065">
        <ele>2662.7</ele>
        </trkpt>
      <trkpt lat="41.436591" lon="70.126142">
        <ele>2663.21</ele>
        </trkpt>
      <trkpt lat="41.436711" lon="70.126289">
        <ele>2664.96</ele>
        </trkpt>
      <trkpt lat="41.43677" lon="70.126427">
        <ele>2665.5</ele>
        </trkpt>
      <trkpt lat="41.436863" lon="70.126571">
        <ele>2664.55</ele>
        </trkpt>
      <trkpt lat="41.437099" lon="70.126793">
        <ele>2666.64</ele>
        </trkpt>
      <trkpt lat="41.437222" lon="70.126996">
        <ele>2669.65</ele>
        </trkpt>
      <trkpt lat="41.437309" lon="70.127026">
        <ele>2670.65</ele>
        </trkpt>
      <trkpt lat="41.43746" lon="70.126995">
        <ele>2671.17</ele>
        </trkpt>
      <trkpt lat="41.437543" lon="70.12705">
        <ele>2670.83</ele>
        </trkpt>
      <trkpt lat="41.437626" lon="70.127175">
        <ele>2669.17</ele>
        </trkpt>
      <trkpt lat="41.437717" lon="70.127438">
        <ele>2666.12</ele>
        </trkpt>
      <trkpt lat="41.437761" lon="70.12751">
        <ele>2665.06</ele>
        </trkpt>
      <trkpt lat="41.43813" lon="70.12791">
        <ele>2661.57</ele>
        </trkpt>
      <trkpt lat="41.43816" lon="70.127973">
        <ele>2661.15</ele>
        </trkpt>
      <trkpt lat="41.438163" lon="70.128027">
        <ele>2660.85</ele>
        </trkpt>
      <trkpt lat="41.438069" lon="70.128259">
        <ele>2661.68</ele>
        </trkpt>
      <trkpt lat="41.437947" lon="70.128713">
        <ele>2664.73</ele>
        </trkpt>
      <trkpt lat="41.437911" lon="70.128812">
        <ele>2664.55</ele>
        </trkpt>
      <trkpt lat="41.437844" lon="70.128929">
        <ele>2664.38</ele>
        </trkpt>
      <trkpt lat="41.437781" lon="70.129109">
        <ele>2664.53</ele>
        </trkpt>
      <trkpt lat="41.437704" lon="70.129452">
        <ele>2665.63</ele>
        </trkpt>
      <trkpt lat="41.437698" lon="70.129695">
        <ele>2665.44</ele>
        </trkpt>
      <trkpt lat="41.437671" lon="70.129883">
        <ele>2664.24</ele>
        </trkpt>
      <trkpt lat="41.437631" lon="70.130005">
        <ele>2663.64</ele>
        </trkpt>
      <trkpt lat="41.437631" lon="70.130089">
        <ele>2663.59</ele>
        </trkpt>
      <trkpt lat="41.437616" lon="70.130103">
        <ele>2662.61</ele>
        </trkpt>
      <trkpt lat="41.437681" lon="70.13014">
        <ele>2662.07</ele>
        </trkpt>
      <trkpt lat="41.437775" lon="70.130253">
        <ele>2659.97</ele>
        </trkpt>
      <trkpt lat="41.437876" lon="70.130609">
        <ele>2660.16</ele>
        </trkpt>
      <trkpt lat="41.437934" lon="70.130744">
        <ele>2661.3</ele>
        </trkpt>
      <trkpt lat="41.438189" lon="70.131022">
        <ele>2658.5</ele>
        </trkpt>
      <trkpt lat="41.438375" lon="70.131127">
        <ele>2654.39</ele>
        </trkpt>
      <trkpt lat="41.438545" lon="70.131281">
        <ele>2651.5</ele>
        </trkpt>
      <trkpt lat="41.438598" lon="70.131361">
        <ele>2650.68</ele>
        </trkpt>
      <trkpt lat="41.43867" lon="70.131518">
        <ele>2649.6</ele>
        </trkpt>
      <trkpt lat="41.438769" lon="70.131859">
        <ele>2649.83</ele>
        </trkpt>
      <trkpt lat="41.438775" lon="70.13208">
        <ele>2650.8</ele>
        </trkpt>
      <trkpt lat="41.438758" lon="70.132336">
        <ele>2650.69</ele>
        </trkpt>
      <trkpt lat="41.438741" lon="70.132409">
        <ele>2650.53</ele>
        </trkpt>
      <trkpt lat="41.438764" lon="70.132579">
        <ele>2650.73</ele>
        </trkpt>
      <trkpt lat="41.438802" lon="70.132639">
        <ele>2651.23</ele>
        </trkpt>
      <trkpt lat="41.438836" lon="70.13266">
        <ele>2651.72</ele>
        </trkpt>
      <trkpt lat="41.438906" lon="70.132805">
        <ele>2648.63</ele>
        </trkpt>
      <trkpt lat="41.43913" lon="70.132864">
        <ele>2643.44</ele>
        </trkpt>
      <trkpt lat="41.43921" lon="70.132942">
        <ele>2642.07</ele>
        </trkpt>
      <trkpt lat="41.439351" lon="70.133125">
        <ele>2640.4</ele>
        </trkpt>
      <trkpt lat="41.439382" lon="70.133202">
        <ele>2639.73</ele>
        </trkpt>
      <trkpt lat="41.439436" lon="70.133536">
        <ele>2638.6</ele>
        </trkpt>
      <trkpt lat="41.439503" lon="70.133735">
        <ele>2638.29</ele>
        </trkpt>
      <trkpt lat="41.439631" lon="70.134018">
        <ele>2636.55</ele>
        </trkpt>
      <trkpt lat="41.439658" lon="70.134169">
        <ele>2635.85</ele>
        </trkpt>
      <trkpt lat="41.439727" lon="70.134247">
        <ele>2634.92</ele>
        </trkpt>
      <trkpt lat="41.439863" lon="70.134328">
        <ele>2634.79</ele>
        </trkpt>
      <trkpt lat="41.439882" lon="70.134443">
        <ele>2634.27</ele>
        </trkpt>
      <trkpt lat="41.439926" lon="70.134567">
        <ele>2632.9</ele>
        </trkpt>
      <trkpt lat="41.440033" lon="70.134719">
        <ele>2632.12</ele>
        </trkpt>
      <trkpt lat="41.440013" lon="70.134978">
        <ele>2632.32</ele>
        </trkpt>
      <trkpt lat="41.439868" lon="70.135671">
        <ele>2634.75</ele>
        </trkpt>
      <trkpt lat="41.439861" lon="70.136262">
        <ele>2636.76</ele>
        </trkpt>
      <trkpt lat="41.439989" lon="70.13664">
        <ele>2636.84</ele>
        </trkpt>
      <trkpt lat="41.44029" lon="70.137241">
        <ele>2636.59</ele>
        </trkpt>
      <trkpt lat="41.44029" lon="70.137393">
        <ele>2637.86</ele>
        </trkpt>
      <trkpt lat="41.440263" lon="70.137505">
        <ele>2638.65</ele>
        </trkpt>
      <trkpt lat="41.440248" lon="70.137704">
        <ele>2639</ele>
        </trkpt>
      <trkpt lat="41.440288" lon="70.137943">
        <ele>2638.83</ele>
        </trkpt>
      <trkpt lat="41.440412" lon="70.138169">
        <ele>2638.48</ele>
        </trkpt>
      <trkpt lat="41.440567" lon="70.138332">
        <ele>2636.39</ele>
        </trkpt>
      <trkpt lat="41.440633" lon="70.138482">
        <ele>2635.16</ele>
        </trkpt>
      <trkpt lat="41.440635" lon="70.138539">
        <ele>2634.9</ele>
        </trkpt>
      <trkpt lat="41.440573" lon="70.138829">
        <ele>2634.86</ele>
        </trkpt>
      <trkpt lat="41.440471" lon="70.139076">
        <ele>2635.78</ele>
        </trkpt>
      <trkpt lat="41.440437" lon="70.13911">
        <ele>2634.24</ele>
        </trkpt>
      <trkpt lat="41.440457" lon="70.139099">
        <ele>2634.36</ele>
        </trkpt>
      <trkpt lat="41.44047" lon="70.139141">
        <ele>2634.53</ele>
        </trkpt>
      <trkpt lat="41.440719" lon="70.139123">
        <ele>2637.87</ele>
        </trkpt>
      <trkpt lat="41.440892" lon="70.139201">
        <ele>2640.75</ele>
        </trkpt>
      <trkpt lat="41.440925" lon="70.139257">
        <ele>2640.62</ele>
        </trkpt>
      <trkpt lat="41.440918" lon="70.13927">
        <ele>2639.98</ele>
        </trkpt>
      <trkpt lat="41.44091" lon="70.13922">
        <ele>2640.32</ele>
        </trkpt>
      <trkpt lat="41.440841" lon="70.139085">
        <ele>2641.67</ele>
        </trkpt>
      <trkpt lat="41.440757" lon="70.139032">
        <ele>2641.22</ele>
        </trkpt>
      <trkpt lat="41.440691" lon="70.139026">
        <ele>2640.28</ele>
        </trkpt>
      <trkpt lat="41.440608" lon="70.139047">
        <ele>2638.99</ele>
        </trkpt>
      <trkpt lat="41.44054" lon="70.139096">
        <ele>2637.53</ele>
        </trkpt>
      <trkpt lat="41.440487" lon="70.139078">
        <ele>2636.43</ele>
        </trkpt>
      <trkpt lat="41.440463" lon="70.139109">
        <ele>2635.45</ele>
        </trkpt>
      <trkpt lat="41.440467" lon="70.139094">
        <ele>2633.91</ele>
        </trkpt>
      <trkpt lat="41.440456" lon="70.139108">
        <ele>2633.83</ele>
        </trkpt>
      <trkpt lat="41.440446" lon="70.139095">
        <ele>2633.86</ele>
        </trkpt>
      <trkpt lat="41.440427" lon="70.139143">
        <ele>2633.43</ele>
        </trkpt>
      <trkpt lat="41.440431" lon="70.139123">
        <ele>2633.28</ele>
        </trkpt>
      <trkpt lat="41.440416" lon="70.139131">
        <ele>2633.44</ele>
        </trkpt>
      <trkpt lat="41.440423" lon="70.139112">
        <ele>2632.31</ele>
        </trkpt>
      <trkpt lat="41.440437" lon="70.13914">
        <ele>2632.94</ele>
        </trkpt>
      <trkpt lat="41.440453" lon="70.139108">
        <ele>2633.52</ele>
        </trkpt>
      <trkpt lat="41.440443" lon="70.139088">
        <ele>2633.83</ele>
        </trkpt>
      <trkpt lat="41.440456" lon="70.1391">
        <ele>2633.82</ele>
        </trkpt>
      <trkpt lat="41.440498" lon="70.1392">
        <ele>2633.6</ele>
        </trkpt>
      <trkpt lat="41.44061" lon="70.139332">
        <ele>2631</ele>
        </trkpt>
      <trkpt lat="41.440692" lon="70.13947">
        <ele>2628.99</ele>
        </trkpt>
      <trkpt lat="41.440737" lon="70.139673">
        <ele>2625.89</ele>
        </trkpt>
      <trkpt lat="41.440809" lon="70.139787">
        <ele>2624.08</ele>
        </trkpt>
      <trkpt lat="41.440865" lon="70.139944">
        <ele>2621.35</ele>
        </trkpt>
      <trkpt lat="41.440992" lon="70.140154">
        <ele>2616.16</ele>
        </trkpt>
      <trkpt lat="41.440969" lon="70.140286">
        <ele>2613.76</ele>
        </trkpt>
      <trkpt lat="41.440983" lon="70.140344">
        <ele>2612.76</ele>
        </trkpt>
      <trkpt lat="41.441034" lon="70.140434">
        <ele>2611.46</ele>
        </trkpt>
      <trkpt lat="41.441146" lon="70.140554">
        <ele>2609.46</ele>
        </trkpt>
      <trkpt lat="41.441207" lon="70.140649">
        <ele>2608.44</ele>
        </trkpt>
      <trkpt lat="41.441408" lon="70.141199">
        <ele>2604.02</ele>
        </trkpt>
      <trkpt lat="41.441471" lon="70.141302">
        <ele>2602.7</ele>
        </trkpt>
      <trkpt lat="41.441478" lon="70.141465">
        <ele>2601.86</ele>
        </trkpt>
      <trkpt lat="41.441532" lon="70.141638">
        <ele>2599.94</ele>
        </trkpt>
      <trkpt lat="41.44161" lon="70.141766">
        <ele>2598.82</ele>
        </trkpt>
      <trkpt lat="41.441659" lon="70.141812">
        <ele>2598.75</ele>
        </trkpt>
      <trkpt lat="41.441847" lon="70.142074">
        <ele>2598.1</ele>
        </trkpt>
      <trkpt lat="41.442226" lon="70.142649">
        <ele>2598.93</ele>
        </trkpt>
      <trkpt lat="41.442429" lon="70.14289">
        <ele>2600.06</ele>
        </trkpt>
      <trkpt lat="41.442582" lon="70.143119">
        <ele>2601</ele>
        </trkpt>
      <trkpt lat="41.442738" lon="70.143401">
        <ele>2602.25</ele>
        </trkpt>
      <trkpt lat="41.442871" lon="70.14359">
        <ele>2603.21</ele>
        </trkpt>
      <trkpt lat="41.443069" lon="70.143986">
        <ele>2606.82</ele>
        </trkpt>
      <trkpt lat="41.443139" lon="70.144202">
        <ele>2608.07</ele>
        </trkpt>
      <trkpt lat="41.443154" lon="70.144408">
        <ele>2609.02</ele>
        </trkpt>
      <trkpt lat="41.443201" lon="70.144606">
        <ele>2610.39</ele>
        </trkpt>
      <trkpt lat="41.443227" lon="70.144827">
        <ele>2612.3</ele>
        </trkpt>
      <trkpt lat="41.44321" lon="70.145125">
        <ele>2615.04</ele>
        </trkpt>
      <trkpt lat="41.443175" lon="70.145352">
        <ele>2616.88</ele>
        </trkpt>
      <trkpt lat="41.44316" lon="70.145797">
        <ele>2620.42</ele>
        </trkpt>
      <trkpt lat="41.443271" lon="70.146572">
        <ele>2627.05</ele>
        </trkpt>
      <trkpt lat="41.443309" lon="70.146954">
        <ele>2630.74</ele>
        </trkpt>
      <trkpt lat="41.443314" lon="70.147142">
        <ele>2632.2</ele>
        </trkpt>
      <trkpt lat="41.443374" lon="70.147531">
        <ele>2635.25</ele>
        </trkpt>
      <trkpt lat="41.443437" lon="70.147602">
        <ele>2636.38</ele>
        </trkpt>
      <trkpt lat="41.443403" lon="70.147691">
        <ele>2637.32</ele>
        </trkpt>
      <trkpt lat="41.443411" lon="70.147845">
        <ele>2637.98</ele>
        </trkpt>
      <trkpt lat="41.443451" lon="70.147994">
        <ele>2638.88</ele>
        </trkpt>
      <trkpt lat="41.443551" lon="70.148251">
        <ele>2640.61</ele>
        </trkpt>
      <trkpt lat="41.443574" lon="70.148369">
        <ele>2641.24</ele>
        </trkpt>
      <trkpt lat="41.443598" lon="70.1487">
        <ele>2643.99</ele>
        </trkpt>
      <trkpt lat="41.443749" lon="70.149286">
        <ele>2648.01</ele>
        </trkpt>
      <trkpt lat="41.443792" lon="70.149546">
        <ele>2650.11</ele>
        </trkpt>
      <trkpt lat="41.443898" lon="70.149995">
        <ele>2652.96</ele>
        </trkpt>
      <trkpt lat="41.443914" lon="70.150336">
        <ele>2654.99</ele>
        </trkpt>
      <trkpt lat="41.443976" lon="70.150685">
        <ele>2657.4</ele>
        </trkpt>
      <trkpt lat="41.443987" lon="70.151096">
        <ele>2659.32</ele>
        </trkpt>
      <trkpt lat="41.443921" lon="70.151589">
        <ele>2662.1</ele>
        </trkpt>
      <trkpt lat="41.443925" lon="70.151778">
        <ele>2662.58</ele>
        </trkpt>
      <trkpt lat="41.443867" lon="70.152142">
        <ele>2664.53</ele>
        </trkpt>
      <trkpt lat="41.443695" lon="70.1527">
        <ele>2668.64</ele>
        </trkpt>
      <trkpt lat="41.443615" lon="70.153121">
        <ele>2670.3</ele>
        </trkpt>
      <trkpt lat="41.443591" lon="70.15371">
        <ele>2669.97</ele>
        </trkpt>
      <trkpt lat="41.44356" lon="70.153854">
        <ele>2670.81</ele>
        </trkpt>
      <trkpt lat="41.443551" lon="70.154028">
        <ele>2671.8</ele>
        </trkpt>
      <trkpt lat="41.443567" lon="70.154191">
        <ele>2672.8</ele>
        </trkpt>
      <trkpt lat="41.443566" lon="70.154504">
        <ele>2674.75</ele>
        </trkpt>
      <trkpt lat="41.443592" lon="70.154836">
        <ele>2676.73</ele>
        </trkpt>
      <trkpt lat="41.443567" lon="70.155151">
        <ele>2678.24</ele>
        </trkpt>
      <trkpt lat="41.443586" lon="70.155871">
        <ele>2680</ele>
        </trkpt>
      <trkpt lat="41.443574" lon="70.156225">
        <ele>2681.43</ele>
        </trkpt>
      <trkpt lat="41.443501" lon="70.157057">
        <ele>2684.8</ele>
        </trkpt>
      <trkpt lat="41.44343" lon="70.157453">
        <ele>2685.67</ele>
        </trkpt>
      <trkpt lat="41.443412" lon="70.157807">
        <ele>2686.17</ele>
        </trkpt>
      <trkpt lat="41.44341" lon="70.15835">
        <ele>2687.73</ele>
        </trkpt>
      <trkpt lat="41.443533" lon="70.158932">
        <ele>2690.58</ele>
        </trkpt>
      <trkpt lat="41.443557" lon="70.15914">
        <ele>2691.31</ele>
        </trkpt>
      <trkpt lat="41.443559" lon="70.159116">
        <ele>2691.66</ele>
        </trkpt>
      <trkpt lat="41.443553" lon="70.159107">
        <ele>2691.72</ele>
        </trkpt>
      <trkpt lat="41.443553" lon="70.159258">
        <ele>2691.84</ele>
        </trkpt>
      <trkpt lat="41.443592" lon="70.159651">
        <ele>2692.25</ele>
        </trkpt>
      <trkpt lat="41.443587" lon="70.159951">
        <ele>2692.91</ele>
        </trkpt>
      <trkpt lat="41.443657" lon="70.160319">
        <ele>2695.45</ele>
        </trkpt>
      <trkpt lat="41.443656" lon="70.16042">
        <ele>2695.9</ele>
        </trkpt>
      <trkpt lat="41.443557" lon="70.160808">
        <ele>2696.89</ele>
        </trkpt>
      <trkpt lat="41.443532" lon="70.160962">
        <ele>2697.46</ele>
        </trkpt>
      <trkpt lat="41.44341" lon="70.161265">
        <ele>2698.41</ele>
        </trkpt>
      <trkpt lat="41.443366" lon="70.161452">
        <ele>2698.75</ele>
        </trkpt>
      <trkpt lat="41.443255" lon="70.161691">
        <ele>2699.34</ele>
        </trkpt>
      <trkpt lat="41.443182" lon="70.161913">
        <ele>2700.1</ele>
        </trkpt>
      <trkpt lat="41.443151" lon="70.162187">
        <ele>2701.33</ele>
        </trkpt>
      <trkpt lat="41.443159" lon="70.16245">
        <ele>2702.71</ele>
        </trkpt>
      <trkpt lat="41.443135" lon="70.162788">
        <ele>2703.83</ele>
        </trkpt>
      <trkpt lat="41.443114" lon="70.162908">
        <ele>2704.07</ele>
        </trkpt>
      <trkpt lat="41.443088" lon="70.162946">
        <ele>2704.33</ele>
        </trkpt>
      <trkpt lat="41.44306" lon="70.162952">
        <ele>2704.97</ele>
        </trkpt>
      <trkpt lat="41.443048" lon="70.163024">
        <ele>2705.21</ele>
        </trkpt>
      <trkpt lat="41.443061" lon="70.163128">
        <ele>2705.21</ele>
        </trkpt>
      <trkpt lat="41.443046" lon="70.163251">
        <ele>2706.12</ele>
        </trkpt>
      <trkpt lat="41.443057" lon="70.163291">
        <ele>2706.26</ele>
        </trkpt>
      <trkpt lat="41.442988" lon="70.163901">
        <ele>2709.07</ele>
        </trkpt>
      <trkpt lat="41.442963" lon="70.16463">
        <ele>2711.63</ele>
        </trkpt>
      <trkpt lat="41.442933" lon="70.164718">
        <ele>2711.95</ele>
        </trkpt>
      <trkpt lat="41.442861" lon="70.16482">
        <ele>2712.37</ele>
        </trkpt>
      <trkpt lat="41.442811" lon="70.164935">
        <ele>2712.72</ele>
        </trkpt>
      <trkpt lat="41.442791" lon="70.165096">
        <ele>2713.19</ele>
        </trkpt>
      <trkpt lat="41.442713" lon="70.165365">
        <ele>2712.4</ele>
        </trkpt>
      <trkpt lat="41.442718" lon="70.165603">
        <ele>2712.24</ele>
        </trkpt>
      <trkpt lat="41.442698" lon="70.165808">
        <ele>2712.59</ele>
        </trkpt>
      <trkpt lat="41.442707" lon="70.166102">
        <ele>2713.76</ele>
        </trkpt>
      <trkpt lat="41.442639" lon="70.166411">
        <ele>2715.41</ele>
        </trkpt>
      <trkpt lat="41.442646" lon="70.166527">
        <ele>2715.52</ele>
        </trkpt>
      <trkpt lat="41.442596" lon="70.167066">
        <ele>2715.55</ele>
        </trkpt>
      <trkpt lat="41.442513" lon="70.16742">
        <ele>2715.94</ele>
        </trkpt>
      <trkpt lat="41.442372" lon="70.167729">
        <ele>2716.34</ele>
        </trkpt>
      <trkpt lat="41.442352" lon="70.167811">
        <ele>2716.35</ele>
        </trkpt>
      <trkpt lat="41.44233" lon="70.168664">
        <ele>2716.53</ele>
        </trkpt>
      <trkpt lat="41.442351" lon="70.168812">
        <ele>2716.67</ele>
        </trkpt>
      <trkpt lat="41.442525" lon="70.16934">
        <ele>2718.63</ele>
        </trkpt>
      <trkpt lat="41.442811" lon="70.16964">
        <ele>2721.79</ele>
        </trkpt>
      <trkpt lat="41.442931" lon="70.169838">
        <ele>2722.66</ele>
        </trkpt>
      <trkpt lat="41.443134" lon="70.170248">
        <ele>2725.05</ele>
        </trkpt>
      <trkpt lat="41.443248" lon="70.17057">
        <ele>2728.46</ele>
        </trkpt>
      <trkpt lat="41.443356" lon="70.170991">
        <ele>2731.06</ele>
        </trkpt>
      <trkpt lat="41.443438" lon="70.171456">
        <ele>2732.73</ele>
        </trkpt>
      <trkpt lat="41.443453" lon="70.172111">
        <ele>2734.7</ele>
        </trkpt>
      <trkpt lat="41.443529" lon="70.172506">
        <ele>2737.24</ele>
        </trkpt>
      <trkpt lat="41.443587" lon="70.172619">
        <ele>2738.12</ele>
        </trkpt>
      <trkpt lat="41.443677" lon="70.173036">
        <ele>2740.37</ele>
        </trkpt>
      <trkpt lat="41.443852" lon="70.173382">
        <ele>2741.41</ele>
        </trkpt>
      <trkpt lat="41.443919" lon="70.173679">
        <ele>2743.38</ele>
        </trkpt>
      <trkpt lat="41.443968" lon="70.17425">
        <ele>2749.09</ele>
        </trkpt>
      <trkpt lat="41.443952" lon="70.174593">
        <ele>2749.57</ele>
        </trkpt>
      <trkpt lat="41.443915" lon="70.174946">
        <ele>2749.86</ele>
        </trkpt>
      <trkpt lat="41.443927" lon="70.175311">
        <ele>2750.04</ele>
        </trkpt>
      <trkpt lat="41.443905" lon="70.175521">
        <ele>2750.1</ele>
        </trkpt>
      <trkpt lat="41.44388" lon="70.175553">
        <ele>2750.85</ele>
        </trkpt>
      <trkpt lat="41.443873" lon="70.175592">
        <ele>2751.17</ele>
        </trkpt>
      <trkpt lat="41.443848" lon="70.175541">
        <ele>2759.96</ele>
        </trkpt>
      <trkpt lat="41.4437" lon="70.175567">
        <ele>2758.62</ele>
        </trkpt>
      <trkpt lat="41.443559" lon="70.175646">
        <ele>2758.07</ele>
        </trkpt>
      <trkpt lat="41.443501" lon="70.17564">
        <ele>2757.71</ele>
        </trkpt>
      <trkpt lat="41.442902" lon="70.175051">
        <ele>2757.36</ele>
        </trkpt>
      <trkpt lat="41.442813" lon="70.174995">
        <ele>2757.71</ele>
        </trkpt>
      <trkpt lat="41.442724" lon="70.174869">
        <ele>2758.5</ele>
        </trkpt>
      <trkpt lat="41.442579" lon="70.174707">
        <ele>2759.23</ele>
        </trkpt>
      <trkpt lat="41.442056" lon="70.174463">
        <ele>2757.67</ele>
        </trkpt>
      <trkpt lat="41.441839" lon="70.174141">
        <ele>2752.61</ele>
        </trkpt>
      <trkpt lat="41.441861" lon="70.174074">
        <ele>2754.8</ele>
        </trkpt>
      <trkpt lat="41.441893" lon="70.174197">
        <ele>2753.64</ele>
        </trkpt>
      <trkpt lat="41.442022" lon="70.174449">
        <ele>2751.57</ele>
        </trkpt>
      <trkpt lat="41.442001" lon="70.174404">
        <ele>2752.15</ele>
        </trkpt>
      <trkpt lat="41.442071" lon="70.174487">
        <ele>2753.31</ele>
        </trkpt>
      <trkpt lat="41.442322" lon="70.17459">
        <ele>2754.5</ele>
        </trkpt>
      <trkpt lat="41.442557" lon="70.174713">
        <ele>2756.84</ele>
        </trkpt>
      <trkpt lat="41.442826" lon="70.175029">
        <ele>2759.86</ele>
        </trkpt>
      <trkpt lat="41.442876" lon="70.175056">
        <ele>2759.24</ele>
        </trkpt>
      <trkpt lat="41.443362" lon="70.175503">
        <ele>2756.76</ele>
        </trkpt>
      <trkpt lat="41.443473" lon="70.175579">
        <ele>2757.16</ele>
        </trkpt>
      <trkpt lat="41.443642" lon="70.175614">
        <ele>2757.22</ele>
        </trkpt>
      <trkpt lat="41.443769" lon="70.175675">
        <ele>2757.34</ele>
        </trkpt>
      <trkpt lat="41.443805" lon="70.175681">
        <ele>2757.04</ele>
        </trkpt>
      <trkpt lat="41.443814" lon="70.175659">
        <ele>2759.99</ele>
        </trkpt>
      <trkpt lat="41.44381" lon="70.175677">
        <ele>2756.27</ele>
        </trkpt>
      <trkpt lat="41.443778" lon="70.174481">
        <ele>2756.29</ele>
        </trkpt>
      <trkpt lat="41.443676" lon="70.173989">
        <ele>2754.05</ele>
        </trkpt>
      <trkpt lat="41.443664" lon="70.173535">
        <ele>2751.24</ele>
        </trkpt>
      <trkpt lat="41.443623" lon="70.173358">
        <ele>2750.11</ele>
        </trkpt>
      <trkpt lat="41.443503" lon="70.173036">
        <ele>2749.78</ele>
        </trkpt>
      <trkpt lat="41.443388" lon="70.172795">
        <ele>2749.14</ele>
        </trkpt>
      <trkpt lat="41.443365" lon="70.172777">
        <ele>2748.97</ele>
        </trkpt>
      <trkpt lat="41.443329" lon="70.172791">
        <ele>2748.67</ele>
        </trkpt>
      <trkpt lat="41.443265" lon="70.172896">
        <ele>2749.4</ele>
        </trkpt>
      <trkpt lat="41.443274" lon="70.172912">
        <ele>2750.87</ele>
        </trkpt>
      <trkpt lat="41.443245" lon="70.172894">
        <ele>2753.36</ele>
        </trkpt>
      <trkpt lat="41.443108" lon="70.17291">
        <ele>2751.77</ele>
        </trkpt>
      <trkpt lat="41.443012" lon="70.172898">
        <ele>2750.77</ele>
        </trkpt>
      <trkpt lat="41.442917" lon="70.172834">
        <ele>2751.27</ele>
        </trkpt>
      <trkpt lat="41.442828" lon="70.172862">
        <ele>2756.03</ele>
        </trkpt>
      <trkpt lat="41.44273" lon="70.1728">
        <ele>2760.54</ele>
        </trkpt>
      <trkpt lat="41.442652" lon="70.172787">
        <ele>2762.7</ele>
        </trkpt>
      <trkpt lat="41.442307" lon="70.172533">
        <ele>2767.22</ele>
        </trkpt>
      <trkpt lat="41.442128" lon="70.172455">
        <ele>2768.16</ele>
        </trkpt>
      <trkpt lat="41.441792" lon="70.172166">
        <ele>2771.61</ele>
        </trkpt>
      <trkpt lat="41.441651" lon="70.171989">
        <ele>2771.94</ele>
        </trkpt>
      <trkpt lat="41.441482" lon="70.171887">
        <ele>2772.43</ele>
        </trkpt>
      <trkpt lat="41.441264" lon="70.171714">
        <ele>2774.57</ele>
        </trkpt>
      <trkpt lat="41.441165" lon="70.171583">
        <ele>2775.15</ele>
        </trkpt>
      <trkpt lat="41.441135" lon="70.171458">
        <ele>2776.38</ele>
        </trkpt>
      <trkpt lat="41.441105" lon="70.171405">
        <ele>2776.84</ele>
        </trkpt>
      <trkpt lat="41.440834" lon="70.171186">
        <ele>2783.82</ele>
        </trkpt>
      <trkpt lat="41.440757" lon="70.171176">
        <ele>2786.22</ele>
        </trkpt>
      <trkpt lat="41.440764" lon="70.171304">
        <ele>2789.22</ele>
        </trkpt>
      <trkpt lat="41.440747" lon="70.171327">
        <ele>2790.06</ele>
        </trkpt>
      <trkpt lat="41.440663" lon="70.171337">
        <ele>2793.36</ele>
        </trkpt>
      <trkpt lat="41.440637" lon="70.171505">
        <ele>2797.34</ele>
        </trkpt>
      <trkpt lat="41.440507" lon="70.171468">
        <ele>2801.24</ele>
        </trkpt>
      <trkpt lat="41.440375" lon="70.171469">
        <ele>2802.91</ele>
        </trkpt>
      <trkpt lat="41.440161" lon="70.171637">
        <ele>2807.32</ele>
        </trkpt>
      <trkpt lat="41.440025" lon="70.171815">
        <ele>2810.87</ele>
        </trkpt>
      <trkpt lat="41.439831" lon="70.171961">
        <ele>2814.33</ele>
        </trkpt>
      <trkpt lat="41.439292" lon="70.171882">
        <ele>2813.06</ele>
        </trkpt>
      <trkpt lat="41.439047" lon="70.171922">
        <ele>2812.79</ele>
        </trkpt>
      <trkpt lat="41.438898" lon="70.171967">
        <ele>2812.3</ele>
        </trkpt>
      <trkpt lat="41.438637" lon="70.172098">
        <ele>2810.97</ele>
        </trkpt>
      <trkpt lat="41.43834" lon="70.172213">
        <ele>2808.69</ele>
        </trkpt>
      <trkpt lat="41.438076" lon="70.172263">
        <ele>2806.68</ele>
        </trkpt>
      <trkpt lat="41.437603" lon="70.172425">
        <ele>2802.09</ele>
        </trkpt>
      <trkpt lat="41.437206" lon="70.172477">
        <ele>2798.7</ele>
        </trkpt>
      <trkpt lat="41.436934" lon="70.172426">
        <ele>2796.44</ele>
        </trkpt>
      <trkpt lat="41.436812" lon="70.17244">
        <ele>2796.5</ele>
        </trkpt>
      <trkpt lat="41.43663" lon="70.172508">
        <ele>2797.63</ele>
        </trkpt>
      <trkpt lat="41.436295" lon="70.172693">
        <ele>2804.05</ele>
        </trkpt>
      <trkpt lat="41.436102" lon="70.172649">
        <ele>2808.88</ele>
        </trkpt>
      <trkpt lat="41.436015" lon="70.172563">
        <ele>2811.19</ele>
        </trkpt>
      <trkpt lat="41.435962" lon="70.172435">
        <ele>2812.93</ele>
        </trkpt>
      <trkpt lat="41.435896" lon="70.172356">
        <ele>2813.39</ele>
        </trkpt>
      <trkpt lat="41.435717" lon="70.172192">
        <ele>2813.9</ele>
        </trkpt>
      <trkpt lat="41.43554" lon="70.172087">
        <ele>2813.73</ele>
        </trkpt>
      <trkpt lat="41.435398" lon="70.172036">
        <ele>2813.82</ele>
        </trkpt>
      <trkpt lat="41.435055" lon="70.171963">
        <ele>2814.56</ele>
        </trkpt>
      <trkpt lat="41.434771" lon="70.171969">
        <ele>2815.93</ele>
        </trkpt>
      <trkpt lat="41.434369" lon="70.172159">
        <ele>2819.77</ele>
        </trkpt>
      <trkpt lat="41.434274" lon="70.172221">
        <ele>2820.4</ele>
        </trkpt>
      <trkpt lat="41.434116" lon="70.172363">
        <ele>2821.23</ele>
        </trkpt>
      <trkpt lat="41.434059" lon="70.172434">
        <ele>2821.8</ele>
        </trkpt>
      <trkpt lat="41.433933" lon="70.172688">
        <ele>2824.13</ele>
        </trkpt>
      <trkpt lat="41.433918" lon="70.172767">
        <ele>2825.04</ele>
        </trkpt>
      <trkpt lat="41.433946" lon="70.172799">
        <ele>2825.41</ele>
        </trkpt>
      <trkpt lat="41.433972" lon="70.172794">
        <ele>2825.45</ele>
        </trkpt>
      <trkpt lat="41.433928" lon="70.172839">
        <ele>2825.78</ele>
        </trkpt>
      <trkpt lat="41.433927" lon="70.172864">
        <ele>2825.86</ele>
        </trkpt>
      <trkpt lat="41.433939" lon="70.172845">
        <ele>2825.67</ele>
        </trkpt>
      <trkpt lat="41.433907" lon="70.172809">
        <ele>2825.65</ele>
        </trkpt>
      <trkpt lat="41.43391" lon="70.172794">
        <ele>2825.39</ele>
        </trkpt>
      <trkpt lat="41.433922" lon="70.172841">
        <ele>2826.18</ele>
        </trkpt>
      <trkpt lat="41.433939" lon="70.172827">
        <ele>2825.79</ele>
        </trkpt>
      <trkpt lat="41.433963" lon="70.172842">
        <ele>2827.34</ele>
        </trkpt>
      <trkpt lat="41.433921" lon="70.172816">
        <ele>2825.98</ele>
        </trkpt>
      <trkpt lat="41.433889" lon="70.17275">
        <ele>2824.76</ele>
        </trkpt>
      <trkpt lat="41.433897" lon="70.172779">
        <ele>2824.73</ele>
        </trkpt>
      <trkpt lat="41.433891" lon="70.17272">
        <ele>2824.74</ele>
        </trkpt>
      <trkpt lat="41.433918" lon="70.172799">
        <ele>2824.51</ele>
        </trkpt>
      <trkpt lat="41.433948" lon="70.172829">
        <ele>2824.69</ele>
        </trkpt>
      <trkpt lat="41.433961" lon="70.172817">
        <ele>2824.92</ele>
        </trkpt>
      <trkpt lat="41.433936" lon="70.172795">
        <ele>2824.59</ele>
        </trkpt>
      <trkpt lat="41.433939" lon="70.172778">
        <ele>2824.75</ele>
        </trkpt>
      <trkpt lat="41.433928" lon="70.172821">
        <ele>2824.85</ele>
        </trkpt>
      <trkpt lat="41.433889" lon="70.172846">
        <ele>2824.97</ele>
        </trkpt>
      <trkpt lat="41.433892" lon="70.172867">
        <ele>2825.03</ele>
        </trkpt>
      <trkpt lat="41.43389" lon="70.172839">
        <ele>2824.94</ele>
        </trkpt>
      <trkpt lat="41.433844" lon="70.17289">
        <ele>2824.78</ele>
        </trkpt>
      <trkpt lat="41.433836" lon="70.17288">
        <ele>2825.2</ele>
        </trkpt>
    </trkseg>
  </trk>
</gpx>