<?xml version='1.0' encoding='utf-8'?>
<gpx xmlns="http://www.topografix.com/GPX/1/1" xmlns:xsi="http://www.w3.org/2001/XMLSchema-instance" creator="KML2GPX.COM" version="1.1" xsi:schemaLocation="http://www.topografix.com/GPX/1/1 http://www.topografix.com/GPX/1/1/gpx.xsd">
    <metadata>
        <name>Acchiqko'l-Zarshox_trek.kml</name>
        <desc>Converted from a KML file KML2GPX.COM</desc>
                </metadata>

                
                                                                                                    
                <trk>
                    <name>Acchiqko'l-Zarshox_trek.kml_Путь без названия</name>
                    <desc>This is track no: 1</desc>
                    <number>1</number>
                    <trkseg>
                                                                                                                                                                                                <trkpt lat="41.37393987809359" lon="69.72058821403405">
                                                                                                            <ele>0</ele>
                                    </trkpt>
                                                                                                                                                                                                                                    <trkpt lat="41.37351991281274" lon="69.72237320315114">
                                                                                                            <ele>0</ele>
                                    </trkpt>
                                                                                                                                                                                                                                    <trkpt lat="41.37337577132203" lon="69.72325891580695">
                                                                                                            <ele>0</ele>
                                    </trkpt>
                                                                                                                                                                                                                                    <trkpt lat="41.37305822915243" lon="69.72545206384477">
                                                                                                            <ele>0</ele>
                                    </trkpt>
                                                                                                                                                                                                                                    <trkpt lat="41.37271600336079" lon="69.7275572535256">
                                                                                                            <ele>0</ele>
                                    </trkpt>
                                                                                                                                                                                                                                    <trkpt lat="41.37257350858051" lon="69.7281574005664">
                                                                                                            <ele>0</ele>
                                    </trkpt>
                                                                                                                                                                                                                                    <trkpt lat="41.37213935478015" lon="69.72955245789976">
                                                                                                            <ele>0</ele>
                                    </trkpt>
                                                                                                                                                                                                                                    <trkpt lat="41.37188834229769" lon="69.73024240287835">
                                                                                                            <ele>0</ele>
                                    </trkpt>
                                                                                                                                                                                                                                    <trkpt lat="41.37153887764113" lon="69.73145663505558">
                                                                                                            <ele>0</ele>
                                    </trkpt>
                                                                                                                                                                                                                                    <trkpt lat="41.37120189131853" lon="69.73348625947345">
                                                                                                            <ele>0</ele>
                                    </trkpt>
                                                                                                                                                                                                                                    <trkpt lat="41.37113774554071" lon="69.73402530422027">
                                                                                                            <ele>0</ele>
                                    </trkpt>
                                                                                                                                                                                                                                    <trkpt lat="41.37105525721424" lon="69.73437378672087">
                                                                                                            <ele>0</ele>
                                    </trkpt>
                                                                                                                                                                                                                                    <trkpt lat="41.37079354166364" lon="69.73512718409589">
                                                                                                            <ele>0</ele>
                                    </trkpt>
                                                                                                                                                                                                                                    <trkpt lat="41.37072777722996" lon="69.735563749842">
                                                                                                            <ele>0</ele>
                                    </trkpt>
                                                                                                                                                                                                                                    <trkpt lat="41.37074696992283" lon="69.73584424804523">
                                                                                                            <ele>0</ele>
                                    </trkpt>
                                                                                                                                                                                                                                    <trkpt lat="41.37077558499462" lon="69.73603593829604">
                                                                                                            <ele>0</ele>
                                    </trkpt>
                                                                                                                                                                                                                                    <trkpt lat="41.37088721569155" lon="69.7363111461774">
                                                                                                            <ele>0</ele>
                                    </trkpt>
                                                                                                                                                                                                                                    <trkpt lat="41.3709557198977" lon="69.73655517360039">
                                                                                                            <ele>0</ele>
                                    </trkpt>
                                                                                                                                                                                                                                    <trkpt lat="41.37134325307953" lon="69.73856740487058">
                                                                                                            <ele>0</ele>
                                    </trkpt>
                                                                                                                                                                                                                                    <trkpt lat="41.37155497623792" lon="69.73939555511498">
                                                                                                            <ele>0</ele>
                                    </trkpt>
                                                                                                                                                                                                                                    <trkpt lat="41.37173631925585" lon="69.73953332532101">
                                                                                                            <ele>0</ele>
                                    </trkpt>
                                                                                                                                                                                                                                    <trkpt lat="41.37196766219372" lon="69.73976822024741">
                                                                                                            <ele>0</ele>
                                    </trkpt>
                                                                                                                                                                                                                                    <trkpt lat="41.37209382289759" lon="69.74000082370199">
                                                                                                            <ele>0</ele>
                                    </trkpt>
                                                                                                                                                                                                                                    <trkpt lat="41.3722158377148" lon="69.74017908567855">
                                                                                                            <ele>0</ele>
                                    </trkpt>
                                                                                                                                                                                                                                    <trkpt lat="41.37230884421938" lon="69.74040904907154">
                                                                                                            <ele>0</ele>
                                    </trkpt>
                                                                                                                                                                                                                                    <trkpt lat="41.37246024004364" lon="69.74089922369961">
                                                                                                            <ele>0</ele>
                                    </trkpt>
                                                                                                                                                                                                                                    <trkpt lat="41.37262886655267" lon="69.74130298065708">
                                                                                                            <ele>0</ele>
                                    </trkpt>
                                                                                                                                                                                                                                    <trkpt lat="41.37277378099316" lon="69.74159467182913">
                                                                                                            <ele>0</ele>
                                    </trkpt>
                                                                                                                                                                                                                                    <trkpt lat="41.37285383978048" lon="69.74193066025811">
                                                                                                            <ele>0</ele>
                                    </trkpt>
                                                                                                                                                                                                                                    <trkpt lat="41.37290579078163" lon="69.74349910510203">
                                                                                                            <ele>0</ele>
                                    </trkpt>
                                                                                                                                                                                                                                    <trkpt lat="41.37291143451904" lon="69.7441448815124">
                                                                                                            <ele>0</ele>
                                    </trkpt>
                                                                                                                                                                                                                                    <trkpt lat="41.37287415036698" lon="69.7449639496362">
                                                                                                            <ele>0</ele>
                                    </trkpt>
                                                                                                                                                                                                                                    <trkpt lat="41.37271297275422" lon="69.74625350016792">
                                                                                                            <ele>0</ele>
                                    </trkpt>
                                                                                                                                                                                                                                    <trkpt lat="41.37275314512245" lon="69.74671341274231">
                                                                                                            <ele>0</ele>
                                    </trkpt>
                                                                                                                                                                                                                                    <trkpt lat="41.37279396684772" lon="69.74689832565822">
                                                                                                            <ele>0</ele>
                                    </trkpt>
                                                                                                                                                                                                                                    <trkpt lat="41.37280476879386" lon="69.74707312704555">
                                                                                                            <ele>0</ele>
                                    </trkpt>
                                                                                                                                                                                                                                    <trkpt lat="41.37279356024537" lon="69.74734331037118">
                                                                                                            <ele>0</ele>
                                    </trkpt>
                                                                                                                                                                                                                                    <trkpt lat="41.3728757108745" lon="69.74784014356273">
                                                                                                            <ele>0</ele>
                                    </trkpt>
                                                                                                                                                                                                                                    <trkpt lat="41.37293612895252" lon="69.74785953838978">
                                                                                                            <ele>0</ele>
                                    </trkpt>
                                                                                                                                                                                                                                    <trkpt lat="41.3730050124977" lon="69.74783192838005">
                                                                                                            <ele>0</ele>
                                    </trkpt>
                                                                                                                                                                                                                                    <trkpt lat="41.37305810144714" lon="69.74778186298371">
                                                                                                            <ele>0</ele>
                                    </trkpt>
                                                                                                                                                                                                                                    <trkpt lat="41.37315538559642" lon="69.74758673554589">
                                                                                                            <ele>0</ele>
                                    </trkpt>
                                                                                                                                                                                                                                    <trkpt lat="41.37325611217965" lon="69.74724550624423">
                                                                                                            <ele>0</ele>
                                    </trkpt>
                                                                                                                                                                                                                                    <trkpt lat="41.37330572135019" lon="69.74716541651132">
                                                                                                            <ele>0</ele>
                                    </trkpt>
                                                                                                                                                                                                                                    <trkpt lat="41.37349947783448" lon="69.74706192549617">
                                                                                                            <ele>0</ele>
                                    </trkpt>
                                                                                                                                                                                                                                    <trkpt lat="41.37374094389993" lon="69.74696073503983">
                                                                                                            <ele>0</ele>
                                    </trkpt>
                                                                                                                                                                                                                                    <trkpt lat="41.37381454995299" lon="69.74695945999916">
                                                                                                            <ele>0</ele>
                                    </trkpt>
                                                                                                                                                                                                                                    <trkpt lat="41.37405273377456" lon="69.74706984359136">
                                                                                                            <ele>0</ele>
                                    </trkpt>
                                                                                                                                                                                                                                    <trkpt lat="41.37416059220824" lon="69.74717391566799">
                                                                                                            <ele>0</ele>
                                    </trkpt>
                                                                                                                                                                                                                                    <trkpt lat="41.37419477739017" lon="69.74723912608617">
                                                                                                            <ele>0</ele>
                                    </trkpt>
                                                                                                                                                                                                                                    <trkpt lat="41.37433159703434" lon="69.74786386646336">
                                                                                                            <ele>0</ele>
                                    </trkpt>
                                                                                                                                                                                                                                    <trkpt lat="41.37437776304761" lon="69.7482676060019">
                                                                                                            <ele>0</ele>
                                    </trkpt>
                                                                                                                                                                                                                                    <trkpt lat="41.37437801604339" lon="69.74844763168504">
                                                                                                            <ele>0</ele>
                                    </trkpt>
                                                                                                                                                                                                                                    <trkpt lat="41.37486210334257" lon="69.75020775348011">
                                                                                                            <ele>0</ele>
                                    </trkpt>
                                                                                                                                                                                                                                    <trkpt lat="41.37496720877385" lon="69.75030569726401">
                                                                                                            <ele>0</ele>
                                    </trkpt>
                                                                                                                                                                                                                                    <trkpt lat="41.37504137786233" lon="69.75031538860617">
                                                                                                            <ele>0</ele>
                                    </trkpt>
                                                                                                                                                                                                                                    <trkpt lat="41.37514214279577" lon="69.75038497784074">
                                                                                                            <ele>0</ele>
                                    </trkpt>
                                                                                                                                                                                                                                    <trkpt lat="41.37530832824907" lon="69.75054298480089">
                                                                                                            <ele>0</ele>
                                    </trkpt>
                                                                                                                                                                                                                                    <trkpt lat="41.37536479339123" lon="69.75054964260661">
                                                                                                            <ele>0</ele>
                                    </trkpt>
                                                                                                                                                                                                                                    <trkpt lat="41.37539644967454" lon="69.75058130875159">
                                                                                                            <ele>0</ele>
                                    </trkpt>
                                                                                                                                                                                                                                    <trkpt lat="41.37543821914255" lon="69.75064453213082">
                                                                                                            <ele>0</ele>
                                    </trkpt>
                                                                                                                                                                                                                                    <trkpt lat="41.37551531215529" lon="69.75082352402131">
                                                                                                            <ele>0</ele>
                                    </trkpt>
                                                                                                                                                                                                                                    <trkpt lat="41.37556545403609" lon="69.75087188204084">
                                                                                                            <ele>0</ele>
                                    </trkpt>
                                                                                                                                                                                                                                    <trkpt lat="41.37564455969061" lon="69.7510680606636">
                                                                                                            <ele>0</ele>
                                    </trkpt>
                                                                                                                                                                                                                                    <trkpt lat="41.37584622302989" lon="69.75109020821708">
                                                                                                            <ele>0</ele>
                                    </trkpt>
                                                                                                                                                                                                                                    <trkpt lat="41.37591742058508" lon="69.75105974985721">
                                                                                                            <ele>0</ele>
                                    </trkpt>
                                                                                                                                                                                                                                    <trkpt lat="41.37597348459843" lon="69.75105894155074">
                                                                                                            <ele>0</ele>
                                    </trkpt>
                                                                                                                                                                                                                                    <trkpt lat="41.37624950255475" lon="69.75143821266303">
                                                                                                            <ele>0</ele>
                                    </trkpt>
                                                                                                                                                                                                                                    <trkpt lat="41.37642362251118" lon="69.75181069988446">
                                                                                                            <ele>0</ele>
                                    </trkpt>
                                                                                                                                                                                                                                    <trkpt lat="41.37651229073028" lon="69.75185439839427">
                                                                                                            <ele>0</ele>
                                    </trkpt>
                                                                                                                                                                                                                                    <trkpt lat="41.37666162699286" lon="69.75187400429959">
                                                                                                            <ele>0</ele>
                                    </trkpt>
                                                                                                                                                                                                                                    <trkpt lat="41.37831138757888" lon="69.75262701971428">
                                                                                                            <ele>0</ele>
                                    </trkpt>
                                                                                                                                                                                                                                    <trkpt lat="41.37855945362901" lon="69.75290106120528">
                                                                                                            <ele>0</ele>
                                    </trkpt>
                                                                                                                                                                                                                                    <trkpt lat="41.37868597719014" lon="69.7531319771121">
                                                                                                            <ele>0</ele>
                                    </trkpt>
                                                                                                                                                                                                                                    <trkpt lat="41.37883110573979" lon="69.75352307519911">
                                                                                                            <ele>0</ele>
                                    </trkpt>
                                                                                                                                                                                                                                    <trkpt lat="41.37884818959425" lon="69.75390929333545">
                                                                                                            <ele>0</ele>
                                    </trkpt>
                                                                                                                                                                                                                                    <trkpt lat="41.37880210843532" lon="69.75464098988934">
                                                                                                            <ele>0</ele>
                                    </trkpt>
                                                                                                                                                                                                                                    <trkpt lat="41.37876196234766" lon="69.75482062188107">
                                                                                                            <ele>0</ele>
                                    </trkpt>
                                                                                                                                                                                                                                    <trkpt lat="41.37862015081131" lon="69.75526523941352">
                                                                                                            <ele>0</ele>
                                    </trkpt>
                                                                                                                                                                                                                                    <trkpt lat="41.37828881540926" lon="69.7565734589011">
                                                                                                            <ele>0</ele>
                                    </trkpt>
                                                                                                                                                                                                                                    <trkpt lat="41.37821984804882" lon="69.75667834424205">
                                                                                                            <ele>0</ele>
                                    </trkpt>
                                                                                                                                                                                                                                    <trkpt lat="41.37823764186068" lon="69.75679310120707">
                                                                                                            <ele>0</ele>
                                    </trkpt>
                                                                                                                                                                                                                                    <trkpt lat="41.37823501937829" lon="69.75688512513885">
                                                                                                            <ele>0</ele>
                                    </trkpt>
                                                                                                                                                                                                                                    <trkpt lat="41.3782054420419" lon="69.7569429357314">
                                                                                                            <ele>0</ele>
                                    </trkpt>
                                                                                                                                                                                                                                    <trkpt lat="41.37809115947171" lon="69.75691840227844">
                                                                                                            <ele>0</ele>
                                    </trkpt>
                                                                                                                                                                                                                                    <trkpt lat="41.37795786162837" lon="69.7569331286516">
                                                                                                            <ele>0</ele>
                                    </trkpt>
                                                                                                                                                                                                                                    <trkpt lat="41.37792590113363" lon="69.757006134957">
                                                                                                            <ele>0</ele>
                                    </trkpt>
                                                                                                                                                                                                                                    <trkpt lat="41.37793773412766" lon="69.75718944379064">
                                                                                                            <ele>0</ele>
                                    </trkpt>
                                                                                                                                                                                                                                    <trkpt lat="41.37803516705643" lon="69.75727021218431">
                                                                                                            <ele>0</ele>
                                    </trkpt>
                                                                                                                                                                                                                                    <trkpt lat="41.37810729412121" lon="69.75738361442484">
                                                                                                            <ele>0</ele>
                                    </trkpt>
                                                                                                                                                                                                                                    <trkpt lat="41.37825423247177" lon="69.75753178259502">
                                                                                                            <ele>0</ele>
                                    </trkpt>
                                                                                                                                                                                                                                    <trkpt lat="41.37840956629466" lon="69.75784823822849">
                                                                                                            <ele>0</ele>
                                    </trkpt>
                                                                                                                                                                                                                                    <trkpt lat="41.37840629601896" lon="69.75790302227827">
                                                                                                            <ele>0</ele>
                                    </trkpt>
                                                                                                                                                                                                                                    <trkpt lat="41.37834072997375" lon="69.75798143797869">
                                                                                                            <ele>0</ele>
                                    </trkpt>
                                                                                                                                                                                                                                    <trkpt lat="41.37833630446266" lon="69.75801701042799">
                                                                                                            <ele>0</ele>
                                    </trkpt>
                                                                                                                                                                                                                                    <trkpt lat="41.37838672433281" lon="69.75821641623274">
                                                                                                            <ele>0</ele>
                                    </trkpt>
                                                                                                                                                                                                                                    <trkpt lat="41.37826612070083" lon="69.75832338767133">
                                                                                                            <ele>0</ele>
                                    </trkpt>
                                                                                                                                                                                                                                    <trkpt lat="41.37810720609406" lon="69.75837140899273">
                                                                                                            <ele>0</ele>
                                    </trkpt>
                                                                                                                                                                                                                                    <trkpt lat="41.37793910963389" lon="69.75885536374868">
                                                                                                            <ele>0</ele>
                                    </trkpt>
                                                                                                                                                                                                                                    <trkpt lat="41.37786516653419" lon="69.75923145374702">
                                                                                                            <ele>0</ele>
                                    </trkpt>
                                                                                                                                                                                                                                    <trkpt lat="41.37776073114453" lon="69.76031424754439">
                                                                                                            <ele>0</ele>
                                    </trkpt>
                                                                                                                                                                                                                                    <trkpt lat="41.37768497259819" lon="69.76048661736667">
                                                                                                            <ele>0</ele>
                                    </trkpt>
                                                                                                                                                                                                                                    <trkpt lat="41.3776031584144" lon="69.76081237315572">
                                                                                                            <ele>0</ele>
                                    </trkpt>
                                                                                                                                                                                                                                    <trkpt lat="41.37751682385212" lon="69.76102192614638">
                                                                                                            <ele>0</ele>
                                    </trkpt>
                                                                                                                                                                                                                                    <trkpt lat="41.37742653873491" lon="69.76152165806002">
                                                                                                            <ele>0</ele>
                                    </trkpt>
                                                                                                                                                                                                                                    <trkpt lat="41.37741144363979" lon="69.76174373175341">
                                                                                                            <ele>0</ele>
                                    </trkpt>
                                                                                                                                                                                                                                    <trkpt lat="41.37734057141285" lon="69.76214908853585">
                                                                                                            <ele>0</ele>
                                    </trkpt>
                                                                                                                                                                                                                                    <trkpt lat="41.37733115436941" lon="69.76250218113221">
                                                                                                            <ele>0</ele>
                                    </trkpt>
                                                                                                                                                                                                                                    <trkpt lat="41.37730595526884" lon="69.76265949667027">
                                                                                                            <ele>0</ele>
                                    </trkpt>
                                                                                                                                                                                                                                    <trkpt lat="41.37728176561006" lon="69.76310941995546">
                                                                                                            <ele>0</ele>
                                    </trkpt>
                                                                                                                                                                                                                                    <trkpt lat="41.37723138514386" lon="69.76319875935461">
                                                                                                            <ele>0</ele>
                                    </trkpt>
                                                                                                                                                                                                                                    <trkpt lat="41.37710614226026" lon="69.76324391012416">
                                                                                                            <ele>0</ele>
                                    </trkpt>
                                                                                                                                                                                                                                    <trkpt lat="41.3768276106693" lon="69.76331599336065">
                                                                                                            <ele>0</ele>
                                    </trkpt>
                                                                                                                                                                                                                                    <trkpt lat="41.37664768064581" lon="69.76333475793027">
                                                                                                            <ele>0</ele>
                                    </trkpt>
                                                                                                                                                                                                                                    <trkpt lat="41.37647508589516" lon="69.76349534930775">
                                                                                                            <ele>0</ele>
                                    </trkpt>
                                                                                                                                                                                                                                    <trkpt lat="41.37632031088286" lon="69.76359678089875">
                                                                                                            <ele>0</ele>
                                    </trkpt>
                                                                                                                                                                                                                                    <trkpt lat="41.37625782648423" lon="69.76366423730687">
                                                                                                            <ele>0</ele>
                                    </trkpt>
                                                                                                                                                                                                                                    <trkpt lat="41.37617240366988" lon="69.76443809990563">
                                                                                                            <ele>0</ele>
                                    </trkpt>
                                                                                                                                                                                                                                    <trkpt lat="41.37610714779328" lon="69.76462349999636">
                                                                                                            <ele>0</ele>
                                    </trkpt>
                                                                                                                                                                                                                                    <trkpt lat="41.37597579302973" lon="69.76471133546235">
                                                                                                            <ele>0</ele>
                                    </trkpt>
                                                                                                                                                                                                                                    <trkpt lat="41.37593148590911" lon="69.76477983401594">
                                                                                                            <ele>0</ele>
                                    </trkpt>
                                                                                                                                                                                                                                    <trkpt lat="41.3758538560384" lon="69.76496034308784">
                                                                                                            <ele>0</ele>
                                    </trkpt>
                                                                                                                                                                                                                                    <trkpt lat="41.37553300957862" lon="69.76595638551811">
                                                                                                            <ele>0</ele>
                                    </trkpt>
                                                                                                                                                                                                                                    <trkpt lat="41.37513542614431" lon="69.7673566871015">
                                                                                                            <ele>0</ele>
                                    </trkpt>
                                                                                                                                                                                                                                    <trkpt lat="41.37501085820836" lon="69.76807836218219">
                                                                                                            <ele>0</ele>
                                    </trkpt>
                                                                                                                                                                                                                                    <trkpt lat="41.37494965528368" lon="69.76905724547021">
                                                                                                            <ele>0</ele>
                                    </trkpt>
                                                                                                                                                                                                                                    <trkpt lat="41.37478218035647" lon="69.769677301776">
                                                                                                            <ele>0</ele>
                                    </trkpt>
                                                                                                                                                                                                                                    <trkpt lat="41.37457669696977" lon="69.77026164685556">
                                                                                                            <ele>0</ele>
                                    </trkpt>
                                                                                                                                                                                                                                    <trkpt lat="41.37446843821308" lon="69.77064545148511">
                                                                                                            <ele>0</ele>
                                    </trkpt>
                                                                                                                                                                                                                                    <trkpt lat="41.37428890728616" lon="69.77173481211588">
                                                                                                            <ele>0</ele>
                                    </trkpt>
                                                                                                                                                                                                                                    <trkpt lat="41.37421856300033" lon="69.77462524790776">
                                                                                                            <ele>0</ele>
                                    </trkpt>
                                                                                                                                                                                                                                    <trkpt lat="41.37423903070609" lon="69.77480870364344">
                                                                                                            <ele>0</ele>
                                    </trkpt>
                                                                                                                                                                                                                                    <trkpt lat="41.37429820232376" lon="69.77599221925045">
                                                                                                            <ele>0</ele>
                                    </trkpt>
                                                                                                                                                                                                                                    <trkpt lat="41.37429464320898" lon="69.7766003309878">
                                                                                                            <ele>0</ele>
                                    </trkpt>
                                                                                                                                                                                                                                    <trkpt lat="41.37424086108802" lon="69.77738962711555">
                                                                                                            <ele>0</ele>
                                    </trkpt>
                                                                                                                                                                                                                                    <trkpt lat="41.37421094016609" lon="69.77832661427412">
                                                                                                            <ele>0</ele>
                                    </trkpt>
                                                                                                                                                                                                                                    <trkpt lat="41.37397197017112" lon="69.78004050926948">
                                                                                                            <ele>0</ele>
                                    </trkpt>
                                                                                                                                                                                                                                    <trkpt lat="41.37371683368384" lon="69.78098458188698">
                                                                                                            <ele>0</ele>
                                    </trkpt>
                                                                                                                                                                                                                                    <trkpt lat="41.37359792661018" lon="69.78133713076656">
                                                                                                            <ele>0</ele>
                                    </trkpt>
                                                                                                                                                                                                                                    <trkpt lat="41.37350552423499" lon="69.78170974991244">
                                                                                                            <ele>0</ele>
                                    </trkpt>
                                                                                                                                                                                                                                    <trkpt lat="41.37341726009595" lon="69.78196243298011">
                                                                                                            <ele>0</ele>
                                    </trkpt>
                                                                                                                                                                                                                                    <trkpt lat="41.37327521193137" lon="69.78225407479057">
                                                                                                            <ele>0</ele>
                                    </trkpt>
                                                                                                                                                                                                                                    <trkpt lat="41.37315930657936" lon="69.78237304735663">
                                                                                                            <ele>0</ele>
                                    </trkpt>
                                                                                                                                                                                                                                    <trkpt lat="41.37300911480822" lon="69.78298078117467">
                                                                                                            <ele>0</ele>
                                    </trkpt>
                                                                                                                                                                                                                                    <trkpt lat="41.37251344675791" lon="69.78320044595928">
                                                                                                            <ele>0</ele>
                                    </trkpt>
                                                                                                                                                                                                                                    <trkpt lat="41.37243966647994" lon="69.78326669865356">
                                                                                                            <ele>0</ele>
                                    </trkpt>
                                                                                                                                                                                                                                    <trkpt lat="41.37219376538491" lon="69.78336049433807">
                                                                                                            <ele>0</ele>
                                    </trkpt>
                                                                                                                                                                                                                                    <trkpt lat="41.37183673865446" lon="69.7834025662544">
                                                                                                            <ele>0</ele>
                                    </trkpt>
                                                                                                                                                                                                                                    <trkpt lat="41.37175820827549" lon="69.78343432471505">
                                                                                                            <ele>0</ele>
                                    </trkpt>
                                                                                                                                                                                                                                    <trkpt lat="41.37157872760687" lon="69.78344085474174">
                                                                                                            <ele>0</ele>
                                    </trkpt>
                                                                                                                                                                                                                                    <trkpt lat="41.37117182545728" lon="69.78364367035776">
                                                                                                            <ele>0</ele>
                                    </trkpt>
                                                                                                                                                                                                                                    <trkpt lat="41.37087081504675" lon="69.78374462500207">
                                                                                                            <ele>0</ele>
                                    </trkpt>
                                                                                                                                                                                                                                    <trkpt lat="41.37056773370193" lon="69.78392372773483">
                                                                                                            <ele>0</ele>
                                    </trkpt>
                                                                                                                                                                                                                                    <trkpt lat="41.37037604320631" lon="69.783934657337">
                                                                                                            <ele>0</ele>
                                    </trkpt>
                                                                                                                                                                                                                                    <trkpt lat="41.37002254089052" lon="69.78404052598518">
                                                                                                            <ele>0</ele>
                                    </trkpt>
                                                                                                                                                                                                                                    <trkpt lat="41.36982971206517" lon="69.78404180656497">
                                                                                                            <ele>0</ele>
                                    </trkpt>
                                                                                                                                                                                                                                    <trkpt lat="41.3696956080134" lon="69.78413673431001">
                                                                                                            <ele>0</ele>
                                    </trkpt>
                                                                                                                                                                                                                                    <trkpt lat="41.36936608916633" lon="69.78420485325425">
                                                                                                            <ele>0</ele>
                                    </trkpt>
                                                                                                                                                                                                                                    <trkpt lat="41.36857200284508" lon="69.78452444356445">
                                                                                                            <ele>0</ele>
                                    </trkpt>
                                                                                                                                                                                                                                    <trkpt lat="41.36836337197229" lon="69.78457014183526">
                                                                                                            <ele>0</ele>
                                    </trkpt>
                                                                                                                                                                                                                                    <trkpt lat="41.368207900725" lon="69.78473437224687">
                                                                                                            <ele>0</ele>
                                    </trkpt>
                                                                                                                                                                                                                                    <trkpt lat="41.36799358572955" lon="69.78484132690717">
                                                                                                            <ele>0</ele>
                                    </trkpt>
                                                                                                                                                                                                                                    <trkpt lat="41.36777215675831" lon="69.78499621214932">
                                                                                                            <ele>0</ele>
                                    </trkpt>
                                                                                                                                                                                                                                    <trkpt lat="41.3675194337705" lon="69.78539566302803">
                                                                                                            <ele>0</ele>
                                    </trkpt>
                                                                                                                                                                                                                                    <trkpt lat="41.36728843041338" lon="69.7857961463759">
                                                                                                            <ele>0</ele>
                                    </trkpt>
                                                                                                                                                                                                                                    <trkpt lat="41.36723622550989" lon="69.78591288804857">
                                                                                                            <ele>0</ele>
                                    </trkpt>
                                                                                                                                                                                                                                    <trkpt lat="41.36721001346234" lon="69.78599957531679">
                                                                                                            <ele>0</ele>
                                    </trkpt>
                                                                                                                                                                                                                                    <trkpt lat="41.36714417211162" lon="69.7864955181349">
                                                                                                            <ele>0</ele>
                                    </trkpt>
                                                                                                                                                                                                                                    <trkpt lat="41.36713478557184" lon="69.78665471425258">
                                                                                                            <ele>0</ele>
                                    </trkpt>
                                                                                                                                                                                                                                    <trkpt lat="41.36717113165372" lon="69.78682234740695">
                                                                                                            <ele>0</ele>
                                    </trkpt>
                                                                                                                                                                                                                                    <trkpt lat="41.36712318024136" lon="69.78695273880204">
                                                                                                            <ele>0</ele>
                                    </trkpt>
                                                                                                                                                                                                                                    <trkpt lat="41.36709864630728" lon="69.78698711567419">
                                                                                                            <ele>0</ele>
                                    </trkpt>
                                                                                                                                                                                                                                    <trkpt lat="41.36704403760348" lon="69.78701275577961">
                                                                                                            <ele>0</ele>
                                    </trkpt>
                                                                                                                                                                                                                                    <trkpt lat="41.36696386804176" lon="69.7869437946737">
                                                                                                            <ele>0</ele>
                                    </trkpt>
                                                                                                                                                                                                                                    <trkpt lat="41.36691213107517" lon="69.78693309040619">
                                                                                                            <ele>0</ele>
                                    </trkpt>
                                                                                                                                                                                                                                    <trkpt lat="41.36686905939374" lon="69.78689916335239">
                                                                                                            <ele>0</ele>
                                    </trkpt>
                                                                                                                                                                                                                                    <trkpt lat="41.36680758982332" lon="69.78692485703718">
                                                                                                            <ele>0</ele>
                                    </trkpt>
                                                                                                                                                                                                                                    <trkpt lat="41.36671183351964" lon="69.7869045807948">
                                                                                                            <ele>0</ele>
                                    </trkpt>
                                                                                                                                                                                                                                    <trkpt lat="41.36667943290274" lon="69.78692657213603">
                                                                                                            <ele>0</ele>
                                    </trkpt>
                                                                                                                                                                                                                                    <trkpt lat="41.36663266894325" lon="69.7869213137694">
                                                                                                            <ele>0</ele>
                                    </trkpt>
                                                                                                                                                                                                                                    <trkpt lat="41.36653651838553" lon="69.78704144314635">
                                                                                                            <ele>0</ele>
                                    </trkpt>
                                                                                                                                                                                                                                    <trkpt lat="41.36648326757788" lon="69.78715608168923">
                                                                                                            <ele>0</ele>
                                    </trkpt>
                                                                                                                                                                                                                                    <trkpt lat="41.36644794361082" lon="69.78731353598091">
                                                                                                            <ele>0</ele>
                                    </trkpt>
                                                                                                                                                                                                                                    <trkpt lat="41.36644626088184" lon="69.78738813735258">
                                                                                                            <ele>0</ele>
                                    </trkpt>
                                                                                                                                                                                                                                    <trkpt lat="41.36653597193276" lon="69.78767154962765">
                                                                                                            <ele>0</ele>
                                    </trkpt>
                                                                                                                                                                                                                                    <trkpt lat="41.36660133162339" lon="69.78779061055376">
                                                                                                            <ele>0</ele>
                                    </trkpt>
                                                                                                                                                                                                                                    <trkpt lat="41.36675242095009" lon="69.787958611912">
                                                                                                            <ele>0</ele>
                                    </trkpt>
                                                                                                                                                                                                                                    <trkpt lat="41.3668948307298" lon="69.7880712572336">
                                                                                                            <ele>0</ele>
                                    </trkpt>
                                                                                                                                                                                                                                    <trkpt lat="41.36712141984949" lon="69.78816165610708">
                                                                                                            <ele>0</ele>
                                    </trkpt>
                                                                                                                                                                                                                                    <trkpt lat="41.36728519343944" lon="69.78831293328021">
                                                                                                            <ele>0</ele>
                                    </trkpt>
                                                                                                                                                                                                                                    <trkpt lat="41.36741815144897" lon="69.78838709949518">
                                                                                                            <ele>0</ele>
                                    </trkpt>
                                                                                                                                                                                                                                    <trkpt lat="41.36770240159024" lon="69.78861745734019">
                                                                                                            <ele>0</ele>
                                    </trkpt>
                                                                                                                                                                                                                                    <trkpt lat="41.36785956241174" lon="69.788644721917">
                                                                                                            <ele>0</ele>
                                    </trkpt>
                                                                                                                                                                                                                                    <trkpt lat="41.36791115016165" lon="69.78867040276579">
                                                                                                            <ele>0</ele>
                                    </trkpt>
                                                                                                                                                                                                                                    <trkpt lat="41.36803067362429" lon="69.78877415174379">
                                                                                                            <ele>0</ele>
                                    </trkpt>
                                                                                                                                                                                                                                    <trkpt lat="41.36811739708374" lon="69.78888151794919">
                                                                                                            <ele>0</ele>
                                    </trkpt>
                                                                                                                                                                                                                                    <trkpt lat="41.3681983886685" lon="69.78913524532952">
                                                                                                            <ele>0</ele>
                                    </trkpt>
                                                                                                                                                                                                                                    <trkpt lat="41.36785794326349" lon="69.78908474180297">
                                                                                                            <ele>0</ele>
                                    </trkpt>
                                                                                                                                                                                                                                    <trkpt lat="41.36745155307735" lon="69.7890524056025">
                                                                                                            <ele>0</ele>
                                    </trkpt>
                                                                                                                                                                                                                                    <trkpt lat="41.36728423458711" lon="69.7890187969566">
                                                                                                            <ele>0</ele>
                                    </trkpt>
                                                                                                                                                                                                                                    <trkpt lat="41.36699631484436" lon="69.78901451139072">
                                                                                                            <ele>0</ele>
                                    </trkpt>
                                                                                                                                                                                                                                    <trkpt lat="41.3668976289327" lon="69.78898468659089">
                                                                                                            <ele>0</ele>
                                    </trkpt>
                                                                                                                                                                                                                                    <trkpt lat="41.36669123673146" lon="69.78896444377297">
                                                                                                            <ele>0</ele>
                                    </trkpt>
                                                                                                                                                                                                                                    <trkpt lat="41.36651786138857" lon="69.78889929690587">
                                                                                                            <ele>0</ele>
                                    </trkpt>
                                                                                                                                                                                                                                    <trkpt lat="41.36634639283128" lon="69.78878402924529">
                                                                                                            <ele>0</ele>
                                    </trkpt>
                                                                                                                                                                                                                                    <trkpt lat="41.36552590073568" lon="69.78840499979039">
                                                                                                            <ele>0</ele>
                                    </trkpt>
                                                                                                                                                                                                                                    <trkpt lat="41.36533122902419" lon="69.78836377552679">
                                                                                                            <ele>0</ele>
                                    </trkpt>
                                                                                                                                                                                                                                    <trkpt lat="41.36425870751638" lon="69.78795444275163">
                                                                                                            <ele>0</ele>
                                    </trkpt>
                                                                                                                                                                                                                                    <trkpt lat="41.36417620871193" lon="69.78797096507685">
                                                                                                            <ele>0</ele>
                                    </trkpt>
                                                                                                                                                                                                                                    <trkpt lat="41.36410707713197" lon="69.78805491600689">
                                                                                                            <ele>0</ele>
                                    </trkpt>
                                                                                                                                                                                                                                    <trkpt lat="41.36394665862179" lon="69.78814592830376">
                                                                                                            <ele>0</ele>
                                    </trkpt>
                                                                                                                                                                                                                                    <trkpt lat="41.36369177254339" lon="69.78825838443851">
                                                                                                            <ele>0</ele>
                                    </trkpt>
                                                                                                                                                                                                                                    <trkpt lat="41.36364000993519" lon="69.78824764721413">
                                                                                                            <ele>0</ele>
                                    </trkpt>
                                                                                                                                                                                                                                    <trkpt lat="41.36360130122075" lon="69.78821436197539">
                                                                                                            <ele>0</ele>
                                    </trkpt>
                                                                                                                                                                                                                                    <trkpt lat="41.36356931450007" lon="69.78811487762945">
                                                                                                            <ele>0</ele>
                                    </trkpt>
                                                                                                                                                                                                                                    <trkpt lat="41.3635701436894" lon="69.78806242541873">
                                                                                                            <ele>0</ele>
                                    </trkpt>
                                                                                                                                                                                                                                    <trkpt lat="41.36360260264627" lon="69.78797556513825">
                                                                                                            <ele>0</ele>
                                    </trkpt>
                                                                                                                                                                                                                                    <trkpt lat="41.36363070268409" lon="69.7878224446505">
                                                                                                            <ele>0</ele>
                                    </trkpt>
                                                                                                                                                                                                                                    <trkpt lat="41.36359890455683" lon="69.78767489493967">
                                                                                                            <ele>0</ele>
                                    </trkpt>
                                                                                                                                                                                                                                    <trkpt lat="41.36348745969012" lon="69.78747152793886">
                                                                                                            <ele>0</ele>
                                    </trkpt>
                                                                                                                                                                                                                                    <trkpt lat="41.36334187407611" lon="69.78727124200316">
                                                                                                            <ele>0</ele>
                                    </trkpt>
                                                                                                                                                                                                                                    <trkpt lat="41.36332036059498" lon="69.78731184599616">
                                                                                                            <ele>0</ele>
                                    </trkpt>
                                                                                                                                                                                                                                    <trkpt lat="41.36332656907727" lon="69.78739776616031">
                                                                                                            <ele>0</ele>
                                    </trkpt>
                                                                                                                                                                                                                                    <trkpt lat="41.3634762818198" lon="69.78779985297041">
                                                                                                            <ele>0</ele>
                                    </trkpt>
                                                                                                                                                                                                                                    <trkpt lat="41.36348121954104" lon="69.78821138311388">
                                                                                                            <ele>0</ele>
                                    </trkpt>
                                                                                                                                                                                                                                    <trkpt lat="41.36345729041436" lon="69.7882512535522">
                                                                                                            <ele>0</ele>
                                    </trkpt>
                                                                                                                                                                                                                                    <trkpt lat="41.36342401225618" lon="69.78839092028542">
                                                                                                            <ele>0</ele>
                                    </trkpt>
                                                                                                                                                                                                                                    <trkpt lat="41.36329216746397" lon="69.78862451917425">
                                                                                                            <ele>0</ele>
                                    </trkpt>
                                                                                                                                                                                                                                    <trkpt lat="41.36322489555752" lon="69.78894257707495">
                                                                                                            <ele>0</ele>
                                    </trkpt>
                                                                                                                                                                                                                                    <trkpt lat="41.36320202076593" lon="69.78916927789801">
                                                                                                            <ele>0</ele>
                                    </trkpt>
                                                                                                                                                                                                                                    <trkpt lat="41.36309638848338" lon="69.78938061012185">
                                                                                                            <ele>0</ele>
                                    </trkpt>
                                                                                                                                                                                                                                    <trkpt lat="41.36314699126442" lon="69.7894124945992">
                                                                                                            <ele>0</ele>
                                    </trkpt>
                                                                                                                                                                                                                                    <trkpt lat="41.36318715380963" lon="69.78950963090809">
                                                                                                            <ele>0</ele>
                                    </trkpt>
                                                                                                                                                                                                                                    <trkpt lat="41.3631675395911" lon="69.78968128122008">
                                                                                                            <ele>0</ele>
                                    </trkpt>
                                                                                                                                                                                                                                    <trkpt lat="41.36302632569762" lon="69.78984457486909">
                                                                                                            <ele>0</ele>
                                    </trkpt>
                                                                                                                                                                                                                                    <trkpt lat="41.36261015126976" lon="69.79013678660174">
                                                                                                            <ele>0</ele>
                                    </trkpt>
                                                                                                                                                                                                                                    <trkpt lat="41.36242946162656" lon="69.79030535583706">
                                                                                                            <ele>0</ele>
                                    </trkpt>
                                                                                                                                                                                                                                    <trkpt lat="41.3622650634649" lon="69.79050154858878">
                                                                                                            <ele>0</ele>
                                    </trkpt>
                                                                                                                                                                                                                                    <trkpt lat="41.3615604258887" lon="69.79100585660288">
                                                                                                            <ele>0</ele>
                                    </trkpt>
                                                                                                                                                                                                                                    <trkpt lat="41.36134431376898" lon="69.79126096147225">
                                                                                                            <ele>0</ele>
                                    </trkpt>
                                                                                                                                                                                                                                    <trkpt lat="41.361213468518" lon="69.79137864976666">
                                                                                                            <ele>0</ele>
                                    </trkpt>
                                                                                                                                                                                                                                    <trkpt lat="41.36110239223724" lon="69.79146006943117">
                                                                                                            <ele>0</ele>
                                    </trkpt>
                                                                                                                                                                                                                                    <trkpt lat="41.36044103904646" lon="69.79185084336254">
                                                                                                            <ele>0</ele>
                                    </trkpt>
                                                                                                                                                                                                                                    <trkpt lat="41.36000443378638" lon="69.79217543950926">
                                                                                                            <ele>0</ele>
                                    </trkpt>
                                                                                                                                                                                                                                    <trkpt lat="41.35976815772851" lon="69.79227138666054">
                                                                                                            <ele>0</ele>
                                    </trkpt>
                                                                                                                                                                                                                                    <trkpt lat="41.35928308954471" lon="69.79237142654272">
                                                                                                            <ele>0</ele>
                                    </trkpt>
                                                                                                                                                                                                                                    <trkpt lat="41.3584961831083" lon="69.79245682409078">
                                                                                                            <ele>0</ele>
                                    </trkpt>
                                                                                                                                                                                                                                    <trkpt lat="41.35838373789883" lon="69.7924450541323">
                                                                                                            <ele>0</ele>
                                    </trkpt>
                                                                                                                                                                                                                                    <trkpt lat="41.35822612600151" lon="69.79248736888088">
                                                                                                            <ele>0</ele>
                                    </trkpt>
                                                                                                                                                                                                                                    <trkpt lat="41.35816105348474" lon="69.792631706984">
                                                                                                            <ele>0</ele>
                                    </trkpt>
                                                                                                                                                                                                                                    <trkpt lat="41.35806440619729" lon="69.79272729880401">
                                                                                                            <ele>0</ele>
                                    </trkpt>
                                                                                                                                                                                                                                    <trkpt lat="41.3579649315621" lon="69.79274363878568">
                                                                                                            <ele>0</ele>
                                    </trkpt>
                                                                                                                                                                                                                                    <trkpt lat="41.35772676559459" lon="69.79273668700179">
                                                                                                            <ele>0</ele>
                                    </trkpt>
                                                                                                                                                                                                                                    <trkpt lat="41.35745986870501" lon="69.79264700659174">
                                                                                                            <ele>0</ele>
                                    </trkpt>
                                                                                                                                                                                                                                    <trkpt lat="41.35737088468063" lon="69.79264569829374">
                                                                                                            <ele>0</ele>
                                    </trkpt>
                                                                                                                                                                                                                                    <trkpt lat="41.35718010751314" lon="69.79268346944777">
                                                                                                            <ele>0</ele>
                                    </trkpt>
                                                                                                                                                                                                                                    <trkpt lat="41.3570258216395" lon="69.79276542517228">
                                                                                                            <ele>0</ele>
                                    </trkpt>
                                                                                                                                                                                                                                    <trkpt lat="41.35656843679427" lon="69.79331936486541">
                                                                                                            <ele>0</ele>
                                    </trkpt>
                                                                                                                                                                                                                                    <trkpt lat="41.35660545850524" lon="69.79342883859772">
                                                                                                            <ele>0</ele>
                                    </trkpt>
                                                                                                                                                                                                                                    <trkpt lat="41.35658423783428" lon="69.79342214542471">
                                                                                                            <ele>0</ele>
                                    </trkpt>
                                                                                                                                                                                                                                    <trkpt lat="41.35649257742423" lon="69.79323131703359">
                                                                                                            <ele>0</ele>
                                    </trkpt>
                                                                                                                                                                                                                                    <trkpt lat="41.35635397284049" lon="69.79301441082394">
                                                                                                            <ele>0</ele>
                                    </trkpt>
                                                                                                                                                                                                                                    <trkpt lat="41.35619879289825" lon="69.79289646599804">
                                                                                                            <ele>0</ele>
                                    </trkpt>
                                                                                                                                                                                                                                    <trkpt lat="41.35609539456312" lon="69.79286839162819">
                                                                                                            <ele>0</ele>
                                    </trkpt>
                                                                                                                                                                                                                                    <trkpt lat="41.35580814052773" lon="69.79270869066903">
                                                                                                            <ele>0</ele>
                                    </trkpt>
                                                                                                                                                                                                                                    <trkpt lat="41.3557047944026" lon="69.79267967568281">
                                                                                                            <ele>0</ele>
                                    </trkpt>
                                                                                                                                                                                                                                    <trkpt lat="41.35560890092356" lon="69.79269800042215">
                                                                                                            <ele>0</ele>
                                    </trkpt>
                                                                                                                                                                                                                                    <trkpt lat="41.35544634611833" lon="69.79276880090167">
                                                                                                            <ele>0</ele>
                                    </trkpt>
                                                                                                                                                                                                                                    <trkpt lat="41.35512659706689" lon="69.79303267770783">
                                                                                                            <ele>0</ele>
                                    </trkpt>
                                                                                                                                                                                                                                    <trkpt lat="41.35500781461276" lon="69.79310709023558">
                                                                                                            <ele>0</ele>
                                    </trkpt>
                                                                                                                                                                                                                                    <trkpt lat="41.35499326635514" lon="69.79303509424764">
                                                                                                            <ele>0</ele>
                                    </trkpt>
                                                                                                                                                                                                                                    <trkpt lat="41.35503252125184" lon="69.79280243753971">
                                                                                                            <ele>0</ele>
                                    </trkpt>
                                                                                                                                                                                                                                    <trkpt lat="41.35505706268531" lon="69.7920085130971">
                                                                                                            <ele>0</ele>
                                    </trkpt>
                                                                                                                                                                                                                                    <trkpt lat="41.3550471718433" lon="69.79192028574819">
                                                                                                            <ele>0</ele>
                                    </trkpt>
                                                                                                                                                                                                                                    <trkpt lat="41.35500678675019" lon="69.79179668146212">
                                                                                                            <ele>0</ele>
                                    </trkpt>
                                                                                                                                                                                                                                    <trkpt lat="41.35496551313152" lon="69.79138982089796">
                                                                                                            <ele>0</ele>
                                    </trkpt>
                                                                                                                                                                                                                                    <trkpt lat="41.35493960391354" lon="69.79134745023393">
                                                                                                            <ele>0</ele>
                                    </trkpt>
                                                                                                                                                                                                                                    <trkpt lat="41.35457799905544" lon="69.79148599334509">
                                                                                                            <ele>0</ele>
                                    </trkpt>
                                                                                                                                                                                                                                    <trkpt lat="41.35435423140405" lon="69.79175729092037">
                                                                                                            <ele>0</ele>
                                    </trkpt>
                                                                                                                                                                                                                                    <trkpt lat="41.35403679798888" lon="69.79194416160996">
                                                                                                            <ele>0</ele>
                                    </trkpt>
                                                                                                                                                                                                                                    <trkpt lat="41.35386393682329" lon="69.79210090343402">
                                                                                                            <ele>0</ele>
                                    </trkpt>
                                                                                                                                                                                                                                    <trkpt lat="41.35382195821046" lon="69.79239400000213">
                                                                                                            <ele>0</ele>
                                    </trkpt>
                                                                                                                                                                                                                                    <trkpt lat="41.35377850604535" lon="69.79249880608104">
                                                                                                            <ele>0</ele>
                                    </trkpt>
                                                                                                                                                                                                                                    <trkpt lat="41.35377569684131" lon="69.79258994049047">
                                                                                                            <ele>0</ele>
                                    </trkpt>
                                                                                                                                                                                                                                    <trkpt lat="41.35379901685398" lon="69.7926602820659">
                                                                                                            <ele>0</ele>
                                    </trkpt>
                                                                                                                                                                                                                                    <trkpt lat="41.35381993354939" lon="69.79282961422928">
                                                                                                            <ele>0</ele>
                                    </trkpt>
                                                                                                                                                                                                                                    <trkpt lat="41.35381296092994" lon="69.79295578985241">
                                                                                                            <ele>0</ele>
                                    </trkpt>
                                                                                                                                                                                                                                    <trkpt lat="41.3537172418753" lon="69.7931016482156">
                                                                                                            <ele>0</ele>
                                    </trkpt>
                                                                                                                                                                                                                                    <trkpt lat="41.35367463818763" lon="69.79324320298794">
                                                                                                            <ele>0</ele>
                                    </trkpt>
                                                                                                                                                                                                                                    <trkpt lat="41.35346654438448" lon="69.79340814876474">
                                                                                                            <ele>0</ele>
                                    </trkpt>
                                                                                                                                                                                                                                    <trkpt lat="41.35345079190762" lon="69.79348514755895">
                                                                                                            <ele>0</ele>
                                    </trkpt>
                                                                                                                                                                                                                                    <trkpt lat="41.3533975948821" lon="69.79356641368219">
                                                                                                            <ele>0</ele>
                                    </trkpt>
                                                                                                                                                                                                                                    <trkpt lat="41.35322963048931" lon="69.79370400532599">
                                                                                                            <ele>0</ele>
                                    </trkpt>
                                                                                                                                                                                                                                    <trkpt lat="41.35318377192536" lon="69.79376508481145">
                                                                                                            <ele>0</ele>
                                    </trkpt>
                                                                                                                                                                                                                                    <trkpt lat="41.35315481889494" lon="69.7938362785446">
                                                                                                            <ele>0</ele>
                                    </trkpt>
                                                                                                                                                                                                                                    <trkpt lat="41.35301947063919" lon="69.7939853858098">
                                                                                                            <ele>0</ele>
                                    </trkpt>
                                                                                                                                                                                                                                    <trkpt lat="41.35291551969519" lon="69.79406226919878">
                                                                                                            <ele>0</ele>
                                    </trkpt>
                                                                                                                                                                                                                                    <trkpt lat="41.35270300314534" lon="69.79416596971033">
                                                                                                            <ele>0</ele>
                                    </trkpt>
                                                                                                                                                                                                                                    <trkpt lat="41.35251500596467" lon="69.79431670628128">
                                                                                                            <ele>0</ele>
                                    </trkpt>
                                                                                                                                                                                                                                    <trkpt lat="41.35177304606186" lon="69.79469943903051">
                                                                                                            <ele>0</ele>
                                    </trkpt>
                                                                                                                                                                                                                                    <trkpt lat="41.35170948578398" lon="69.79476058160776">
                                                                                                            <ele>0</ele>
                                    </trkpt>
                                                                                                                                                                                                                                    <trkpt lat="41.35151526409524" lon="69.7948780603186">
                                                                                                            <ele>0</ele>
                                    </trkpt>
                                                                                                                                                                                                                                    <trkpt lat="41.35114757677054" lon="69.79522802081961">
                                                                                                            <ele>0</ele>
                                    </trkpt>
                                                                                                                                                                                                                                    <trkpt lat="41.35071848955086" lon="69.79541034195596">
                                                                                                            <ele>0</ele>
                                    </trkpt>
                                                                                                                                                                                                                                    <trkpt lat="41.35041419780475" lon="69.79550857471385">
                                                                                                            <ele>0</ele>
                                    </trkpt>
                                                                                                                                                                                                                                    <trkpt lat="41.34993027087639" lon="69.79569901932689">
                                                                                                            <ele>0</ele>
                                    </trkpt>
                                                                                                                                                                                                                                    <trkpt lat="41.3498497264466" lon="69.79570510121602">
                                                                                                            <ele>0</ele>
                                    </trkpt>
                                                                                                                                                                                                                                    <trkpt lat="41.3496359995492" lon="69.79567484633462">
                                                                                                            <ele>0</ele>
                                    </trkpt>
                                                                                                                                                                                                                                    <trkpt lat="41.34950622387041" lon="69.7956958329836">
                                                                                                            <ele>0</ele>
                                    </trkpt>
                                                                                                                                                                                                                                    <trkpt lat="41.34937698142407" lon="69.79563279033108">
                                                                                                            <ele>0</ele>
                                    </trkpt>
                                                                                                                                                                                                                                    <trkpt lat="41.34909074010585" lon="69.79532400103029">
                                                                                                            <ele>0</ele>
                                    </trkpt>
                                                                                                                                                                                                                                    <trkpt lat="41.34884714346571" lon="69.79517295568462">
                                                                                                            <ele>0</ele>
                                    </trkpt>
                                                                                                                                                                                                                                    <trkpt lat="41.34876679514747" lon="69.7951424285603">
                                                                                                            <ele>0</ele>
                                    </trkpt>
                                                                                                                                                                                                                                    <trkpt lat="41.34838879362685" lon="69.79511234578439">
                                                                                                            <ele>0</ele>
                                    </trkpt>
                                                                                                                                                                                                                                    <trkpt lat="41.34822135571821" lon="69.79505997424512">
                                                                                                            <ele>0</ele>
                                    </trkpt>
                                                                                                                                                                                                                                    <trkpt lat="41.3481584436382" lon="69.79500452591337">
                                                                                                            <ele>0</ele>
                                    </trkpt>
                                                                                                                                                                                                                                    <trkpt lat="41.34814149692087" lon="69.79496909832709">
                                                                                                            <ele>0</ele>
                                    </trkpt>
                                                                                                                                                                                                                                    <trkpt lat="41.34813800928757" lon="69.79492928631547">
                                                                                                            <ele>0</ele>
                                    </trkpt>
                                                                                                                                                                                                                                    <trkpt lat="41.34794627379479" lon="69.79445788120056">
                                                                                                            <ele>0</ele>
                                    </trkpt>
                                                                                                                                                                                                                                    <trkpt lat="41.34777211423673" lon="69.79441611716237">
                                                                                                            <ele>0</ele>
                                    </trkpt>
                                                                                                                                                                                                                                    <trkpt lat="41.34768425539701" lon="69.79441702230433">
                                                                                                            <ele>0</ele>
                                    </trkpt>
                                                                                                                                                                                                                                    <trkpt lat="41.3474219983993" lon="69.79421041928701">
                                                                                                            <ele>0</ele>
                                    </trkpt>
                                                                                                                                                                                                                                    <trkpt lat="41.34726949110435" lon="69.79406707521346">
                                                                                                            <ele>0</ele>
                                    </trkpt>
                                                                                                                                                                                                                                    <trkpt lat="41.34711671525963" lon="69.79396762231239">
                                                                                                            <ele>0</ele>
                                    </trkpt>
                                                                                                                                                                                                                                    <trkpt lat="41.34700676363298" lon="69.79384410012109">
                                                                                                            <ele>0</ele>
                                    </trkpt>
                                                                                                                                                                                                                                    <trkpt lat="41.34697157927122" lon="69.79382633675444">
                                                                                                            <ele>0</ele>
                                    </trkpt>
                                                                                                                                                                                                                                    <trkpt lat="41.34679950405944" lon="69.793757589105">
                                                                                                            <ele>0</ele>
                                    </trkpt>
                                                                                                                                                                                                                                    <trkpt lat="41.34656918625456" lon="69.79370080686149">
                                                                                                            <ele>0</ele>
                                    </trkpt>
                                                                                                                                                                                                                                    <trkpt lat="41.34604895145677" lon="69.79348921750183">
                                                                                                            <ele>0</ele>
                                    </trkpt>
                                                                                                                                                                                                                                    <trkpt lat="41.34596571928658" lon="69.79348402719808">
                                                                                                            <ele>0</ele>
                                    </trkpt>
                                                                                                                                                                                                                                    <trkpt lat="41.34576001592404" lon="69.79341538537669">
                                                                                                            <ele>0</ele>
                                    </trkpt>
                                                                                                                                                                                                                                    <trkpt lat="41.34527555123299" lon="69.79338746521624">
                                                                                                            <ele>0</ele>
                                    </trkpt>
                                                                                                                                                                                                                                    <trkpt lat="41.34536783477137" lon="69.7930327001384">
                                                                                                            <ele>0</ele>
                                    </trkpt>
                                                                                                                                                                                                                                    <trkpt lat="41.34532870706838" lon="69.79305430096014">
                                                                                                            <ele>0</ele>
                                    </trkpt>
                                                                                                                                                                                                                                    <trkpt lat="41.34520223750067" lon="69.79303761823023">
                                                                                                            <ele>0</ele>
                                    </trkpt>
                                                                                                                                                                                                                                    <trkpt lat="41.34537346236745" lon="69.79233142656388">
                                                                                                            <ele>0</ele>
                                    </trkpt>
                                                                                                                                                                                                                                    <trkpt lat="41.34537610013026" lon="69.79222354182546">
                                                                                                            <ele>0</ele>
                                    </trkpt>
                                                                                                                                                                                                                                    <trkpt lat="41.34533629904889" lon="69.79200758278449">
                                                                                                            <ele>0</ele>
                                    </trkpt>
                                                                                                                                                                                                                                    <trkpt lat="41.34524523301259" lon="69.79173698100418">
                                                                                                            <ele>0</ele>
                                    </trkpt>
                                                                                                                                                                                                                                    <trkpt lat="41.34500651297421" lon="69.79138300630763">
                                                                                                            <ele>0</ele>
                                    </trkpt>
                                                                                                                                                                                                                                    <trkpt lat="41.34493030856503" lon="69.79128883615883">
                                                                                                            <ele>0</ele>
                                    </trkpt>
                                                                                                                                                                                                                                    <trkpt lat="41.34470954180767" lon="69.79116284738814">
                                                                                                            <ele>0</ele>
                                    </trkpt>
                                                                                                                                                                                                                                    <trkpt lat="41.34481170276089" lon="69.79083200650244">
                                                                                                            <ele>0</ele>
                                    </trkpt>
                                                                                                                                                                                                                                    <trkpt lat="41.34489930877196" lon="69.79066888817535">
                                                                                                            <ele>0</ele>
                                    </trkpt>
                                                                                                                                                                                                                                    <trkpt lat="41.3450493466975" lon="69.79049165531333">
                                                                                                            <ele>0</ele>
                                    </trkpt>
                                                                                                                                                                                                                                    <trkpt lat="41.34515642583703" lon="69.79030992698991">
                                                                                                            <ele>0</ele>
                                    </trkpt>
                                                                                                                                                                                                                                    <trkpt lat="41.34520790687585" lon="69.78997074638713">
                                                                                                            <ele>0</ele>
                                    </trkpt>
                                                                                                                                                                                                                                    <trkpt lat="41.34512554738393" lon="69.78979652228985">
                                                                                                            <ele>0</ele>
                                    </trkpt>
                                                                                                                                                                                                                                    <trkpt lat="41.34507643172488" lon="69.78959758972174">
                                                                                                            <ele>0</ele>
                                    </trkpt>
                                                                                                                                                                                                                                    <trkpt lat="41.34500508458769" lon="69.78945102632716">
                                                                                                            <ele>0</ele>
                                    </trkpt>
                                                                                                                                                                                                                                    <trkpt lat="41.34499476452731" lon="69.78936257237093">
                                                                                                            <ele>0</ele>
                                    </trkpt>
                                                                                                                                                                                                                                    <trkpt lat="41.34478965821761" lon="69.78902061853579">
                                                                                                            <ele>0</ele>
                                    </trkpt>
                                                                                                                                                                                                                                    <trkpt lat="41.34466525557549" lon="69.78886401157249">
                                                                                                            <ele>0</ele>
                                    </trkpt>
                                                                                                                                                                                                                                    <trkpt lat="41.34465951416749" lon="69.78880010756309">
                                                                                                            <ele>0</ele>
                                    </trkpt>
                                                                                                                                                                                                                                    <trkpt lat="41.3446112105067" lon="69.78864277907265">
                                                                                                            <ele>0</ele>
                                    </trkpt>
                                                                                                                                                                                                                                    <trkpt lat="41.34450463185592" lon="69.78842493039934">
                                                                                                            <ele>0</ele>
                                    </trkpt>
                                                                                                                                                                                                                                    <trkpt lat="41.34440316524826" lon="69.78828581835448">
                                                                                                            <ele>0</ele>
                                    </trkpt>
                                                                                                                                                                                                                                    <trkpt lat="41.34434501505815" lon="69.78812419275364">
                                                                                                            <ele>0</ele>
                                    </trkpt>
                                                                                                                                                                                                                                    <trkpt lat="41.34429505269709" lon="69.78803327195283">
                                                                                                            <ele>0</ele>
                                    </trkpt>
                                                                                                                                                                                                                                    <trkpt lat="41.34427086141271" lon="69.78793854716761">
                                                                                                            <ele>0</ele>
                                    </trkpt>
                                                                                                                                                                                                                                    <trkpt lat="41.34423453072696" lon="69.78789320846209">
                                                                                                            <ele>0</ele>
                                    </trkpt>
                                                                                                                                                                                                                                    <trkpt lat="41.34420486886067" lon="69.78780933560107">
                                                                                                            <ele>0</ele>
                                    </trkpt>
                                                                                                                                                                                                                                    <trkpt lat="41.34415041037322" lon="69.78774178384666">
                                                                                                            <ele>0</ele>
                                    </trkpt>
                                                                                                                                                                                                                                    <trkpt lat="41.34412832455235" lon="69.7876201009251">
                                                                                                            <ele>0</ele>
                                    </trkpt>
                                                                                                                                                                                                                                    <trkpt lat="41.34407955306769" lon="69.78751825174183">
                                                                                                            <ele>0</ele>
                                    </trkpt>
                                                                                                                                                                                                                                    <trkpt lat="41.3440409948708" lon="69.7873751826973">
                                                                                                            <ele>0</ele>
                                    </trkpt>
                                                                                                                                                                                                                                    <trkpt lat="41.34400638903607" lon="69.78720163385849">
                                                                                                            <ele>0</ele>
                                    </trkpt>
                                                                                                                                                                                                                                    <trkpt lat="41.34400818499" lon="69.78707181200114">
                                                                                                            <ele>0</ele>
                                    </trkpt>
                                                                                                                                                                                                                                    <trkpt lat="41.34397945296342" lon="69.78696814798107">
                                                                                                            <ele>0</ele>
                                    </trkpt>
                                                                                                                                                                                                                                    <trkpt lat="41.34401879662625" lon="69.78675660568499">
                                                                                                            <ele>0</ele>
                                    </trkpt>
                                                                                                                                                                                                                                    <trkpt lat="41.34414714172453" lon="69.78646900176369">
                                                                                                            <ele>0</ele>
                                    </trkpt>
                                                                                                                                                                                                                                    <trkpt lat="41.34429162478584" lon="69.78625278891738">
                                                                                                            <ele>0</ele>
                                    </trkpt>
                                                                                                                                                                                                                                    <trkpt lat="41.34455913912729" lon="69.78603218672406">
                                                                                                            <ele>0</ele>
                                    </trkpt>
                                                                                                                                                                                                                                    <trkpt lat="41.34462947735334" lon="69.78592902480298">
                                                                                                            <ele>0</ele>
                                    </trkpt>
                                                                                                                                                                                                                                    <trkpt lat="41.34479780539576" lon="69.78577082229883">
                                                                                                            <ele>0</ele>
                                    </trkpt>
                                                                                                                                                                                                                                    <trkpt lat="41.345154632849" lon="69.78557936664103">
                                                                                                            <ele>0</ele>
                                    </trkpt>
                                                                                                                                                                                                                                    <trkpt lat="41.34523829337794" lon="69.78556284974374">
                                                                                                            <ele>0</ele>
                                    </trkpt>
                                                                                                                                                                                                                                    <trkpt lat="41.34574156031623" lon="69.78557857047043">
                                                                                                            <ele>0</ele>
                                    </trkpt>
                                                                                                                                                                                                                                    <trkpt lat="41.34588480864024" lon="69.78559813087094">
                                                                                                            <ele>0</ele>
                                    </trkpt>
                                                                                                                                                                                                                                    <trkpt lat="41.34607567789944" lon="69.78567123684135">
                                                                                                            <ele>0</ele>
                                    </trkpt>
                                                                                                                                                                                                                                    <trkpt lat="41.34622923022962" lon="69.78569413368682">
                                                                                                            <ele>0</ele>
                                    </trkpt>
                                                                                                                                                                                                                                    <trkpt lat="41.34694287023998" lon="69.78572677494874">
                                                                                                            <ele>0</ele>
                                    </trkpt>
                                                                                                                                                                                                                                    <trkpt lat="41.34704643493927" lon="69.78575478652731">
                                                                                                            <ele>0</ele>
                                    </trkpt>
                                                                                                                                                                                                                                    <trkpt lat="41.34729416829569" lon="69.78568926908255">
                                                                                                            <ele>0</ele>
                                    </trkpt>
                                                                                                                                                                                                                                    <trkpt lat="41.34738791585614" lon="69.78562298917113">
                                                                                                            <ele>0</ele>
                                    </trkpt>
                                                                                                                                                                                                                                    <trkpt lat="41.34749005031058" lon="69.78551653736596">
                                                                                                            <ele>0</ele>
                                    </trkpt>
                                                                                                                                                                                                                                    <trkpt lat="41.34771228551278" lon="69.78521575516059">
                                                                                                            <ele>0</ele>
                                    </trkpt>
                                                                                                                                                                                                                                    <trkpt lat="41.34787890827389" lon="69.78502221521221">
                                                                                                            <ele>0</ele>
                                    </trkpt>
                                                                                                                                                                                                                                    <trkpt lat="41.34812614911974" lon="69.78451323436803">
                                                                                                            <ele>0</ele>
                                    </trkpt>
                                                                                                                                                                                                                                    <trkpt lat="41.34816035204592" lon="69.78433916249958">
                                                                                                            <ele>0</ele>
                                    </trkpt>
                                                                                                                                                                                                                                    <trkpt lat="41.34826316073316" lon="69.78412697522421">
                                                                                                            <ele>0</ele>
                                    </trkpt>
                                                                                                                                                                                                                                    <trkpt lat="41.34827199682799" lon="69.78404457631167">
                                                                                                            <ele>0</ele>
                                    </trkpt>
                                                                                                                                                                                                                                    <trkpt lat="41.34831161100039" lon="69.78395274393856">
                                                                                                            <ele>0</ele>
                                    </trkpt>
                                                                                                                                                                                                                                    <trkpt lat="41.34884401929683" lon="69.78366467529936">
                                                                                                            <ele>0</ele>
                                    </trkpt>
                                                                                                                                                                                                                                    <trkpt lat="41.34879714113821" lon="69.78410199704223">
                                                                                                            <ele>0</ele>
                                    </trkpt>
                                                                                                                                                                                                                                    <trkpt lat="41.34882251309024" lon="69.78450982361588">
                                                                                                            <ele>0</ele>
                                    </trkpt>
                                                                                                                                                                                                                                    <trkpt lat="41.34886969131676" lon="69.78488136399667">
                                                                                                            <ele>0</ele>
                                    </trkpt>
                                                                                                                                                                                                                                    <trkpt lat="41.34888073553726" lon="69.78533911469957">
                                                                                                            <ele>0</ele>
                                    </trkpt>
                                                                                                                                                                                                                                    <trkpt lat="41.3489048573939" lon="69.78545667592157">
                                                                                                            <ele>0</ele>
                                    </trkpt>
                                                                                                                                                                                                                                    <trkpt lat="41.34901793527154" lon="69.78548597409684">
                                                                                                            <ele>0</ele>
                                    </trkpt>
                                                                                                                                                                                                                                    <trkpt lat="41.34920237190768" lon="69.78546304585522">
                                                                                                            <ele>0</ele>
                                    </trkpt>
                                                                                                                                                                                                                                    <trkpt lat="41.34939247295019" lon="69.78539737256715">
                                                                                                            <ele>0</ele>
                                    </trkpt>
                                                                                                                                                                                                                                    <trkpt lat="41.34966684702447" lon="69.78517275246477">
                                                                                                            <ele>0</ele>
                                    </trkpt>
                                                                                                                                                                                                                                    <trkpt lat="41.35043235679893" lon="69.78467169914744">
                                                                                                            <ele>0</ele>
                                    </trkpt>
                                                                                                                                                                                                                                    <trkpt lat="41.35075490320807" lon="69.78451472599617">
                                                                                                            <ele>0</ele>
                                    </trkpt>
                                                                                                                                                                                                                                    <trkpt lat="41.35086143037841" lon="69.7845031886109">
                                                                                                            <ele>0</ele>
                                    </trkpt>
                                                                                                                                                                                                                                    <trkpt lat="41.35110109976647" lon="69.78434693048058">
                                                                                                            <ele>0</ele>
                                    </trkpt>
                                                                                                                                                                                                                                    <trkpt lat="41.35150792967121" lon="69.78422524582311">
                                                                                                            <ele>0</ele>
                                    </trkpt>
                                                                                                                                                                                                                                    <trkpt lat="41.3515898401923" lon="69.78423530327314">
                                                                                                            <ele>0</ele>
                                    </trkpt>
                                                                                                                                                                                                                                    <trkpt lat="41.35165145691453" lon="69.78427468379819">
                                                                                                            <ele>0</ele>
                                    </trkpt>
                                                                                                                                                                                                                                    <trkpt lat="41.35180751542521" lon="69.7843885850684">
                                                                                                            <ele>0</ele>
                                    </trkpt>
                                                                                                                                                                                                                                    <trkpt lat="41.35198269819305" lon="69.78455977848787">
                                                                                                            <ele>0</ele>
                                    </trkpt>
                                                                                                                                                                                                                                    <trkpt lat="41.35203763529364" lon="69.78472520730043">
                                                                                                            <ele>0</ele>
                                    </trkpt>
                                                                                                                                                                                                                                    <trkpt lat="41.35214387726385" lon="69.78530418214665">
                                                                                                            <ele>0</ele>
                                    </trkpt>
                                                                                                                                                                                                                                    <trkpt lat="41.35218372937649" lon="69.78545328100421">
                                                                                                            <ele>0</ele>
                                    </trkpt>
                                                                                                                                                                                                                                    <trkpt lat="41.3522291374259" lon="69.78551237051774">
                                                                                                            <ele>0</ele>
                                    </trkpt>
                                                                                                                                                                                                                                    <trkpt lat="41.35230897727929" lon="69.78550504560774">
                                                                                                            <ele>0</ele>
                                    </trkpt>
                                                                                                                                                                                                                                    <trkpt lat="41.35235816996043" lon="69.78546184351754">
                                                                                                            <ele>0</ele>
                                    </trkpt>
                                                                                                                                                                                                                                    <trkpt lat="41.35256251489965" lon="69.78515190346022">
                                                                                                            <ele>0</ele>
                                    </trkpt>
                                                                                                                                                                                                                                    <trkpt lat="41.35257071930685" lon="69.78499640006477">
                                                                                                            <ele>0</ele>
                                    </trkpt>
                                                                                                                                                                                                                                    <trkpt lat="41.35261360548851" lon="69.78490289531831">
                                                                                                            <ele>0</ele>
                                    </trkpt>
                                                                                                                                                                                                                                    <trkpt lat="41.35243246716036" lon="69.78462086538808">
                                                                                                            <ele>0</ele>
                                    </trkpt>
                                                                                                                                                                                                                                    <trkpt lat="41.35244211192695" lon="69.78455708981517">
                                                                                                            <ele>0</ele>
                                    </trkpt>
                                                                                                                                                                                                                                    <trkpt lat="41.35284443056987" lon="69.78419734958315">
                                                                                                            <ele>0</ele>
                                    </trkpt>
                                                                                                                                                                                                                                    <trkpt lat="41.35285149024179" lon="69.78416607374983">
                                                                                                            <ele>0</ele>
                                    </trkpt>
                                                                                                                                                                                                                                    <trkpt lat="41.35304213655272" lon="69.78397960019181">
                                                                                                            <ele>0</ele>
                                    </trkpt>
                                                                                                                                                                                                                                    <trkpt lat="41.35325822452545" lon="69.78393369722566">
                                                                                                            <ele>0</ele>
                                    </trkpt>
                                                                                                                                                                                                                                    <trkpt lat="41.35350340518792" lon="69.78439003909914">
                                                                                                            <ele>0</ele>
                                    </trkpt>
                                                                                                                                                                                                                                    <trkpt lat="41.353565859863" lon="69.78472323940483">
                                                                                                            <ele>0</ele>
                                    </trkpt>
                                                                                                                                                                                                                                    <trkpt lat="41.35372296579485" lon="69.78523423119466">
                                                                                                            <ele>0</ele>
                                    </trkpt>
                                                                                                                                                                                                                                    <trkpt lat="41.35373634450589" lon="69.78540361931074">
                                                                                                            <ele>0</ele>
                                    </trkpt>
                                                                                                                                                                                                                                    <trkpt lat="41.3538865563068" lon="69.78571641560978">
                                                                                                            <ele>0</ele>
                                    </trkpt>
                                                                                                                                                                                                                                    <trkpt lat="41.35394525666791" lon="69.7857977555464">
                                                                                                            <ele>0</ele>
                                    </trkpt>
                                                                                                                                                                                                                                    <trkpt lat="41.35405708681348" lon="69.78584664448944">
                                                                                                            <ele>0</ele>
                                    </trkpt>
                                                                                                                                                                                                                                    <trkpt lat="41.35409647014831" lon="69.78583442339554">
                                                                                                            <ele>0</ele>
                                    </trkpt>
                                                                                                                                                                                                                                    <trkpt lat="41.35419938324008" lon="69.78577385034531">
                                                                                                            <ele>0</ele>
                                    </trkpt>
                                                                                                                                                                                                                                    <trkpt lat="41.35429063591272" lon="69.78564359576932">
                                                                                                            <ele>0</ele>
                                    </trkpt>
                                                                                                                                                                                                                                    <trkpt lat="41.354305272632" lon="69.78552879117373">
                                                                                                            <ele>0</ele>
                                    </trkpt>
                                                                                                                                                                                                                                    <trkpt lat="41.35439949696677" lon="69.78523781599053">
                                                                                                            <ele>0</ele>
                                    </trkpt>
                                                                                                                                                                                                                                    <trkpt lat="41.35444290065826" lon="69.78504729459269">
                                                                                                            <ele>0</ele>
                                    </trkpt>
                                                                                                                                                                                                                                    <trkpt lat="41.35448520326" lon="69.78498443921654">
                                                                                                            <ele>0</ele>
                                    </trkpt>
                                                                                                                                                                                                                                    <trkpt lat="41.35452349822142" lon="69.78485872201297">
                                                                                                            <ele>0</ele>
                                    </trkpt>
                                                                                                                                                                                                                                    <trkpt lat="41.35475091252179" lon="69.78431317292595">
                                                                                                            <ele>0</ele>
                                    </trkpt>
                                                                                                                                                                                                                                    <trkpt lat="41.35489523463143" lon="69.78401403405887">
                                                                                                            <ele>0</ele>
                                    </trkpt>
                                                                                                                                                                                                                                    <trkpt lat="41.35491173578514" lon="69.7839661566499">
                                                                                                            <ele>0</ele>
                                    </trkpt>
                                                                                                                                                                                                                                    <trkpt lat="41.35491530598884" lon="69.78385050963416">
                                                                                                            <ele>0</ele>
                                    </trkpt>
                                                                                                                                                                                                                                    <trkpt lat="41.3549822287122" lon="69.78366199634158">
                                                                                                            <ele>0</ele>
                                    </trkpt>
                                                                                                                                                                                                                                    <trkpt lat="41.35533693066115" lon="69.78322389852565">
                                                                                                            <ele>0</ele>
                                    </trkpt>
                                                                                                                                                                                                                                    <trkpt lat="41.35537142170723" lon="69.78315565145797">
                                                                                                            <ele>0</ele>
                                    </trkpt>
                                                                                                                                                                                                                                    <trkpt lat="41.35536795845434" lon="69.78290048518602">
                                                                                                            <ele>0</ele>
                                    </trkpt>
                                                                                                                                                                                                                                    <trkpt lat="41.35543385514985" lon="69.78246826944344">
                                                                                                            <ele>0</ele>
                                    </trkpt>
                                                                                                                                                                                                                                    <trkpt lat="41.3555049720411" lon="69.78218018359554">
                                                                                                            <ele>0</ele>
                                    </trkpt>
                                                                                                                                                                                                                                    <trkpt lat="41.35555662831323" lon="69.78205510125072">
                                                                                                            <ele>0</ele>
                                    </trkpt>
                                                                                                                                                                                                                                    <trkpt lat="41.35568453006427" lon="69.78193195195654">
                                                                                                            <ele>0</ele>
                                    </trkpt>
                                                                                                                                                                                                                                    <trkpt lat="41.35594762861365" lon="69.78181197252357">
                                                                                                            <ele>0</ele>
                                    </trkpt>
                                                                                                                                                                                                                                    <trkpt lat="41.35616001838538" lon="69.78166834389852">
                                                                                                            <ele>0</ele>
                                    </trkpt>
                                                                                                                                                                                                                                    <trkpt lat="41.35630805338835" lon="69.78149333987335">
                                                                                                            <ele>0</ele>
                                    </trkpt>
                                                                                                                                                                                                                                    <trkpt lat="41.35640393161086" lon="69.78132281412491">
                                                                                                            <ele>0</ele>
                                    </trkpt>
                                                                                                                                                                                                                                    <trkpt lat="41.35638701711977" lon="69.78122395847593">
                                                                                                            <ele>0</ele>
                                    </trkpt>
                                                                                                                                                                                                                                    <trkpt lat="41.35628477129411" lon="69.78093320986268">
                                                                                                            <ele>0</ele>
                                    </trkpt>
                                                                                                                                                                                                                                    <trkpt lat="41.35624152732935" lon="69.78085048242815">
                                                                                                            <ele>0</ele>
                                    </trkpt>
                                                                                                                                                                                                                                    <trkpt lat="41.35606433674781" lon="69.78037185780896">
                                                                                                            <ele>0</ele>
                                    </trkpt>
                                                                                                                                                                                                                                    <trkpt lat="41.35608602248055" lon="69.78017004629214">
                                                                                                            <ele>0</ele>
                                    </trkpt>
                                                                                                                                                                                                                                    <trkpt lat="41.35613327321146" lon="69.78000609145397">
                                                                                                            <ele>0</ele>
                                    </trkpt>
                                                                                                                                                                                                                                    <trkpt lat="41.35625343735235" lon="69.77984550244302">
                                                                                                            <ele>0</ele>
                                    </trkpt>
                                                                                                                                                                                                                                    <trkpt lat="41.3565873856832" lon="69.77952031523097">
                                                                                                            <ele>0</ele>
                                    </trkpt>
                                                                                                                                                                                                                                    <trkpt lat="41.35663387057632" lon="69.77936097252068">
                                                                                                            <ele>0</ele>
                                    </trkpt>
                                                                                                                                                                                                                                    <trkpt lat="41.35661822253439" lon="69.77912336554655">
                                                                                                            <ele>0</ele>
                                    </trkpt>
                                                                                                                                                                                                                                    <trkpt lat="41.35655272176386" lon="69.77896530904768">
                                                                                                            <ele>0</ele>
                                    </trkpt>
                                                                                                                                                                                                                                    <trkpt lat="41.35628504141282" lon="69.7786203127187">
                                                                                                            <ele>0</ele>
                                    </trkpt>
                                                                                                                                                                                                                                    <trkpt lat="41.35600834937954" lon="69.77764213101361">
                                                                                                            <ele>0</ele>
                                    </trkpt>
                                                                                                                                                                                                                                    <trkpt lat="41.35599186759231" lon="69.77751567646568">
                                                                                                            <ele>0</ele>
                                    </trkpt>
                                                                                                                                                                                                                                    <trkpt lat="41.35600312637423" lon="69.77747698791441">
                                                                                                            <ele>0</ele>
                                    </trkpt>
                                                                                                                                                                                                                                    <trkpt lat="41.35596693481056" lon="69.77733185905183">
                                                                                                            <ele>0</ele>
                                    </trkpt>
                                                                                                                                                                                                                                    <trkpt lat="41.35597412238721" lon="69.77725825187457">
                                                                                                            <ele>0</ele>
                                    </trkpt>
                                                                                                                                                                                                                                    <trkpt lat="41.35595601865332" lon="69.77706557542568">
                                                                                                            <ele>0</ele>
                                    </trkpt>
                                                                                                                                                                                                                                    <trkpt lat="41.35590562481389" lon="69.77683589080314">
                                                                                                            <ele>0</ele>
                                    </trkpt>
                                                                                                                                                                                                                                    <trkpt lat="41.35596811281474" lon="69.77618338652294">
                                                                                                            <ele>0</ele>
                                    </trkpt>
                                                                                                                                                                                                                                    <trkpt lat="41.35596460600269" lon="69.77608060443427">
                                                                                                            <ele>0</ele>
                                    </trkpt>
                                                                                                                                                                                                                                    <trkpt lat="41.35592415874369" lon="69.77587598787039">
                                                                                                            <ele>0</ele>
                                    </trkpt>
                                                                                                                                                                                                                                    <trkpt lat="41.35590795322802" lon="69.77570827489647">
                                                                                                            <ele>0</ele>
                                    </trkpt>
                                                                                                                                                                                                                                    <trkpt lat="41.35587124012434" lon="69.77567463876876">
                                                                                                            <ele>0</ele>
                                    </trkpt>
                                                                                                                                                                                                                                    <trkpt lat="41.35580399939025" lon="69.77549142659278">
                                                                                                            <ele>0</ele>
                                    </trkpt>
                                                                                                                                                                                                                                    <trkpt lat="41.35575409962797" lon="69.77540328840509">
                                                                                                            <ele>0</ele>
                                    </trkpt>
                                                                                                                                                                                                                                    <trkpt lat="41.35543257334137" lon="69.77433968584474">
                                                                                                            <ele>0</ele>
                                    </trkpt>
                                                                                                                                                                                                                                    <trkpt lat="41.35528730743172" lon="69.77402134839049">
                                                                                                            <ele>0</ele>
                                    </trkpt>
                                                                                                                                                                                                                                    <trkpt lat="41.35524733604208" lon="69.7738928915845">
                                                                                                            <ele>0</ele>
                                    </trkpt>
                                                                                                                                                                                                                                    <trkpt lat="41.35516970356542" lon="69.77375295784742">
                                                                                                            <ele>0</ele>
                                    </trkpt>
                                                                                                                                                                                                                                    <trkpt lat="41.35517624529917" lon="69.77368308116699">
                                                                                                            <ele>0</ele>
                                    </trkpt>
                                                                                                                                                                                                                                    <trkpt lat="41.35514696963885" lon="69.77355465731659">
                                                                                                            <ele>0</ele>
                                    </trkpt>
                                                                                                                                                                                                                                    <trkpt lat="41.35514904995578" lon="69.77343628858179">
                                                                                                            <ele>0</ele>
                                    </trkpt>
                                                                                                                                                                                                                                    <trkpt lat="41.35510151801802" lon="69.77309384625968">
                                                                                                            <ele>0</ele>
                                    </trkpt>
                                                                                                                                                                                                                                    <trkpt lat="41.35509084103412" lon="69.77289056086175">
                                                                                                            <ele>0</ele>
                                    </trkpt>
                                                                                                                                                                                                                                    <trkpt lat="41.3551098805356" lon="69.77270289140748">
                                                                                                            <ele>0</ele>
                                    </trkpt>
                                                                                                                                                                                                                                    <trkpt lat="41.35509098172491" lon="69.77250166510441">
                                                                                                            <ele>0</ele>
                                    </trkpt>
                                                                                                                                                                                                                                    <trkpt lat="41.35511175187071" lon="69.7723915847039">
                                                                                                            <ele>0</ele>
                                    </trkpt>
                                                                                                                                                                                                                                    <trkpt lat="41.35510517738237" lon="69.77212405218928">
                                                                                                            <ele>0</ele>
                                    </trkpt>
                                                                                                                                                                                                                                    <trkpt lat="41.35514642098359" lon="69.77200624948149">
                                                                                                            <ele>0</ele>
                                    </trkpt>
                                                                                                                                                                                                                                    <trkpt lat="41.35516873041676" lon="69.77181930891682">
                                                                                                            <ele>0</ele>
                                    </trkpt>
                                                                                                                                                                                                                                    <trkpt lat="41.35518369140593" lon="69.77178685217788">
                                                                                                            <ele>0</ele>
                                    </trkpt>
                                                                                                                                                                                                                                    <trkpt lat="41.35519929878862" lon="69.77155950956727">
                                                                                                            <ele>0</ele>
                                    </trkpt>
                                                                                                                                                                                                                                    <trkpt lat="41.35531206065907" lon="69.77116153704095">
                                                                                                            <ele>0</ele>
                                    </trkpt>
                                                                                                                                                                                                                                    <trkpt lat="41.35537664556713" lon="69.77084099008071">
                                                                                                            <ele>0</ele>
                                    </trkpt>
                                                                                                                                                                                                                                    <trkpt lat="41.35538080700616" lon="69.77065981510144">
                                                                                                            <ele>0</ele>
                                    </trkpt>
                                                                                                                                                                                                                                    <trkpt lat="41.35546116698075" lon="69.7705389329916">
                                                                                                            <ele>0</ele>
                                    </trkpt>
                                                                                                                                                                                                                                    <trkpt lat="41.35571767011758" lon="69.7704394637915">
                                                                                                            <ele>0</ele>
                                    </trkpt>
                                                                                                                                                                                                                                    <trkpt lat="41.35593983486181" lon="69.77027601472548">
                                                                                                            <ele>0</ele>
                                    </trkpt>
                                                                                                                                                                                                                                    <trkpt lat="41.35601402368317" lon="69.7702545353734">
                                                                                                            <ele>0</ele>
                                    </trkpt>
                                                                                                                                                                                                                                    <trkpt lat="41.3561639771882" lon="69.76959447514983">
                                                                                                            <ele>0</ele>
                                    </trkpt>
                                                                                                                                                                                                                                    <trkpt lat="41.35612642930737" lon="69.76941182807286">
                                                                                                            <ele>0</ele>
                                    </trkpt>
                                                                                                                                                                                                                                    <trkpt lat="41.35612943400632" lon="69.76934040555277">
                                                                                                            <ele>0</ele>
                                    </trkpt>
                                                                                                                                                                                                                                    <trkpt lat="41.35610541253267" lon="69.76928102248864">
                                                                                                            <ele>0</ele>
                                    </trkpt>
                                                                                                                                                                                                                                    <trkpt lat="41.35604545743089" lon="69.76920753721402">
                                                                                                            <ele>0</ele>
                                    </trkpt>
                                                                                                                                                                                                                                    <trkpt lat="41.35595207233923" lon="69.76893760853967">
                                                                                                            <ele>0</ele>
                                    </trkpt>
                                                                                                                                                                                                                                    <trkpt lat="41.35592751866142" lon="69.76870566127825">
                                                                                                            <ele>0</ele>
                                    </trkpt>
                                                                                                                                                                                                                                    <trkpt lat="41.35596908064943" lon="69.76850921934309">
                                                                                                            <ele>0</ele>
                                    </trkpt>
                                                                                                                                                                                                                                    <trkpt lat="41.35599446442904" lon="69.76821309686844">
                                                                                                            <ele>0</ele>
                                    </trkpt>
                                                                                                                                                                                                                                    <trkpt lat="41.35598331435554" lon="69.76795663477871">
                                                                                                            <ele>0</ele>
                                    </trkpt>
                                                                                                                                                                                                                                    <trkpt lat="41.35601863689885" lon="69.76746630533493">
                                                                                                            <ele>0</ele>
                                    </trkpt>
                                                                                                                                                                                                                                    <trkpt lat="41.35601688284456" lon="69.76694767149945">
                                                                                                            <ele>0</ele>
                                    </trkpt>
                                                                                                                                                                                                                                    <trkpt lat="41.35600272206595" lon="69.76675994005913">
                                                                                                            <ele>0</ele>
                                    </trkpt>
                                                                                                                                                                                                                                    <trkpt lat="41.35598050068098" lon="69.76669489837789">
                                                                                                            <ele>0</ele>
                                    </trkpt>
                                                                                                                                                                                                                                    <trkpt lat="41.35568942150396" lon="69.76616111299836">
                                                                                                            <ele>0</ele>
                                    </trkpt>
                                                                                                                                                                                                                                    <trkpt lat="41.3553667282438" lon="69.76525957268082">
                                                                                                            <ele>0</ele>
                                    </trkpt>
                                                                                                                                                                                                                                    <trkpt lat="41.35530513582298" lon="69.76485965364212">
                                                                                                            <ele>0</ele>
                                    </trkpt>
                                                                                                                                                                                                                                    <trkpt lat="41.35539092021738" lon="69.7643189393857">
                                                                                                            <ele>0</ele>
                                    </trkpt>
                                                                                                                                                                                                                                    <trkpt lat="41.3553904623739" lon="69.76419775362011">
                                                                                                            <ele>0</ele>
                                    </trkpt>
                                                                                                                                                                                                                                    <trkpt lat="41.35528551931545" lon="69.76349751605285">
                                                                                                            <ele>0</ele>
                                    </trkpt>
                                                                                                                                                                                                                                    <trkpt lat="41.35524549420816" lon="69.76343701267739">
                                                                                                            <ele>0</ele>
                                    </trkpt>
                                                                                                                                                                                                                                    <trkpt lat="41.3551544313888" lon="69.7631911936616">
                                                                                                            <ele>0</ele>
                                    </trkpt>
                                                                                                                                                                                                                                    <trkpt lat="41.35503446436667" lon="69.7629973394352">
                                                                                                            <ele>0</ele>
                                    </trkpt>
                                                                                                                                                                                                                                    <trkpt lat="41.35489360694815" lon="69.76261403451595">
                                                                                                            <ele>0</ele>
                                    </trkpt>
                                                                                                                                                                                                                                    <trkpt lat="41.35428286219154" lon="69.76164833220672">
                                                                                                            <ele>0</ele>
                                    </trkpt>
                                                                                                                                                                                                                                    <trkpt lat="41.3542139920278" lon="69.76149382312327">
                                                                                                            <ele>0</ele>
                                    </trkpt>
                                                                                                                                                                                                                                    <trkpt lat="41.35412606729777" lon="69.76145192833526">
                                                                                                            <ele>0</ele>
                                    </trkpt>
                                                                                                                                                                                                                                    <trkpt lat="41.35402760718481" lon="69.76121316090445">
                                                                                                            <ele>0</ele>
                                    </trkpt>
                                                                                                                                                                                                                                    <trkpt lat="41.35370234353287" lon="69.76085113048637">
                                                                                                            <ele>0</ele>
                                    </trkpt>
                                                                                                                                                                                                                                    <trkpt lat="41.35359158735086" lon="69.7606883561744">
                                                                                                            <ele>0</ele>
                                    </trkpt>
                                                                                                                                                                                                                                    <trkpt lat="41.35342034077689" lon="69.76051536985797">
                                                                                                            <ele>0</ele>
                                    </trkpt>
                                                                                                                                                                                                                                    <trkpt lat="41.35323888017771" lon="69.76020310109394">
                                                                                                            <ele>0</ele>
                                    </trkpt>
                                                                                                                                                                                                                                    <trkpt lat="41.35321073319987" lon="69.7601223009043">
                                                                                                            <ele>0</ele>
                                    </trkpt>
                                                                                                                                                                                                                                    <trkpt lat="41.35322611700013" lon="69.76006524293607">
                                                                                                            <ele>0</ele>
                                    </trkpt>
                                                                                                                                                                                                                                    <trkpt lat="41.35327285582058" lon="69.7599989967436">
                                                                                                            <ele>0</ele>
                                    </trkpt>
                                                                                                                                                                                                                                    <trkpt lat="41.35333824862511" lon="69.75996428001217">
                                                                                                            <ele>0</ele>
                                    </trkpt>
                                                                                                                                                                                                                                    <trkpt lat="41.35359611690317" lon="69.76015245989275">
                                                                                                            <ele>0</ele>
                                    </trkpt>
                                                                                                                                                                                                                                    <trkpt lat="41.35380406378275" lon="69.76021409126182">
                                                                                                            <ele>0</ele>
                                    </trkpt>
                                                                                                                                                                                                                                    <trkpt lat="41.35385211111458" lon="69.76024604798697">
                                                                                                            <ele>0</ele>
                                    </trkpt>
                                                                                                                                                                                                                                    <trkpt lat="41.35385838966204" lon="69.7600168961002">
                                                                                                            <ele>0</ele>
                                    </trkpt>
                                                                                                                                                                                                                                    <trkpt lat="41.35390336215079" lon="69.75984687273231">
                                                                                                            <ele>0</ele>
                                    </trkpt>
                                                                                                                                                                                                                                    <trkpt lat="41.35391473043471" lon="69.75961354333117">
                                                                                                            <ele>0</ele>
                                    </trkpt>
                                                                                                                                                                                                                                    <trkpt lat="41.35381486204896" lon="69.75886631122319">
                                                                                                            <ele>0</ele>
                                    </trkpt>
                                                                                                                                                                                                                                    <trkpt lat="41.35381780348995" lon="69.75847244871154">
                                                                                                            <ele>0</ele>
                                    </trkpt>
                                                                                                                                                                                                                                    <trkpt lat="41.35383571807594" lon="69.75832057202959">
                                                                                                            <ele>0</ele>
                                    </trkpt>
                                                                                                                                                                                                                                    <trkpt lat="41.35388450822147" lon="69.75803983100616">
                                                                                                            <ele>0</ele>
                                    </trkpt>
                                                                                                                                                                                                                                    <trkpt lat="41.35399482976285" lon="69.75767959255136">
                                                                                                            <ele>0</ele>
                                    </trkpt>
                                                                                                                                                                                                                                    <trkpt lat="41.35402372982527" lon="69.75763434801145">
                                                                                                            <ele>0</ele>
                                    </trkpt>
                                                                                                                                                                                                                                    <trkpt lat="41.35406068208365" lon="69.75749912376384">
                                                                                                            <ele>0</ele>
                                    </trkpt>
                                                                                                                                                                                                                                    <trkpt lat="41.35412623679972" lon="69.75735509431847">
                                                                                                            <ele>0</ele>
                                    </trkpt>
                                                                                                                                                                                                                                    <trkpt lat="41.35418311862489" lon="69.75714673070152">
                                                                                                            <ele>0</ele>
                                    </trkpt>
                                                                                                                                                                                                                                    <trkpt lat="41.35443039953994" lon="69.75655048185818">
                                                                                                            <ele>0</ele>
                                    </trkpt>
                                                                                                                                                                                                                                    <trkpt lat="41.35442255359114" lon="69.7556884921987">
                                                                                                            <ele>0</ele>
                                    </trkpt>
                                                                                                                                                                                                                                    <trkpt lat="41.35434378271787" lon="69.75518659782827">
                                                                                                            <ele>0</ele>
                                    </trkpt>
                                                                                                                                                                                                                                    <trkpt lat="41.35433237994187" lon="69.75503017796993">
                                                                                                            <ele>0</ele>
                                    </trkpt>
                                                                                                                                                                                                                                    <trkpt lat="41.3543495506974" lon="69.75486060662637">
                                                                                                            <ele>0</ele>
                                    </trkpt>
                                                                                                                                                                                                                                    <trkpt lat="41.35443037772065" lon="69.75463589652222">
                                                                                                            <ele>0</ele>
                                    </trkpt>
                                                                                                                                                                                                                                    <trkpt lat="41.35472913313438" lon="69.7539684432152">
                                                                                                            <ele>0</ele>
                                    </trkpt>
                                                                                                                                                                                                                                    <trkpt lat="41.35498351510477" lon="69.75354458760114">
                                                                                                            <ele>0</ele>
                                    </trkpt>
                                                                                                                                                                                                                                    <trkpt lat="41.35517023182322" lon="69.75315189836286">
                                                                                                            <ele>0</ele>
                                    </trkpt>
                                                                                                                                                                                                                                    <trkpt lat="41.35530679784102" lon="69.75280462786097">
                                                                                                            <ele>0</ele>
                                    </trkpt>
                                                                                                                                                                                                                                    <trkpt lat="41.3553510217799" lon="69.75258060935768">
                                                                                                            <ele>0</ele>
                                    </trkpt>
                                                                                                                                                                                                                                    <trkpt lat="41.35535616974113" lon="69.75242641105795">
                                                                                                            <ele>0</ele>
                                    </trkpt>
                                                                                                                                                                                                                                    <trkpt lat="41.35533573351178" lon="69.75228099224583">
                                                                                                            <ele>0</ele>
                                    </trkpt>
                                                                                                                                                                                                                                    <trkpt lat="41.35528655699654" lon="69.75213516003353">
                                                                                                            <ele>0</ele>
                                    </trkpt>
                                                                                                                                                                                                                                    <trkpt lat="41.35526317062801" lon="69.75193934315914">
                                                                                                            <ele>0</ele>
                                    </trkpt>
                                                                                                                                                                                                                                    <trkpt lat="41.35518819773142" lon="69.75159699015826">
                                                                                                            <ele>0</ele>
                                    </trkpt>
                                                                                                                                                                                                                                    <trkpt lat="41.35517778538177" lon="69.75148961413336">
                                                                                                            <ele>0</ele>
                                    </trkpt>
                                                                                                                                                                                                                                    <trkpt lat="41.35513562280485" lon="69.75133421496963">
                                                                                                            <ele>0</ele>
                                    </trkpt>
                                                                                                                                                                                                                                    <trkpt lat="41.35457464286467" lon="69.75013788114858">
                                                                                                            <ele>0</ele>
                                    </trkpt>
                                                                                                                                                                                                                                    <trkpt lat="41.35449904279302" lon="69.74988971402723">
                                                                                                            <ele>0</ele>
                                    </trkpt>
                                                                                                                                                                                                                                    <trkpt lat="41.35446378481887" lon="69.74982101530968">
                                                                                                            <ele>0</ele>
                                    </trkpt>
                                                                                                                                                                                                                                    <trkpt lat="41.35441938216354" lon="69.7496399990756">
                                                                                                            <ele>0</ele>
                                    </trkpt>
                                                                                                                                                                                                                                    <trkpt lat="41.35430465559565" lon="69.74934774001743">
                                                                                                            <ele>0</ele>
                                    </trkpt>
                                                                                                                                                                                                                                    <trkpt lat="41.35407073492811" lon="69.74898398099835">
                                                                                                            <ele>0</ele>
                                    </trkpt>
                                                                                                                                                                                                                                    <trkpt lat="41.35399431294161" lon="69.74870997999399">
                                                                                                            <ele>0</ele>
                                    </trkpt>
                                                                                                                                                                                                                                    <trkpt lat="41.3539835587991" lon="69.74841417690563">
                                                                                                            <ele>0</ele>
                                    </trkpt>
                                                                                                                                                                                                                                    <trkpt lat="41.35399615561422" lon="69.74823532813279">
                                                                                                            <ele>0</ele>
                                    </trkpt>
                                                                                                                                                                                                                                    <trkpt lat="41.35396103794221" lon="69.74801539556167">
                                                                                                            <ele>0</ele>
                                    </trkpt>
                                                                                                                                                                                                                                    <trkpt lat="41.35399012538442" lon="69.74756625121897">
                                                                                                            <ele>0</ele>
                                    </trkpt>
                                                                                                                                                                                                                                    <trkpt lat="41.3540246002584" lon="69.74726355010631">
                                                                                                            <ele>0</ele>
                                    </trkpt>
                                                                                                                                                                                                                                    <trkpt lat="41.35412586484986" lon="69.74700987117497">
                                                                                                            <ele>0</ele>
                                    </trkpt>
                                                                                                                                                                                                                                    <trkpt lat="41.35395850201662" lon="69.74675734078812">
                                                                                                            <ele>0</ele>
                                    </trkpt>
                                                                                                                                                                                                                                    <trkpt lat="41.35394658675273" lon="69.746504448919">
                                                                                                            <ele>0</ele>
                                    </trkpt>
                                                                                                                                                                                                                                    <trkpt lat="41.35389269632636" lon="69.74643597288576">
                                                                                                            <ele>0</ele>
                                    </trkpt>
                                                                                                                                                                                                                                    <trkpt lat="41.35387405108256" lon="69.74635555289593">
                                                                                                            <ele>0</ele>
                                    </trkpt>
                                                                                                                                                                                                                                    <trkpt lat="41.35439348559853" lon="69.74592020365189">
                                                                                                            <ele>0</ele>
                                    </trkpt>
                                                                                                                                                                                                                                    <trkpt lat="41.35453893036073" lon="69.74567951751398">
                                                                                                            <ele>0</ele>
                                    </trkpt>
                                                                                                                                                                                                                                    <trkpt lat="41.35462071445456" lon="69.74547428931233">
                                                                                                            <ele>0</ele>
                                    </trkpt>
                                                                                                                                                                                                                                    <trkpt lat="41.35469172879907" lon="69.74534779934928">
                                                                                                            <ele>0</ele>
                                    </trkpt>
                                                                                                                                                                                                                                    <trkpt lat="41.35482068693945" lon="69.74522294541627">
                                                                                                            <ele>0</ele>
                                    </trkpt>
                                                                                                                                                                                                                                    <trkpt lat="41.35492313063367" lon="69.74508256819058">
                                                                                                            <ele>0</ele>
                                    </trkpt>
                                                                                                                                                                                                                                    <trkpt lat="41.35536040688371" lon="69.74437194577055">
                                                                                                            <ele>0</ele>
                                    </trkpt>
                                                                                                                                                                                                                                    <trkpt lat="41.35545053332842" lon="69.74389611672724">
                                                                                                            <ele>0</ele>
                                    </trkpt>
                                                                                                                                                                                                                                    <trkpt lat="41.3554524799964" lon="69.74376810081596">
                                                                                                            <ele>0</ele>
                                    </trkpt>
                                                                                                                                                                                                                                    <trkpt lat="41.35539137707334" lon="69.74356620359224">
                                                                                                            <ele>0</ele>
                                    </trkpt>
                                                                                                                                                                                                                                    <trkpt lat="41.35538591576253" lon="69.74347781699234">
                                                                                                            <ele>0</ele>
                                    </trkpt>
                                                                                                                                                                                                                                    <trkpt lat="41.35543043100592" lon="69.74304187924604">
                                                                                                            <ele>0</ele>
                                    </trkpt>
                                                                                                                                                                                                                                    <trkpt lat="41.35546473181005" lon="69.74292230667004">
                                                                                                            <ele>0</ele>
                                    </trkpt>
                                                                                                                                                                                                                                    <trkpt lat="41.35574155388635" lon="69.74242221264666">
                                                                                                            <ele>0</ele>
                                    </trkpt>
                                                                                                                                                                                                                                    <trkpt lat="41.35588346081163" lon="69.74211001990926">
                                                                                                            <ele>0</ele>
                                    </trkpt>
                                                                                                                                                                                                                                    <trkpt lat="41.35591504063496" lon="69.74191905001881">
                                                                                                            <ele>0</ele>
                                    </trkpt>
                                                                                                                                                                                                                                    <trkpt lat="41.35592352913408" lon="69.74173612456002">
                                                                                                            <ele>0</ele>
                                    </trkpt>
                                                                                                                                                                                                                                    <trkpt lat="41.35609361772676" lon="69.74097963488475">
                                                                                                            <ele>0</ele>
                                    </trkpt>
                                                                                                                                                                                                                                    <trkpt lat="41.35628110778943" lon="69.74034216153586">
                                                                                                            <ele>0</ele>
                                    </trkpt>
                                                                                                                                                                                                                                    <trkpt lat="41.35654344036764" lon="69.73979904661873">
                                                                                                            <ele>0</ele>
                                    </trkpt>
                                                                                                                                                                                                                                    <trkpt lat="41.35705193105613" lon="69.73887239072319">
                                                                                                            <ele>0</ele>
                                    </trkpt>
                                                                                                                                                                                                                                    <trkpt lat="41.35715757609336" lon="69.73851572724469">
                                                                                                            <ele>0</ele>
                                    </trkpt>
                                                                                                                                                                                                                                    <trkpt lat="41.3572501110606" lon="69.73826570036252">
                                                                                                            <ele>0</ele>
                                    </trkpt>
                                                                                                                                                                                                                                    <trkpt lat="41.35755159145688" lon="69.73763821405974">
                                                                                                            <ele>0</ele>
                                    </trkpt>
                                                                                                                                                                                                                                    <trkpt lat="41.3577193327439" lon="69.73736752755724">
                                                                                                            <ele>0</ele>
                                    </trkpt>
                                                                                                                                                                                                                                    <trkpt lat="41.35790855760403" lon="69.73714134452798">
                                                                                                            <ele>0</ele>
                                    </trkpt>
                                                                                                                                                                                                                                    <trkpt lat="41.35804713150537" lon="69.73689793631117">
                                                                                                            <ele>0</ele>
                                    </trkpt>
                                                                                                                                                                                                                                    <trkpt lat="41.35813658831084" lon="69.73659563531126">
                                                                                                            <ele>0</ele>
                                    </trkpt>
                                                                                                                                                                                                                                    <trkpt lat="41.35816050792955" lon="69.73638537963396">
                                                                                                            <ele>0</ele>
                                    </trkpt>
                                                                                                                                                                                                                                    <trkpt lat="41.35819935664329" lon="69.73620506511665">
                                                                                                            <ele>0</ele>
                                    </trkpt>
                                                                                                                                                                                                                                    <trkpt lat="41.35826872150723" lon="69.7361027356466">
                                                                                                            <ele>0</ele>
                                    </trkpt>
                                                                                                                                                                                                                                    <trkpt lat="41.35832822763552" lon="69.73590685783363">
                                                                                                            <ele>0</ele>
                                    </trkpt>
                                                                                                                                                                                                                                    <trkpt lat="41.35836231475885" lon="69.73561581874952">
                                                                                                            <ele>0</ele>
                                    </trkpt>
                                                                                                                                                                                                                                    <trkpt lat="41.35841057986103" lon="69.73542494094781">
                                                                                                            <ele>0</ele>
                                    </trkpt>
                                                                                                                                                                                                                                    <trkpt lat="41.35846791627939" lon="69.73527477835191">
                                                                                                            <ele>0</ele>
                                    </trkpt>
                                                                                                                                                                                                                                    <trkpt lat="41.35855953538565" lon="69.7351614815416">
                                                                                                            <ele>0</ele>
                                    </trkpt>
                                                                                                                                                                                                                                    <trkpt lat="41.35870584104096" lon="69.73488980003025">
                                                                                                            <ele>0</ele>
                                    </trkpt>
                                                                                                                                                                                                                                    <trkpt lat="41.35898331124153" lon="69.73470030097026">
                                                                                                            <ele>0</ele>
                                    </trkpt>
                                                                                                                                                                                                                                    <trkpt lat="41.35909458528279" lon="69.73467760745967">
                                                                                                            <ele>0</ele>
                                    </trkpt>
                                                                                                                                                                                                                                    <trkpt lat="41.3592026055052" lon="69.73471970049387">
                                                                                                            <ele>0</ele>
                                    </trkpt>
                                                                                                                                                                                                                                    <trkpt lat="41.35921842065532" lon="69.73476416414991">
                                                                                                            <ele>0</ele>
                                    </trkpt>
                                                                                                                                                                                                                                    <trkpt lat="41.3594317218867" lon="69.73506953608103">
                                                                                                            <ele>0</ele>
                                    </trkpt>
                                                                                                                                                                                                                                    <trkpt lat="41.35953400265846" lon="69.73514320945189">
                                                                                                            <ele>0</ele>
                                    </trkpt>
                                                                                                                                                                                                                                    <trkpt lat="41.35957663214017" lon="69.73511749197876">
                                                                                                            <ele>0</ele>
                                    </trkpt>
                                                                                                                                                                                                                                    <trkpt lat="41.35966567540327" lon="69.73492424379785">
                                                                                                            <ele>0</ele>
                                    </trkpt>
                                                                                                                                                                                                                                    <trkpt lat="41.35970708104366" lon="69.73474588401734">
                                                                                                            <ele>0</ele>
                                    </trkpt>
                                                                                                                                                                                                                                    <trkpt lat="41.35975090819003" lon="69.7344033995943">
                                                                                                            <ele>0</ele>
                                    </trkpt>
                                                                                                                                                                                                                                    <trkpt lat="41.35973190804931" lon="69.73395956832064">
                                                                                                            <ele>0</ele>
                                    </trkpt>
                                                                                                                                                                                                                                    <trkpt lat="41.35976799807116" lon="69.73330576067394">
                                                                                                            <ele>0</ele>
                                    </trkpt>
                                                                                                                                                                                                                                    <trkpt lat="41.3600606854117" lon="69.73225606994738">
                                                                                                            <ele>0</ele>
                                    </trkpt>
                                                                                                                                                                                                                                    <trkpt lat="41.36078139417197" lon="69.73098280190102">
                                                                                                            <ele>0</ele>
                                    </trkpt>
                                                                                                                                                                                                                                    <trkpt lat="41.36087511270114" lon="69.73081097558322">
                                                                                                            <ele>0</ele>
                                    </trkpt>
                                                                                                                                                                                                                                    <trkpt lat="41.36092840458183" lon="69.73067220656833">
                                                                                                            <ele>0</ele>
                                    </trkpt>
                                                                                                                                                                                                                                    <trkpt lat="41.36094375207563" lon="69.7305185771399">
                                                                                                            <ele>0</ele>
                                    </trkpt>
                                                                                                                                                                                                                                    <trkpt lat="41.36093527373929" lon="69.73041591675197">
                                                                                                            <ele>0</ele>
                                    </trkpt>
                                                                                                                                                                                                                                    <trkpt lat="41.36087282554146" lon="69.73013141251944">
                                                                                                            <ele>0</ele>
                                    </trkpt>
                                                                                                                                                                                                                                    <trkpt lat="41.36086978241559" lon="69.73001484504775">
                                                                                                            <ele>0</ele>
                                    </trkpt>
                                                                                                                                                                                                                                    <trkpt lat="41.36077385046878" lon="69.72920221610312">
                                                                                                            <ele>0</ele>
                                    </trkpt>
                                                                                                                                                                                                                                    <trkpt lat="41.36075837287644" lon="69.7288760112566">
                                                                                                            <ele>0</ele>
                                    </trkpt>
                                                                                                                                                                                                                                    <trkpt lat="41.36078861473458" lon="69.72872575491991">
                                                                                                            <ele>0</ele>
                                    </trkpt>
                                                                                                                                                                                                                                    <trkpt lat="41.36081310803471" lon="69.7286589976176">
                                                                                                            <ele>0</ele>
                                    </trkpt>
                                                                                                                                                                                                                                    <trkpt lat="41.36099382802081" lon="69.72837107659583">
                                                                                                            <ele>0</ele>
                                    </trkpt>
                                                                                                                                                                                                                                    <trkpt lat="41.36129883284066" lon="69.72803819704978">
                                                                                                            <ele>0</ele>
                                    </trkpt>
                                                                                                                                                                                                                                    <trkpt lat="41.36139243624177" lon="69.72789469361349">
                                                                                                            <ele>0</ele>
                                    </trkpt>
                                                                                                                                                                                                                                    <trkpt lat="41.36160304746073" lon="69.72766147500931">
                                                                                                            <ele>0</ele>
                                    </trkpt>
                                                                                                                                                                                                                                    <trkpt lat="41.36181239678104" lon="69.72736678942886">
                                                                                                            <ele>0</ele>
                                    </trkpt>
                                                                                                                                                                                                                                    <trkpt lat="41.36201412476581" lon="69.72700834648029">
                                                                                                            <ele>0</ele>
                                    </trkpt>
                                                                                                                                                                                                                                    <trkpt lat="41.3622546468528" lon="69.72651443911084">
                                                                                                            <ele>0</ele>
                                    </trkpt>
                                                                                                                                                                                                                                    <trkpt lat="41.36251360602555" lon="69.72610325359256">
                                                                                                            <ele>0</ele>
                                    </trkpt>
                                                                                                                                                                                                                                    <trkpt lat="41.36280888814369" lon="69.72571273402762">
                                                                                                            <ele>0</ele>
                                    </trkpt>
                                                                                                                                                                                                                                    <trkpt lat="41.36297897617105" lon="69.7253054917486">
                                                                                                            <ele>0</ele>
                                    </trkpt>
                                                                                                                                                                                                                                    <trkpt lat="41.36315941099178" lon="69.72479897936104">
                                                                                                            <ele>0</ele>
                                    </trkpt>
                                                                                                                                                                                                                                    <trkpt lat="41.36329789664518" lon="69.72426908494511">
                                                                                                            <ele>0</ele>
                                    </trkpt>
                                                                                                                                                                                                                                    <trkpt lat="41.36340958432702" lon="69.72393950380847">
                                                                                                            <ele>0</ele>
                                    </trkpt>
                                                                                                                                                                                                                                    <trkpt lat="41.36382789356969" lon="69.72320377243534">
                                                                                                            <ele>0</ele>
                                    </trkpt>
                                                                                                                                                                                                                                    <trkpt lat="41.36386329606727" lon="69.72311785397963">
                                                                                                            <ele>0</ele>
                                    </trkpt>
                                                                                                                                                                                                                                    <trkpt lat="41.36389930165932" lon="69.72292079917166">
                                                                                                            <ele>0</ele>
                                    </trkpt>
                                                                                                                                                                                                                                    <trkpt lat="41.36389764311858" lon="69.72267046017261">
                                                                                                            <ele>0</ele>
                                    </trkpt>
                                                                                                                                                                                                                                    <trkpt lat="41.36388255042539" lon="69.72253757612394">
                                                                                                            <ele>0</ele>
                                    </trkpt>
                                                                                                                                                                                                                                    <trkpt lat="41.36390261516863" lon="69.72240637950162">
                                                                                                            <ele>0</ele>
                                    </trkpt>
                                                                                                                                                                                                                                    <trkpt lat="41.36392753634833" lon="69.72231232117103">
                                                                                                            <ele>0</ele>
                                    </trkpt>
                                                                                                                                                                                                                                    <trkpt lat="41.36406658892892" lon="69.72200471155014">
                                                                                                            <ele>0</ele>
                                    </trkpt>
                                                                                                                                                                                                                                    <trkpt lat="41.36411939131748" lon="69.72184213888227">
                                                                                                            <ele>0</ele>
                                    </trkpt>
                                                                                                                                                                                                                                    <trkpt lat="41.36423641957452" lon="69.721232877497">
                                                                                                            <ele>0</ele>
                                    </trkpt>
                                                                                                                                                                                                                                    <trkpt lat="41.36434136267793" lon="69.72060495738737">
                                                                                                            <ele>0</ele>
                                    </trkpt>
                                                                                                                                                                                                                                    <trkpt lat="41.36442373669987" lon="69.71991679916397">
                                                                                                            <ele>0</ele>
                                    </trkpt>
                                                                                                                                                                                                                                    <trkpt lat="41.36445735437522" lon="69.71944882695749">
                                                                                                            <ele>0</ele>
                                    </trkpt>
                                                                                                                                                                                                                                    <trkpt lat="41.36452235551394" lon="69.71914768690765">
                                                                                                            <ele>0</ele>
                                    </trkpt>
                                                                                                                                                                                                                                    <trkpt lat="41.3645453884359" lon="69.71888984321292">
                                                                                                            <ele>0</ele>
                                    </trkpt>
                                                                                                                                                                                                                                    <trkpt lat="41.36462614329164" lon="69.71863213668296">
                                                                                                            <ele>0</ele>
                                    </trkpt>
                                                                                                                                                                                                                                    <trkpt lat="41.36471435090094" lon="69.71858225905879">
                                                                                                            <ele>0</ele>
                                    </trkpt>
                                                                                                                                                                                                                                    <trkpt lat="41.365181399064" lon="69.71856326038255">
                                                                                                            <ele>0</ele>
                                    </trkpt>
                                                                                                                                                                                                                                    <trkpt lat="41.36558653284526" lon="69.71880091962473">
                                                                                                            <ele>0</ele>
                                    </trkpt>
                                                                                                                                                                                                                                    <trkpt lat="41.36584853895945" lon="69.71897920778223">
                                                                                                            <ele>0</ele>
                                    </trkpt>
                                                                                                                                                                                                                                    <trkpt lat="41.36634775419007" lon="69.71924766578965">
                                                                                                            <ele>0</ele>
                                    </trkpt>
                                                                                                                                                                                                                                    <trkpt lat="41.36730201024842" lon="69.71915916130514">
                                                                                                            <ele>0</ele>
                                    </trkpt>
                                                                                                                                                                                                                                    <trkpt lat="41.36762644144088" lon="69.71919366076348">
                                                                                                            <ele>0</ele>
                                    </trkpt>
                                                                                                                                                                                                                                    <trkpt lat="41.3700976676391" lon="69.71915644649556">
                                                                                                            <ele>0</ele>
                                    </trkpt>
                                                                                                                                                                                                                                    <trkpt lat="41.37138741827834" lon="69.71881968373731">
                                                                                                            <ele>0</ele>
                                    </trkpt>
                                                                                                                                                                                                                                    <trkpt lat="41.37201978275397" lon="69.71910197306281">
                                                                                                            <ele>0</ele>
                                    </trkpt>
                                                                                                                                                                                                                                    <trkpt lat="41.37368885538242" lon="69.72013181316771">
                                                                                                            <ele>0</ele>
                                    </trkpt>
                                                                                                            
                    </trkseg>
                </trk>
                                                            
    
</gpx>